date,available_supply
2009-01-08,0.33464254621423
2009-01-09,5.0196381932135
2009-01-10,25.432833512282
2009-01-11,56.554590310205
2009-01-12,92.373473557287
2009-01-13,133.49969534555
2009-01-14,176.65077557503
2009-01-15,241.2472260288
2009-01-16,267.51179343571
2009-01-17,302.44051499134
2009-01-18,338.23600587029
2009-01-19,369.07860584853
2009-01-20,407.2202255826
2009-01-21,441.34812933925
2009-01-22,471.79566265139
2009-01-23,499.90196227036
2009-01-24,567.15699286567
2009-01-25,631.06749141861
2009-01-26,663.19075805008
2009-01-27,695.64870724869
2009-01-28,733.12673787962
2009-01-29,773.61655734864
2009-01-30,812.76787237577
2009-01-31,868.87974681777
2009-02-01,920.22709664589
2009-02-02,969.89476140434
2009-02-03,1076.9375686828
2009-02-04,1116.5307994774
2009-02-05,1158.3782108425
2009-02-06,1199.1362949353
2009-02-07,1242.2319071634
2009-02-08,1275.9196145481
2009-02-09,1320.7125277779
2009-02-10,1360.848116716
2009-02-11,1405.3350335876
2009-02-12,1445.1481559449
2009-02-13,1486.6349935471
2009-02-14,1532.1376214029
2009-02-15,1574.9637574099
2009-02-16,1615.7820198767
2009-02-17,1654.9280664418
2009-02-18,1694.4083918491
2009-02-19,1735.897544643
2009-02-20,1776.7175678199
2009-02-21,1814.8606728115
2009-02-22,1855.3468100358
2009-02-23,1891.4827065236
2009-02-24,1926.9495496373
2009-02-25,1962.0820244328
2009-02-26,1997.8836022847
2009-02-27,2036.3629049297
2009-02-28,2069.4879018911
2009-03-01,2104.6210807228
2009-03-02,2140.7581612929
2009-03-03,2175.8916584765
2009-03-04,2210.7374234617
2009-03-05,2248.2136055083
2009-03-06,2287.3632556035
2009-03-07,2323.8359624588
2009-03-08,2362.3163312828
2009-03-09,2398.4545798306
2009-03-10,2434.2582857779
2009-03-11,2472.4045848068
2009-03-12,2511.889578019
2009-03-13,2549.7011222221
2009-03-14,2586.5091190985
2009-03-15,2627.6673971114
2009-03-16,2668.1565328391
2009-03-17,2706.3032194308
2009-03-18,2744.4498987744
2009-03-19,2785.273902279
2009-03-20,2824.7594029839
2009-03-21,2841.4910121823
2009-03-22,2881.311385114
2009-03-23,2924.8124881087
2009-03-24,2959.9478373748
2009-03-25,2999.0989767053
2009-03-26,3038.2500339643
2009-03-27,3073.7202783929
2009-03-28,3113.5407932468
2009-03-29,3152.3574307956
2009-03-30,3192.5128087618
2009-03-31,3229.3216631604
2009-04-01,3267.4691529978
2009-04-02,3305.9513475074
2009-04-03,3344.7682989999
2009-04-04,3382.5813587987
2009-04-05,3426.0832183838
2009-04-06,3462.5577454633
2009-04-07,3496.0204564072
2009-04-08,3531.1564814014
2009-04-09,3564.284779038
2009-04-10,3600.4248075238
2009-04-11,3640.5805294266
2009-04-12,3680.0669060948
2009-04-13,3718.5494616341
2009-04-14,3760.0438431957
2009-04-15,3797.8572544217
2009-04-16,3839.0170455322
2009-04-17,3876.4958618955
2009-04-18,3989.7459833053
2009-04-19,4029.5666431413
2009-04-20,4069.3874767417
2009-04-21,4110.5468137052
2009-04-22,4151.0368602547
2009-04-23,4176.1339415197
2009-04-24,4214.6161506076
2009-04-25,4254.1024101123
2009-04-26,4291.5808429269
2009-04-27,4326.3821631807
2009-04-28,4365.533948767
2009-04-29,4408.3666081962
2009-04-30,4452.203193087
2009-05-01,4492.6935121444
2009-05-02,4536.2874469216
2009-05-03,4596.4237527875
2009-05-04,4639.2565937481
2009-05-05,4684.43197268
2009-05-06,4729.6074198527
2009-05-07,4770.4326083987
2009-05-08,4806.2381919706
2009-05-09,4832.3396264386
2009-05-10,4860.7834385525
2009-05-11,4950.1779287013
2009-05-12,4993.6801738652
2009-05-13,5030.9671025166
2009-05-14,5077.4791469872
2009-05-15,5122.9893321935
2009-05-16,5162.8106650398
2009-05-17,5205.309043336
2009-05-18,5244.7957213939
2009-05-19,5273.5741844455
2009-05-20,5313.7302388875
2009-05-21,5341.1701527841
2009-05-22,5361.5827462361
2009-05-23,5372.2909795401
2009-05-24,5405.7543629166
2009-05-25,5442.2293696968
2009-05-26,5484.0586953335
2009-05-27,5523.8802576564
2009-05-28,5555.6704219696
2009-05-29,5591.141601479
2009-05-30,5627.616711235
2009-05-31,5659.7416378593
2009-06-01,5683.501985446
2009-06-02,5720.6463208378
2009-06-03,5744.4053121416
2009-06-04,5766.4911069729
2009-06-05,5776.5301337688
2009-06-06,5785.8998665456
2009-06-07,5791.2540184283
2009-06-08,5818.694214095
2009-06-09,5849.1461089298
2009-06-10,5876.5862744321
2009-06-11,5906.3689613267
2009-06-12,5935.1477341341
2009-06-13,5961.2493327623
2009-06-14,5985.3432394232
2009-06-15,6013.452691505
2009-06-16,6037.2118317804
2009-06-17,6063.6480614946
2009-06-18,6090.4189565383
2009-06-19,6119.5323716666
2009-06-20,6145.6340345475
2009-06-21,6172.7395844193
2009-06-22,6198.1719695065
2009-06-23,6223.6029852441
2009-06-24,6255.3918035917
2009-06-25,6278.146710874
2009-06-26,6308.2639787633
2009-06-27,6327.5371836592
2009-06-28,6367.5958536123
2009-06-29,6437.5006582958
2009-06-30,6423.8148553052
2009-07-01,6448.5780197597
2009-07-02,6478.4986817671
2009-07-03,6505.608847309
2009-07-04,6535.1728000348
2009-07-05,6561.5598892176
2009-07-06,6589.6510085082
2009-07-07,6612.7254013908
2009-07-08,6637.4752125071
2009-07-09,6666.2425353684
2009-07-10,6693.3381177695
2009-07-11,6721.0963013927
2009-07-12,6746.8343576274
2009-07-13,6772.9317236958
2009-07-14,6796.0216390406
2009-07-15,6811.0802847189
2009-07-16,6834.8394902529
2009-07-17,6850.5674318764
2009-07-18,6851.9060020612
2009-07-19,6875.3306357581
2009-07-20,8189.5298044573
2009-07-21,8365.958378004
2009-07-22,8386.036658847
2009-07-23,8709.4340714905
2009-07-24,8882.8363437378
2009-07-25,9092.1628468009
2009-07-26,9397.0747937975
2009-07-27,9670.0161368372
2009-07-28,10080.642038126
2009-07-29,10285.331245491
2009-07-30,10489.265340193
2009-07-31,10643.516918063
2009-08-01,11097.94639538
2009-08-02,11500.09170601
2009-08-03,11749.849696925
2009-08-04,12021.909227232
2009-08-05,12392.285986072
2009-08-06,12857.402754103
2009-08-07,7998.4223112998
2009-08-08,8273.5179557346
2009-08-09,8754.3004988108
2009-08-10,9127.0512324499
2009-08-11,9150.4758682051
2009-08-12,9221.222511919
2009-08-13,9597.3160148116
2009-08-14,9668.0619873812
2009-08-15,9676.7626935828
2009-08-16,9683.1209019606
2009-08-17,9688.8098252465
2009-08-18,9692.1562507085
2009-08-19,9698.1798165403
2009-08-20,9705.5419525572
2009-08-21,9710.2269482042
2009-08-22,9712.5694460275
2009-08-23,9717.5890842208
2009-08-24,9722.6086645436
2009-08-25,9739.3405290665
2009-08-26,7471.2832127588
2009-08-27,7480.9877830644
2009-08-28,7506.0856512608
2009-08-29,7532.1874303855
2009-08-30,7564.6474139842
2009-08-31,7593.4263628563
2009-09-01,7619.5281855955
2009-09-02,7641.6142995593
2009-09-03,7662.0271904124
2009-09-04,7683.4440711627
2009-09-05,7708.8765796029
2009-09-06,7731.6319677276
2009-09-07,7757.7337713859
2009-09-08,7780.8238059506
2009-09-09,7798.8942334596
2009-09-10,7821.3149690512
2009-09-11,7843.7357298248
2009-09-12,7866.825783195
2009-09-13,7891.9236706817
2009-09-14,7916.6869005528
2009-09-15,7931.410997171
2009-09-16,7955.5049789462
2009-09-17,8033.1607870583
2009-09-18,8059.2626110041
2009-09-19,8084.0258556092
2009-09-20,8110.1276614412
2009-09-21,8133.2177353767
2009-09-22,8141.5837718516
2009-09-23,8153.6307786908
2009-09-24,8186.0908354819
2009-09-25,8315.8736846666
2009-09-26,8349.3376669588
2009-09-27,8378.4512713158
2009-09-28,8555.8914782607
2009-09-29,8784.0005171942
2009-09-30,8961.4399137737
2009-10-01,9187.539000662
2009-10-02,9608.9398123152
2009-10-03,10174.579165384
2009-10-04,10390.900770845
2009-10-05,10558.218534202
2009-10-06,10919.933939779
2009-10-07,11287.030036484
2009-10-08,11805.22393403
2009-10-09,12029.400725201
2009-10-10,12251.832022287
2009-10-11,12620.050183912
2009-10-12,19350.465334453
2009-10-13,19518.920228439
2009-10-14,19930.465883921
2009-10-15,20357.449914137
2009-10-16,20701.320094067
2009-10-17,20811.498694811
2009-10-18,20747.354044924
2009-10-19,20762.744437579
2009-10-20,15918.54604335
2009-10-21,14986.027114705
2009-10-22,15016.144835914
2009-10-23,15024.202295363
2009-10-24,15023.288973893
2009-10-25,15027.126143316
2009-10-26,15050.8856664
2009-10-27,15029.312093998
2009-10-28,15051.398395085
2009-10-29,15024.074897085
2009-10-30,15044.153328897
2009-10-31,15059.546871531
2009-11-01,15067.912935186
2009-11-02,15078.956047537
2009-11-03,15057.267417879
2009-11-04,15078.349811793
2009-11-05,15097.424341022
2009-11-06,15118.172083194
2009-11-07,15141.262318633
2009-11-08,15165.691153042
2009-11-09,15187.108176149
2009-11-10,15213.210195134
2009-11-11,15234.627294407
2009-11-12,15256.713636208
2009-11-13,15283.484907714
2009-11-14,15309.921532382
2009-11-15,15320.936131533
2009-11-16,15311.392723361
2009-11-17,15342.179688449
2009-11-18,15306.167058776
2009-11-19,15288.337363107
2009-11-20,15195.217249596
2009-11-21,15179.647050552
2009-11-22,15215.118999869
2009-11-23,15187.851376395
2009-11-24,15179.784915518
2009-11-25,15151.736979109
2009-11-26,15141.483387863
2009-11-27,15128.21602582
2009-11-28,15133.085238734
2009-11-29,15134.356953436
2009-11-30,15140.732036311
2009-12-01,19717.932702595
2009-12-02,19749.388959949
2009-12-03,19778.837371339
2009-12-04,19790.884503003
2009-12-05,19812.301621545
2009-12-06,19846.769702384
2009-12-07,19884.249509311
2009-12-08,19919.386840877
2009-12-09,19960.893825132
2009-12-10,20045.361851268
2009-12-11,20132.506973126
2009-12-12,24329.806972476
2009-12-13,25150.594640298
2009-12-14,25824.975966517
2009-12-15,22418.095463065
2009-12-16,22221.141655342
2009-12-17,22086.990407094
2009-12-18,21980.322935327
2009-12-19,21866.79764348
2009-12-20,21854.806449173
2009-12-21,21816.82388523
2009-12-22,21750.889953854
2009-12-23,21718.010356484
2009-12-24,21704.589725219
2009-12-25,21729.449508288
2009-12-26,21729.84895826
2009-12-27,21759.962607764
2009-12-28,21787.034068135
2009-12-29,21819.187759011
2009-12-30,21847.670436196
2009-12-31,21893.850993324
2010-01-01,21914.41691789
2010-01-02,21932.234388018
2010-01-03,21979.568435463
2010-01-04,22015.940681494
2010-01-05,22067.797039597
2010-01-06,22107.295629561
2010-01-07,22143.338373247
2010-01-08,22182.619699589
2010-01-09,22217.02781697
2010-01-10,22262.362331242
2010-01-11,22302.918701264
2010-01-12,22545.59225026
2010-01-13,22594.347233081
2010-01-14,22635.010229208
2010-01-15,22482.798338102
2010-01-16,22523.703372778
2010-01-17,22567.432037895
2010-01-18,22609.262305785
2010-01-19,22650.733355518
2010-01-20,22703.549567605
2010-01-21,22762.799991942
2010-01-22,22807.296442971
2010-01-23,22861.823648659
2010-01-24,22913.355607908
2010-01-25,23583.63520566
2010-01-26,23062.831854722
2010-01-27,23116.818962749
2010-01-28,23175.071548765
2010-01-29,23240.324228967
2010-01-30,23309.952131948
2010-01-31,23364.989940633
2010-02-01,23426.488658076
2010-02-02,23474.971588256
2010-02-03,23565.263730047
2010-02-04,23641.843934246
2010-02-05,43057.930165482
2010-02-06,43231.63752906
2010-02-07,43405.483914239
2010-02-08,44299.327174719
2010-02-09,44498.417108078
2010-02-10,44670.226642047
2010-02-11,44793.971255601
2010-02-12,45024.657791104
2010-02-13,45713.409856856
2010-02-14,51669.267801543
2010-02-15,51817.144453677
2010-02-16,52060.641854773
2010-02-17,51895.218202111
2010-02-18,52096.416478256
2010-02-19,52291.705573666
2010-02-20,52491.774285037
2010-02-21,52665.379837123
2010-02-22,53463.471631587
2010-02-23,53761.128203623
2010-02-24,56881.163823888
2010-02-25,57673.207953624
2010-02-26,60073.076514693
2010-02-27,60846.091643116
2010-02-28,61392.306423846
2010-03-01,62097.058683837
2010-03-02,62817.695399148
2010-03-03,61816.062330448
2010-03-04,59687.028231962
2010-03-05,60163.976344188
2010-03-06,64302.268855756
2010-03-07,62570.708445153
2010-03-08,71329.225785022
2010-03-09,75654.769328683
2010-03-10,78467.115186151
2010-03-11,81423.213495404
2010-03-12,82139.769333013
2010-03-13,82767.142781389
2010-03-14,83212.201914114
2010-03-15,83646.896298334
2010-03-16,84277.143404328
2010-03-17,84761.661571791
2010-03-18,85384.262502286
2010-03-19,89968.817807395
2010-03-20,92025.440905842
2010-03-21,92559.466552703
2010-03-22,93191.011587793
2010-03-23,93913.486742706
2010-03-24,95114.144333733
2010-03-25,88172.736764414
2010-03-26,88592.228267248
2010-03-27,88707.117407776
2010-03-28,89417.299483269
2010-03-29,89692.690156972
2010-03-30,90261.29076651
2010-03-31,91026.085329751
2010-04-01,92013.464684862
2010-04-02,92363.632086976
2010-04-03,93836.634920637
2010-04-04,94660.847202051
2010-04-05,96089.655187506
2010-04-06,96833.89781465
2010-04-07,97653.027613407
2010-04-08,102343.8831266
2010-04-09,101965.59264888
2010-04-10,103457.91387287
2010-04-11,106414.13239353
2010-04-12,107466.43722601
2010-04-13,108601.15402468
2010-04-14,108332.03143547
2010-04-15,102171.03458238
2010-04-16,115495.76501837
2010-04-17,115029.98174284
2010-04-18,116193.0305054
2010-04-19,112946.41402374
2010-04-20,113618.36213214
2010-04-21,114286.08857431
2010-04-22,113026.51467075
2010-04-23,113356.27089224
2010-04-24,113757.20234483
2010-04-25,117528.96622704
2010-04-26,122356.57661985
2010-04-27,134667.26230261
2010-04-28,134593.22138345
2010-04-29,135029.50026248
2010-04-30,132656.2917194
2010-05-01,132941.50792337
2010-05-02,133197.16564605
2010-05-03,133170.36741049
2010-05-04,139535.04815605
2010-05-05,145396.56706443
2010-05-06,147746.2409101
2010-05-07,149352.37867167
2010-05-08,154764.59309075
2010-05-09,156823.06294285
2010-05-10,160467.2934491
2010-05-11,162333.34890008
2010-05-12,163537.50713653
2010-05-13,164272.42833876
2010-05-14,169790.04748731
2010-05-15,171855.04009872
2010-05-16,173149.09422063
2010-05-17,174540.52579257
2010-05-18,174995.80548987
2010-05-19,168863.20217003
2010-05-20,170218.40482398
2010-05-21,155341.2643328
2010-05-22,172022.13435736
2010-05-23,183087.20427654
2010-05-24,185132.07860325
2010-05-25,187710.93624321
2010-05-26,194291.52568816
2010-05-27,194537.23952626
2010-05-28,176923.28683578
2010-05-29,189063.15855119
2010-05-30,189621.7430826
2010-05-31,192481.4337043
2010-06-01,194784.65474072
2010-06-02,197642.16774456
2010-06-03,200212.82640924
2010-06-04,199401.99831524
2010-06-05,200137.12163656
2010-06-06,200781.38530237
2010-06-07,205064.10205794
2010-06-08,211176.3413434
2010-06-09,229632.77106907
2010-06-10,221349.01863706
2010-06-11,225564.36064939
2010-06-12,226583.74033376
2010-06-13,228742.72151891
2010-06-14,234457.59083392
2010-06-15,238117.01762849
2010-06-16,240099.52982093
2010-06-17,240493.02968932
2010-06-18,236828.0511076
2010-06-19,259905.75076679
2010-06-20,260445.18300574
2010-06-21,260410.34013172
2010-06-22,257750.73993506
2010-06-23,248323.36472307
2010-06-24,237692.23993483
2010-06-25,230788.75325121
2010-06-26,254602.13968631
2010-06-27,256221.23572459
2010-06-28,255664.19366963
2010-06-29,267996.87093631
2010-06-30,253313.06992736
2010-07-01,261392.65508761
2010-07-02,285508.19417954
2010-07-03,277584.74851985
2010-07-04,273717.5889315
2010-07-05,256491.8215517
2010-07-06,261481.47209984
2010-07-07,269600.428276
2010-07-08,271395.06485954
2010-07-09,274256.57858221
2010-07-10,279802.26185124
2010-07-11,282773.41601352
2010-07-12,276894.3418172
2010-07-13,284733.8910762
2010-07-14,266640.61811412
2010-07-15,284565.01739336
2010-07-16,281039.05580543
2010-07-17,288529.97383391
2010-07-18,299326.81808982
2010-07-19,321577.21413206
2010-07-20,324254.34347618
2010-07-21,331309.14422246
2010-07-22,326460.09749168
2010-07-23,333397.94182112
2010-07-24,348572.74165568
2010-07-25,346159.8787093
2010-07-26,344713.57124389
2010-07-27,347868.1488414
2010-07-28,307422.36355162
2010-07-29,307367.75990906
2010-07-30,305607.10766205
2010-07-31,305799.84253714
2010-08-01,310060.05940207
2010-08-02,312280.18508328
2010-08-03,314011.97432099
2010-08-04,314947.53532017
2010-08-05,324144.81739233
2010-08-06,323355.50886706
2010-08-07,321210.5276813
2010-08-08,322675.65620792
2010-08-09,324779.41370082
2010-08-10,329527.08540799
2010-08-11,336675.58894153
2010-08-12,333002.97615087
2010-08-13,335073.26075216
2010-08-14,336295.71179425
2010-08-15,336221.29443594
2010-08-16,333957.61913947
2010-08-17,339291.51903956
2010-08-18,340398.34839591
2010-08-19,343289.80515486
2010-08-20,339665.4299031
2010-08-21,328306.61915007
2010-08-22,330583.59953891
2010-08-23,334166.93980024
2010-08-24,340964.30616191
2010-08-25,340514.00838316
2010-08-26,337914.39413133
2010-08-27,333486.49257872
2010-08-28,332723.51071302
2010-08-29,330667.75680705
2010-08-30,330028.50446409
2010-08-31,346678.7678971
2010-09-01,345187.33537699
2010-09-02,352663.58445073
2010-09-03,354298.73069768
2010-09-04,352601.36860566
2010-09-05,350200.75287438
2010-09-06,355632.8902632
2010-09-07,356293.11651801
2010-09-08,359054.70890615
2010-09-09,359558.76784106
2010-09-10,360583.76752874
2010-09-11,363089.9310264
2010-09-12,364924.10275345
2010-09-13,372953.99295277
2010-09-14,368966.76726012
2010-09-15,369361.40031442
2010-09-16,374760.59893392
2010-09-17,378519.96027895
2010-09-18,372624.20617874
2010-09-19,373501.25306182
2010-09-20,372713.19394634
2010-09-21,373595.24378593
2010-09-22,364400.38696696
2010-09-23,392975.6803809
2010-09-24,393781.60453317
2010-09-25,391930.56622151
2010-09-26,401674.17402453
2010-09-27,408339.47826739
2010-09-28,403157.39968006
2010-09-29,403124.60344013
2010-09-30,409040.87472116
2010-10-01,436092.58180579
2010-10-02,373707.51076064
2010-10-03,377842.39044651
2010-10-04,391556.87240601
2010-10-05,404082.13121094
2010-10-06,442674.10325186
2010-10-07,456811.34090103
2010-10-08,447298.36078562
2010-10-09,465948.50922929
2010-10-10,453621.97632592
2010-10-11,458910.67736815
2010-10-12,459172.71340443
2010-10-13,459151.48985457
2010-10-14,500979.38501293
2010-10-15,461151.60705811
2010-10-16,482570.7999496
2010-10-17,489628.89625054
2010-10-18,486565.01901731
2010-10-19,488591.69246446
2010-10-20,483601.25991752
2010-10-21,487531.23503932
2010-10-22,496501.44069576
2010-10-23,503306.81837146
2010-10-24,484895.88998244
2010-10-25,491671.53952411
2010-10-26,496998.06163504
2010-10-27,483807.75384187
2010-10-28,468614.83179448
2010-10-29,467722.69120638
2010-10-30,481835.35312795
2010-10-31,474873.27433595
2010-11-01,482921.53367371
2010-11-02,495833.53702923
2010-11-03,492954.51006887
2010-11-04,433620.88490126
2010-11-05,438951.04599041
2010-11-06,415674.87733491
2010-11-07,425715.53386861
2010-11-08,375297.28143185
2010-11-09,378297.77457373
2010-11-10,382987.07807362
2010-11-11,381589.19491703
2010-11-12,383391.1296835
2010-11-13,378363.13898153
2010-11-14,390896.62837412
2010-11-15,381927.40111097
2010-11-16,386271.24625895
2010-11-17,389317.92735568
2010-11-18,393794.04634355
2010-11-19,397517.95433304
2010-11-20,398288.34682495
2010-11-21,405048.80850685
2010-11-22,402459.88229636
2010-11-23,416463.80376535
2010-11-24,422902.60780399
2010-11-25,447658.90766192
2010-11-26,440292.02103978
2010-11-27,444505.26440946
2010-11-28,444073.42339825
2010-11-29,441251.9600533
2010-11-30,449414.8611147
2010-12-01,459506.28862221
2010-12-02,484262.83876488
2010-12-03,495548.40277619
2010-12-04,478347.11371665
2010-12-05,482021.83910001
2010-12-06,455244.06950864
2010-12-07,457731.08306543
2010-12-08,457780.39042486
2010-12-09,466944.76582777
2010-12-10,469706.24868886
2010-12-11,461992.26127831
2010-12-12,463524.26878834
2010-12-13,477934.9028946
2010-12-14,482854.92143342
2010-12-15,496047.17701029
2010-12-16,495246.91728105
2010-12-17,495482.92220237
2010-12-18,493363.53629105
2010-12-19,457596.14754188
2010-12-20,467700.6988187
2010-12-21,498489.68911003
2010-12-22,500236.08099899
2010-12-23,502229.77580854
2010-12-24,503645.42302107
2010-12-25,499871.75723657
2010-12-26,501097.30076811
2010-12-27,512698.19560592
2010-12-28,505517.82924848
2010-12-29,507186.19399039
2010-12-30,509450.77872992
2010-12-31,514178.27777077
2011-01-01,516852.52131492
2011-01-02,523038.51212572
2011-01-03,526512.44628842
2011-01-04,525692.91733121
2011-01-05,526635.74874629
2011-01-06,532276.0135892
2011-01-07,534660.58873187
2011-01-08,545674.83116524
2011-01-09,548439.44652069
2011-01-10,568413.80809248
2011-01-11,532095.15961932
2011-01-12,531869.55552697
2011-01-13,524973.00380885
2011-01-14,525617.63556553
2011-01-15,528100.05556704
2011-01-16,541807.66366219
2011-01-17,542349.27339057
2011-01-18,537045.47311085
2011-01-19,549454.03403349
2011-01-20,534662.85111287
2011-01-21,538066.60244688
2011-01-22,538119.81524169
2011-01-23,548434.5385459
2011-01-24,542586.99279271
2011-01-25,538667.04791092
2011-01-26,554960.73004784
2011-01-27,560043.9912158
2011-01-28,567585.7600905
2011-01-29,558267.6325771
2011-01-30,559793.5757299
2011-01-31,562731.96058331
2011-02-01,568147.85407902
2011-02-02,548563.31834307
2011-02-03,552454.42614001
2011-02-04,564592.73508388
2011-02-05,557179.49321663
2011-02-06,552618.79384908
2011-02-07,590059.17738008
2011-02-08,596899.90577265
2011-02-09,577452.25848935
2011-02-10,578504.17799838
2011-02-11,592597.14646862
2011-02-12,595258.94271551
2011-02-13,593942.05689221
2011-02-14,592075.81530634
2011-02-15,603517.98568632
2011-02-16,604303.19461204
2011-02-17,606505.88089409
2011-02-18,603935.97579902
2011-02-19,605974.9202454
2011-02-20,608050.76531957
2011-02-21,607754.52081941
2011-02-22,617050.37980718
2011-02-23,619781.95246227
2011-02-24,626127.53425414
2011-02-25,626795.04193068
2011-02-26,632489.92623099
2011-02-27,634534.86809662
2011-02-28,675162.97789739
2011-03-01,613353.01757979
2011-03-02,629385.12832322
2011-03-03,636769.33015742
2011-03-04,665809.7320542
2011-03-05,657900.66484379
2011-03-06,666758.86430912
2011-03-07,682890.4632048
2011-03-08,663531.65575891
2011-03-09,665606.08721628
2011-03-10,674121.77513387
2011-03-11,676532.29379428
2011-03-12,676872.22776029
2011-03-13,681130.45137896
2011-03-14,683289.87861367
2011-03-15,668173.93293397
2011-03-16,664089.13383145
2011-03-17,665923.97418928
2011-03-18,668129.27872175
2011-03-19,666482.75464227
2011-03-20,668017.85482779
2011-03-21,667395.73245009
2011-03-22,682056.18272191
2011-03-23,676485.81515751
2011-03-24,670020.77748436
2011-03-25,671714.81655436
2011-03-26,652552.12104215
2011-03-27,653096.3990542
2011-03-28,654580.61091084
2011-03-29,657695.91194589
2011-03-30,661246.66502494
2011-03-31,663180.9744703
2011-04-01,669945.92048362
2011-04-02,675984.79976759
2011-04-03,677379.65150714
2011-04-04,671756.88811719
2011-04-05,670524.06788422
2011-04-06,677915.85941092
2011-04-07,679264.60819093
2011-04-08,685657.02148107
2011-04-09,685720.44029946
2011-04-10,691140.43670543
2011-04-11,689779.78323745
2011-04-12,690944.32474987
2011-04-13,684148.66916191
2011-04-14,684754.90458476
2011-04-15,681878.20946754
2011-04-16,678240.77528542
2011-04-17,739270.69899825
2011-04-18,743229.82308191
2011-04-19,755604.84976588
2011-04-20,851327.72133056
2011-04-21,847484.38063299
2011-04-22,846155.3701914
2011-04-23,843880.44696865
2011-04-24,854021.81522205
2011-04-25,854587.19043436
2011-04-26,861050.22109708
2011-04-27,879462.29265002
2011-04-28,899031.85871806
2011-04-29,948341.62956438
2011-04-30,768771.60996005
2011-05-01,767643.96696165
2011-05-02,770365.29751371
2011-05-03,749648.6044023
2011-05-04,675173.10625348
2011-05-05,673384.33005741
2011-05-06,683354.10967329
2011-05-07,684521.14317491
2011-05-08,682528.4657098
2011-05-09,686471.18865042
2011-05-10,684579.63072581
2011-05-11,687947.01444392
2011-05-12,688842.83927972
2011-05-13,683083.14916492
2011-05-14,683862.14831332
2011-05-15,600993.86726138
2011-05-16,599653.42849632
2011-05-17,593426.09965618
2011-05-18,610286.72269224
2011-05-19,627714.27925268
2011-05-20,628053.61918097
2011-05-21,629808.64174511
2011-05-22,633438.87708517
2011-05-23,647264.17265474
2011-05-24,651390.38087148
2011-05-25,649482.82190713
2011-05-26,649257.84840331
2011-05-27,648769.24703684
2011-05-28,650467.4430483
2011-05-29,643000.86933374
2011-05-30,635633.9994437
2011-05-31,636102.96254652
2011-06-01,642063.18799031
2011-06-02,632564.26617399
2011-06-03,621420.35170031
2011-06-04,615482.67086465
2011-06-05,646453.57419525
2011-06-06,647769.56216608
2011-06-07,650627.8647821
2011-06-08,653178.41706131
2011-06-09,651114.89547012
2011-06-10,802324.93771351
2011-06-11,798509.6207344
2011-06-12,972203.98160831
2011-06-13,983308.64944981
2011-06-14,946318.03409409
2011-06-15,941603.74971668
2011-06-16,935258.37835647
2011-06-17,946492.74255854
2011-06-18,953333.63558561
2011-06-19,635097.49321584
2011-06-20,633358.4607802
2011-06-21,639127.01726835
2011-06-22,644826.66910707
2011-06-23,648472.00865588
2011-06-24,640811.25293363
2011-06-25,646725.80582007
2011-06-26,648691.54597614
2011-06-27,637676.70870481
2011-06-28,635248.11533244
2011-06-29,652459.09301903
2011-06-30,634608.60412887
2011-07-01,639039.4139188
2011-07-02,640843.42795073
2011-07-03,643240.70611636
2011-07-04,646524.70735123
2011-07-05,641218.01791172
2011-07-06,648482.73789108
2011-07-07,650227.36950727
2011-07-08,653467.09743736
2011-07-09,661659.58124554
2011-07-10,661148.06979603
2011-07-11,663804.88413362
2011-07-12,666483.31206916
2011-07-13,669416.81419559
2011-07-14,675246.28708781
2011-07-15,676464.00934796
2011-07-16,679708.18722883
2011-07-17,679531.64017553
2011-07-18,701678.43094706
2011-07-19,702298.03302796
2011-07-20,704529.2000651
2011-07-21,703910.92564337
2011-07-22,710561.22214345
2011-07-23,714490.44830195
2011-07-24,715926.20024557
2011-07-25,720954.24881505
2011-07-26,723364.75008671
2011-07-27,723568.81924042
2011-07-28,724320.12916225
2011-07-29,708638.66499763
2011-07-30,708263.65623027
2011-07-31,710471.13452815
2011-08-01,713831.13839474
2011-08-02,721266.26664184
2011-08-03,738090.64777366
2011-08-04,766897.96932036
2011-08-05,743828.0732906
2011-08-06,765474.60513155
2011-08-07,758567.36804116
2011-08-08,766719.38759656
2011-08-09,804276.73461643
2011-08-10,806894.5286974
2011-08-11,814156.02824112
2011-08-12,813411.49666549
2011-08-13,819299.4901999
2011-08-14,817338.72065908
2011-08-15,823991.32715313
2011-08-16,828211.64327077
2011-08-17,801314.35944246
2011-08-18,806917.50887389
2011-08-19,811514.20732303
2011-08-20,819025.25647846
2011-08-21,823209.41500413
2011-08-22,835188.47546683
2011-08-23,839364.4042905
2011-08-24,863334.35591613
2011-08-25,886593.89886123
2011-08-26,903861.88829925
2011-08-27,742276.89174046
2011-08-28,746120.4965391
2011-08-29,753200.27768132
2011-08-30,756521.86479776
2011-08-31,758707.52459589
2011-09-01,777994.91099204
2011-09-02,773852.48368009
2011-09-03,785699.78874263
2011-09-04,764189.86416935
2011-09-05,783617.55105509
2011-09-06,796117.71419061
2011-09-07,747344.2570085
2011-09-08,753025.66268824
2011-09-09,748807.83609514
2011-09-10,745007.47757089
2011-09-11,751486.56541884
2011-09-12,731098.69237221
2011-09-13,732271.24539795
2011-09-14,734581.26643362
2011-09-15,752222.96301494
2011-09-16,745143.86734206
2011-09-17,750266.10907154
2011-09-18,783122.53720464
2011-09-19,790187.10910174
2011-09-20,805968.75124286
2011-09-21,762720.69435462
2011-09-22,770024.85560446
2011-09-23,771404.82102255
2011-09-24,778364.59113751
2011-09-25,798972.26590366
2011-09-26,803776.79917944
2011-09-27,813684.01072212
2011-09-28,817222.34459715
2011-09-29,820617.55248585
2011-09-30,824858.88421263
2011-10-01,813436.66444207
2011-10-02,810331.38419442
2011-10-03,813181.42605725
2011-10-04,819158.47153467
2011-10-05,825416.80387796
2011-10-06,817578.99229026
2011-10-07,817323.61560296
2011-10-08,822047.58993184
2011-10-09,825016.18881715
2011-10-10,823886.20672316
2011-10-11,831052.33448528
2011-10-12,830436.59894414
2011-10-13,843184.39585576
2011-10-14,850211.8955615
2011-10-15,849002.97997702
2011-10-16,844775.70061063
2011-10-17,846789.13416922
2011-10-18,845412.56684723
2011-10-19,841430.20398163
2011-10-20,855349.33295614
2011-10-21,849810.19127321
2011-10-22,863022.77183972
2011-10-23,870261.00409737
2011-10-24,878827.70167541
2011-10-25,876739.63257577
2011-10-26,874147.49011537
2011-10-27,882884.72807916
2011-10-28,860467.8276439
2011-10-29,866790.02698163
2011-10-30,867634.03417472
2011-10-31,865007.55985894
2011-11-01,856016.86376144
2011-11-02,855032.03742858
2011-11-03,853103.8230424
2011-11-04,852669.33578988
2011-11-05,869266.445045
2011-11-06,874127.56059351
2011-11-07,876830.70044742
2011-11-08,870696.3225152
2011-11-09,881193.41840802
2011-11-10,874491.07690046
2011-11-11,883970.85715587
2011-11-12,890238.65342029
2011-11-13,905231.05109202
2011-11-14,914486.27292658
2011-11-15,910115.63714955
2011-11-16,1451026.5255775
2011-11-17,927190.50546103
2011-11-18,943873.29626435
2011-11-19,936608.91501528
2011-11-20,1415873.1294089
2011-11-21,914759.66281597
2011-11-22,1411299.9750178
2011-11-23,925083.17163915
2011-11-24,915746.92112303
2011-11-25,935899.70273782
2011-11-26,911272.9845229
2011-11-27,913076.01003455
2011-11-28,1451900.1218368
2011-11-29,973036.46074125
2011-11-30,970922.13286044
2011-12-01,1413198.3216597
2011-12-02,954558.04460979
2011-12-03,1408537.0365803
2011-12-04,1413141.3656041
2011-12-05,1403475.7679824
2011-12-06,966365.12046226
2011-12-07,1401646.5230525
2011-12-08,996795.54964108
2011-12-09,1051885.6876992
2011-12-10,1058282.803186
2011-12-11,1102510.3603215
2011-12-12,1152504.740734
2011-12-13,1170378.9040005
2011-12-14,1189784.3324062
2011-12-15,1190209.969447
2011-12-16,1185507.4351357
2011-12-17,1187797.4098376
2011-12-18,1205679.3507993
2011-12-19,1204866.98525
2011-12-20,1167585.690672
2011-12-21,1161206.5271655
2011-12-22,1141807.9289756
2011-12-23,1128275.4006135
2011-12-24,1139716.8770534
2011-12-25,1150912.6213282
2011-12-26,1172427.7255723
2011-12-27,1195588.1323923
2011-12-28,1202668.2333789
2011-12-29,1203948.1150809
2011-12-30,1205845.2377881
2011-12-31,1210290.1663281
2012-01-01,1213762.2603013
2012-01-02,1214238.0575569
2012-01-03,1219094.1783856
2012-01-04,1208577.7805674
2012-01-05,1236469.430185
2012-01-06,1228066.0192532
2012-01-07,1239864.7789801
2012-01-08,1240044.7396756
2012-01-09,1209799.1312368
2012-01-10,1217743.5724472
2012-01-11,1220056.3049303
2012-01-12,1224439.4652711
2012-01-13,1215541.9565898
2012-01-14,1208277.1846415
2012-01-15,1214155.1413884
2012-01-16,1222778.9497043
2012-01-17,1245830.2236653
2012-01-18,1237822.4965491
2012-01-19,1233931.1928393
2012-01-20,1243591.1078438
2012-01-21,1243087.1032863
2012-01-22,1237203.211116
2012-01-23,1235413.651245
2012-01-24,1241568.2457647
2012-01-25,1238078.3391451
2012-01-26,1251353.8005597
2012-01-27,1244449.1673199
2012-01-28,1235285.9635524
2012-01-29,1237007.0723374
2012-01-30,1235520.0378172
2012-01-31,1237447.5714593
2012-02-01,1262996.761554
2012-02-02,1256312.6890278
2012-02-03,1267060.3510718
2012-02-04,1260168.9003668
2012-02-05,1271037.392231
2012-02-06,1273604.4972961
2012-02-07,1273697.363572
2012-02-08,1277237.3511587
2012-02-09,1283112.9818008
2012-02-10,1288436.362578
2012-02-11,1274851.2363437
2012-02-12,1285760.6051347
2012-02-13,1337236.3475415
2012-02-14,1392351.7686605
2012-02-15,1250659.4672972
2012-02-16,1281174.8016071
2012-02-17,1280491.7755078
2012-02-18,1329892.6834047
2012-02-19,1328900.8038378
2012-02-20,1345263.4751656
2012-02-21,1348122.688775
2012-02-22,1359451.8494711
2012-02-23,1372210.3391479
2012-02-24,1374379.9866186
2012-02-25,1343379.9285586
2012-02-26,1350601.1168266
2012-02-27,1354038.5376561
2012-02-28,1347901.2935507
2012-02-29,1363164.4625329
2012-03-01,1346090.7862018
2012-03-02,1309923.9012414
2012-03-03,1311430.8530746
2012-03-04,1337980.4513424
2012-03-05,1350511.8566706
2012-03-06,1360068.8656315
2012-03-07,1367195.543875
2012-03-08,1366497.2366623
2012-03-09,1372258.3508501
2012-03-10,1371406.0212776
2012-03-11,1376969.2218384
2012-03-12,1378584.0552357
2012-03-13,1385085.7368777
2012-03-14,1390076.0409963
2012-03-15,1377930.5207741
2012-03-16,1379903.3309384
2012-03-17,1405367.9474969
2012-03-18,1409950.9315021
2012-03-19,1408164.5679315
2012-03-20,1424606.271067
2012-03-21,1422625.8818307
2012-03-22,1462726.3093873
2012-03-23,1445733.4623259
2012-03-24,1446758.717457
2012-03-25,1427943.9095985
2012-03-26,1428791.9596576
2012-03-27,1436108.1306692
2012-03-28,1433121.7512715
2012-03-29,1444220.0491691
2012-03-30,1453157.5576271
2012-03-31,1463149.6912274
2012-04-01,1465242.2617134
2012-04-02,1463641.0227932
2012-04-03,1478986.9026279
2012-04-04,1464610.0402481
2012-04-05,1474410.5292371
2012-04-06,1448735.8172547
2012-04-07,1449753.609738
2012-04-08,1454762.1281853
2012-04-09,1431268.1401502
2012-04-10,1457625.7560766
2012-04-11,1474254.2615809
2012-04-12,1454692.7065591
2012-04-13,1471538.5242208
2012-04-14,1478178.4195491
2012-04-15,1488544.9625343
2012-04-16,1468189.3203061
2012-04-17,1456590.3047034
2012-04-18,1477328.8708867
2012-04-19,1491232.1179101
2012-04-20,1495518.4860439
2012-04-21,1498805.6381403
2012-04-22,1454195.007414
2012-04-23,1455468.8228392
2012-04-24,1461956.0526287
2012-04-25,1454792.5638139
2012-04-26,1462381.764039
2012-04-27,1465852.1582721
2012-04-28,1466119.6889468
2012-04-29,1461425.225953
2012-04-30,1474379.8768997
2012-05-01,1479210.7779803
2012-05-02,1496455.2241383
2012-05-03,1504404.3465535
2012-05-04,1523822.838248
2012-05-05,1511217.1708033
2012-05-06,1447746.8700237
2012-05-07,1441455.6981146
2012-05-08,1453362.9656683
2012-05-09,1462307.7009447
2012-05-10,1475149.8828317
2012-05-11,1437848.7484906
2012-05-12,1404730.9253478
2012-05-13,1422929.2188657
2012-05-14,1415561.8570553
2012-05-15,1413109.1479533
2012-05-16,1414063.2359854
2012-05-17,1428961.81115
2012-05-18,1433138.1749962
2012-05-19,1440856.8570825
2012-05-20,1453438.0712904
2012-05-21,1464305.922972
2012-05-22,1468889.2819922
2012-05-23,1462055.678515
2012-05-24,1454915.5471291
2012-05-25,1465546.7389438
2012-05-26,1472998.1346694
2012-05-27,1478602.9367582
2012-05-28,1488219.172071
2012-05-29,1492931.164635
2012-05-30,1473488.8344823
2012-05-31,1470743.4726257
2012-06-01,1529904.4710739
2012-06-02,1524960.0998879
2012-06-03,1528975.4931048
2012-06-04,1542508.5967493
2012-06-05,1559348.2533764
2012-06-06,1554327.4677097
2012-06-07,1550080.735455
2012-06-08,1581315.0519251
2012-06-09,1547919.7630866
2012-06-10,1546111.2465896
2012-06-11,1548963.9189474
2012-06-12,1565038.9549567
2012-06-13,1540830.2541059
2012-06-14,1544093.7707095
2012-06-15,1601119.7746633
2012-06-16,1614598.303402
2012-06-17,1607351.0555869
2012-06-18,1610184.3737826
2012-06-19,1596778.8721885
2012-06-20,1601497.80034
2012-06-21,1599823.6130846
2012-06-22,1609168.5452541
2012-06-23,1613755.461825
2012-06-24,1642449.7994419
2012-06-25,1655292.6288812
2012-06-26,1648367.4147559
2012-06-27,1638638.2597783
2012-06-28,1657467.1913893
2012-06-29,1659030.8498209
2012-06-30,1666903.0899695
2012-07-01,1682570.6182976
2012-07-02,1674283.4437386
2012-07-03,1668781.5686538
2012-07-04,1678225.5569377
2012-07-05,1677652.7082323
2012-07-06,1666638.9730574
2012-07-07,1667369.6726363
2012-07-08,1661966.6797615
2012-07-09,1672444.4994688
2012-07-10,1686525.2546515
2012-07-11,1678498.0340221
2012-07-12,1647180.348189
2012-07-13,1661907.5132434
2012-07-14,1634720.417223
2012-07-15,1641956.6566354
2012-07-16,1667962.8253016
2012-07-17,1776675.9246622
2012-07-18,1783184.9154781
2012-07-19,1772519.7937098
2012-07-20,1762574.8448952
2012-07-21,1751618.5837249
2012-07-22,1781866.5666658
2012-07-23,1780855.0117107
2012-07-24,1792848.4602748
2012-07-25,1783699.6688983
2012-07-26,1769685.250911
2012-07-27,1757419.2584358
2012-07-28,1752355.7316706
2012-07-29,1718235.5272375
2012-07-30,1710649.3188456
2012-07-31,1714888.0439919
2012-08-01,1731254.3509051
2012-08-02,1768025.602072
2012-08-03,1769930.5797582
2012-08-04,1763401.5230931
2012-08-05,1713058.2374921
2012-08-06,1724310.9806502
2012-08-07,1735770.672028
2012-08-08,1729670.6539308
2012-08-09,1722426.5128967
2012-08-10,1721980.3376683
2012-08-11,1731372.0516775
2012-08-12,1738734.6876135
2012-08-13,1767306.0965307
2012-08-14,1762616.4703344
2012-08-15,1772179.7044675
2012-08-16,1763221.7701384
2012-08-17,1751315.3947093
2012-08-18,1766594.9299926
2012-08-19,2012424.114257
2012-08-20,1996401.8734288
2012-08-21,1996509.8243277
2012-08-22,1948175.5699592
2012-08-23,1964895.7786135
2012-08-24,1994066.8561186
2012-08-25,1979720.5930792
2012-08-26,2021024.2778982
2012-08-27,1999488.7509083
2012-08-28,2017895.315543
2012-08-29,2038067.0335997
2012-08-30,2052263.1492328
2012-08-31,1928952.1159332
2012-09-01,1969365.8783372
2012-09-02,1997027.6207995
2012-09-03,2008586.2181761
2012-09-04,2004613.1496299
2012-09-05,2037862.7749132
2012-09-06,2066226.5493459
2012-09-07,2097985.7049776
2012-09-08,2121289.0631941
2012-09-09,2092311.7251248
2012-09-10,1947156.2564263
2012-09-11,1985785.2491442
2012-09-12,2031673.8898923
2012-09-13,2035390.2304255
2012-09-14,2060445.7808695
2012-09-15,2075177.0507421
2012-09-16,2109372.1032148
2012-09-17,2125800.2015851
2012-09-18,2141723.5808922
2012-09-19,2162512.9770077
2012-09-20,2203179.3561534
2012-09-21,2200388.4228615
2012-09-22,2200553.5316097
2012-09-23,2210055.9930476
2012-09-24,2155855.9881422
2012-09-25,2114755.6490669
2012-09-26,2096761.3502677
2012-09-27,2051481.6238331
2012-09-28,2004150.6417974
2012-09-29,1938529.1014445
2012-09-30,1892250.893315
2012-10-01,1908752.1995154
2012-10-02,1867711.5464401
2012-10-03,1826588.0040772
2012-10-04,1836204.3531469
2012-10-05,1842679.4718842
2012-10-06,1842425.9695021
2012-10-07,1845455.4858103
2012-10-08,1825106.4930176
2012-10-09,1839619.1701853
2012-10-10,1836282.2229602
2012-10-11,1831787.5529891
2012-10-12,1838799.2277208
2012-10-13,1867397.7332692
2012-10-14,1879870.1155143
2012-10-15,1909018.3326592
2012-10-16,1894355.6220094
2012-10-17,1886058.635073
2012-10-18,1889979.9842192
2012-10-19,1910307.2125347
2012-10-20,1915737.624921
2012-10-21,1933433.4719517
2012-10-22,1966284.67669
2012-10-23,1966995.03113
2012-10-24,1964233.8670333
2012-10-25,1988949.6122793
2012-10-26,1957292.3245192
2012-10-27,1997376.2508631
2012-10-28,2027129.9246095
2012-10-29,2040475.6537624
2012-10-30,2037150.7214051
2012-10-31,2074498.6525377
2012-11-01,2099268.7706109
2012-11-02,2103415.8111209
2012-11-03,2097772.6559464
2012-11-04,2108085.376089
2012-11-05,2091317.8645104
2012-11-06,2099078.4077607
2012-11-07,2096893.5502654
2012-11-08,2109229.7503881
2012-11-09,2106104.7455842
2012-11-10,2105930.8805735
2012-11-11,2116130.7115635
2012-11-12,2111934.0286445
2012-11-13,2101870.0522316
2012-11-14,2107831.4804264
2012-11-15,2119262.8938967
2012-11-16,2121107.4949409
2012-11-17,2116981.1729524
2012-11-18,2137889.2604698
2012-11-19,2164904.4285669
2012-11-20,2171458.491183
2012-11-21,2177454.9955381
2012-11-22,2175007.303175
2012-11-23,2175810.582918
2012-11-24,2210529.5220666
2012-11-25,2204545.4077386
2012-11-26,2189722.0715425
2012-11-27,2182684.4148453
2012-11-28,2182891.5521061
2012-11-29,2193761.3670547
2012-11-30,2176037.3226685
2012-12-01,2180661.2892858
2012-12-02,2193021.646588
2012-12-03,2174183.8542623
2012-12-04,2149525.3367608
2012-12-05,2122789.336979
2012-12-06,2124027.0444245
2012-12-07,2134591.9254589
2012-12-08,2138058.1108447
2012-12-09,2139158.2418503
2012-12-10,2129947.2426824
2012-12-11,2123765.5392295
2012-12-12,2121543.5727166
2012-12-13,2104136.0187596
2012-12-14,2083584.8498163
2012-12-15,2081339.2821563
2012-12-16,2080644.3110839
2012-12-17,2081723.721406
2012-12-18,2074008.0668746
2012-12-19,2077507.4862995
2012-12-20,2074294.4221053
2012-12-21,2066611.5554461
2012-12-22,2068421.9274539
2012-12-23,2056583.5621449
2012-12-24,2067731.5844372
2012-12-25,2081495.5741993
2012-12-26,2074552.1966072
2012-12-27,2087721.7066564
2012-12-28,2071748.8973551
2012-12-29,2067908.2153737
2012-12-30,2070574.4721061
2012-12-31,2076268.8684024
2013-01-01,2067671.9476938
2013-01-02,2054070.8752008
2013-01-03,2071011.1199069
2013-01-04,2027984.9113384
2013-01-05,2036232.7900815
2013-01-06,2033483.1784965
2013-01-07,2045133.2511613
2013-01-08,2103299.6473309
2013-01-09,2108728.1209175
2013-01-10,2078320.7238392
2013-01-11,2077412.2338427
2013-01-12,2086710.6172321
2013-01-13,2097852.3977513
2013-01-14,2080392.5704394
2013-01-15,2092069.7423
2013-01-16,2105720.6242315
2013-01-17,2086019.103025
2013-01-18,2071420.8473154
2013-01-19,2073227.871074
2013-01-20,2081676.8445077
2013-01-21,2088672.4358171
2013-01-22,2074388.7108689
2013-01-23,2061778.3336628
2013-01-24,2058337.2265701
2013-01-25,2042647.2052707
2013-01-26,2050847.3626034
2013-01-27,2071381.4797892
2013-01-28,2102964.4096651
2013-01-29,2131705.0596886
2013-01-30,2154201.1454949
2013-01-31,2124936.4833851
2013-02-01,2088242.4175143
2013-02-02,2065448.3913476
2013-02-03,2064580.7285678
2013-02-04,2064979.9729889
2013-02-05,2071952.5071356
2013-02-06,2065623.4583095
2013-02-07,2084723.919815
2013-02-08,2062372.2787454
2013-02-09,2061913.3603271
2013-02-10,2071498.3419589
2013-02-11,2088553.1218404
2013-02-12,2101032.9449719
2013-02-13,2096558.8303986
2013-02-14,2082704.5178071
2013-02-15,2087580.1133216
2013-02-16,2074040.5955632
2013-02-17,2057805.6025037
2013-02-18,2082854.5757639
2013-02-19,2085288.6053635
2013-02-20,2062272.9748339
2013-02-21,2066991.7889999
2013-02-22,2064536.5205849
2013-02-23,2081839.5609802
2013-02-24,2063292.5391696
2013-02-25,2068918.3059517
2013-02-26,2075098.7977514
2013-02-27,2077576.4085087
2013-02-28,2071462.0147877
2013-03-01,2067239.7088709
2013-03-02,2071660.4066251
2013-03-03,2083818.1172453
2013-03-04,2073235.2856978
2013-03-05,2083053.3692297
2013-03-06,2098044.6919238
2013-03-07,2083405.7917097
2013-03-08,2074324.5881894
2013-03-09,2062218.2357973
2013-03-10,2066415.4075687
2013-03-11,2074067.3898559
2013-03-12,2078608.7877342
2013-03-13,2100287.6753124
2013-03-14,2103584.329356
2013-03-15,2096571.5937186
2013-03-16,2103520.6175155
2013-03-17,2108316.6578945
2013-03-18,2129181.6352448
2013-03-19,2128843.4586011
2013-03-20,2145145.674055
2013-03-21,2135036.4922585
2013-03-22,2130298.6910561
2013-03-23,2129035.9596047
2013-03-24,2139124.8298209
2013-03-25,2102916.1049015
2013-03-26,2098093.2484816
2013-03-27,2103278.7094224
2013-03-28,2130015.0322365
2013-03-29,2132908.7979367
2013-03-30,2117873.9679242
2013-03-31,2125525.2047807
2013-04-01,2084871.5797874
2013-04-02,2088782.1886848
2013-04-03,2111021.2636524
2013-04-04,2112668.6215466
2013-04-05,2121677.8651117
2013-04-06,2120352.0783982
2013-04-07,2138843.7649518
2013-04-08,2135671.7644114
2013-04-09,2139115.4418511
2013-04-10,2154035.4997488
2013-04-11,2190037.5896886
2013-04-12,2202613.9762685
2013-04-13,2211319.3451382
2013-04-14,2232014.0154025
2013-04-15,2268149.1772364
2013-04-16,2274337.1471538
2013-04-17,2271846.5832872
2013-04-18,2262794.0748547
2013-04-19,2281827.5540018
2013-04-20,2277337.1536858
2013-04-21,2269791.6672204
2013-04-22,2276798.607843
2013-04-23,2281902.3547864
2013-04-24,2282110.3137138
2013-04-25,2308093.9889661
2013-04-26,2305765.7196873
2013-04-27,2326153.6698107
2013-04-28,2326498.3642275
2013-04-29,2310030.3126296
2013-04-30,2291696.9486347
2013-05-01,2334317.1402608
2013-05-02,2337164.5363877
2013-05-03,2329352.6431456
2013-05-04,2340483.2461528
2013-05-05,2342002.8988405
2013-05-06,2323799.9262919
2013-05-07,2327845.8152762
2013-05-08,2327758.5095737
2013-05-09,2328108.9158969
2013-05-10,2327662.9919286
2013-05-11,2309773.7946628
2013-05-12,2311717.2562994
2013-05-13,2309576.1124318
2013-05-14,2320093.0032696
2013-05-15,2300851.0818443
2013-05-16,2291242.9776714
2013-05-17,2282445.3899849
2013-05-18,2255151.4416028
2013-05-19,2250646.3228836
2013-05-20,2254209.3789333
2013-05-21,2259985.4706075
2013-05-22,2266057.8874263
2013-05-23,2260507.8541106
2013-05-24,2275529.9643111
2013-05-25,2294096.5191026
2013-05-26,2294909.6467037
2013-05-27,2309167.1729772
2013-05-28,2317035.3608913
2013-05-29,2323379.0316966
2013-05-30,2299193.4122031
2013-05-31,2298900.2867476
2013-06-01,2304282.062757
2013-06-02,2307479.875948
2013-06-03,2294568.1354045
2013-06-04,2295559.8462369
2013-06-05,2294684.2331342
2013-06-06,2253242.8676592
2013-06-07,2259919.6128739
2013-06-08,2258115.3407741
2013-06-09,2262294.4400579
2013-06-10,2262701.3320093
2013-06-11,2272278.7064585
2013-06-12,2267629.7749017
2013-06-13,2262835.2350793
2013-06-14,2264571.5474394
2013-06-15,2264906.3045979
2013-06-16,2260742.5115955
2013-06-17,2283214.8712854
2013-06-18,2271214.1542989
2013-06-19,2265639.7118296
2013-06-20,2275079.9992452
2013-06-21,2276326.7268788
2013-06-22,2285411.7451782
2013-06-23,2284410.3462883
2013-06-24,2298104.8980917
2013-06-25,2301098.5685572
2013-06-26,2288833.6783716
2013-06-27,2307498.1527042
2013-06-28,2297925.1702708
2013-06-29,2304501.9451847
2013-06-30,2309276.5346062
2013-07-01,2320133.2434135
2013-07-02,2325322.5555727
2013-07-03,2337803.1848891
2013-07-04,2341375.0213122
2013-07-05,2374846.2463567
2013-07-06,2366946.1603743
2013-07-07,2371012.5455041
2013-07-08,2364216.9419839
2013-07-09,2363390.6051608
2013-07-10,2382160.6238732
2013-07-11,2376236.6083458
2013-07-12,2393801.1511797
2013-07-13,2401206.0986941
2013-07-14,2405976.135201
2013-07-15,2409638.2909388
2013-07-16,2432981.4548553
2013-07-17,2425533.8224511
2013-07-18,2397623.8572712
2013-07-19,2384029.8659227
2013-07-20,2380956.3885466
2013-07-21,2387140.8991472
2013-07-22,2404947.7001935
2013-07-23,2417532.6038115
2013-07-24,2427367.4449291
2013-07-25,2435946.3789489
2013-07-26,2439705.3781029
2013-07-27,2448648.8396785
2013-07-28,2451047.2503546
2013-07-29,2463160.3570457
2013-07-30,2459020.6823054
2013-07-31,2501110.0781098
2013-08-01,2494815.8855366
2013-08-02,2514353.8163157
2013-08-03,2467061.9494717
2013-08-04,2471062.7075802
2013-08-05,2477993.9960957
2013-08-06,2486456.811635
2013-08-07,2497250.6267222
2013-08-08,2510458.9764196
2013-08-09,2515226.0838549
2013-08-10,2525833.6174272
2013-08-11,2525493.7583478
2013-08-12,2526517.1626238
2013-08-13,2463784.669554
2013-08-14,2489429.7439748
2013-08-15,2506118.34515
2013-08-16,2517087.3481399
2013-08-17,2493430.2502477
2013-08-18,2494753.814092
2013-08-19,2496264.6639155
2013-08-20,2470831.4324033
2013-08-21,2467582.8930157
2013-08-22,2458177.0063016
2013-08-23,2449666.9286706
2013-08-24,2455569.2460445
2013-08-25,2444708.3209988
2013-08-26,2441345.3963186
2013-08-27,2423790.9942124
2013-08-28,2431014.1961756
2013-08-29,2441682.896689
2013-08-30,2429570.9876003
2013-08-31,2437771.3541322
2013-09-01,2433383.7558966
2013-09-02,2452561.581221
2013-09-03,2511912.1026157
2013-09-04,2511675.4408719
2013-09-05,2519309.9530319
2013-09-06,2520382.0924929
2013-09-07,2525999.099156
2013-09-08,2531245.1416305
2013-09-09,2529647.4755319
2013-09-10,2545012.8697326
2013-09-11,2536682.2455848
2013-09-12,2552981.3344554
2013-09-13,2564750.612804
2013-09-14,2572845.1448371
2013-09-15,2576307.6281919
2013-09-16,2567577.3889945
2013-09-17,2568768.5965791
2013-09-18,2562155.4951545
2013-09-19,2559827.452758
2013-09-20,2565563.7346593
2013-09-21,2563434.8740269
2013-09-22,2549134.8755044
2013-09-23,2573987.3141881
2013-09-24,2572482.6629906
2013-09-25,2571473.1482787
2013-09-26,2575088.2207707
2013-09-27,2573629.5487005
2013-09-28,2580006.1652058
2013-09-29,2580206.0911418
2013-09-30,2576434.5396106
2013-10-01,2599059.7448351
2013-10-02,2562849.0784138
2013-10-03,2571440.0964622
2013-10-04,2578324.6424631
2013-10-05,2573045.576094
2013-10-06,2576483.7583736
2013-10-07,2567764.9049906
2013-10-08,2571544.4922813
2013-10-09,2576014.221836
2013-10-10,2573159.2011016
2013-10-11,2595551.6764813
2013-10-12,2580270.7338709
2013-10-13,2597436.8851458
2013-10-14,2621246.0518159
2013-10-15,2616253.661948
2013-10-16,2630527.6256228
2013-10-17,2635643.5914116
2013-10-18,2637306.128992
2013-10-19,2652983.833359
2013-10-20,2659712.4773045
2013-10-21,2652513.8565926
2013-10-22,2637522.3416262
2013-10-23,2611348.2428362
2013-10-24,2610142.6064362
2013-10-25,2619875.0479361
2013-10-26,2623884.4842109
2013-10-27,2620866.8424056
2013-10-28,2623383.2131097
2013-10-29,2624626.2363584
2013-10-30,2619461.140875
2013-10-31,2614098.2344915
2013-11-01,2632353.9087691
2013-11-02,2646521.2629201
2013-11-03,2643879.1170615
2013-11-04,2643102.2666108
2013-11-05,2615834.5764174
2013-11-06,2627613.0791508
2013-11-07,2595241.5283147
2013-11-08,2590212.4839874
2013-11-09,2581573.474565
2013-11-10,2593790.8241766
2013-11-11,2585370.7087819
2013-11-12,2573615.0871444
2013-11-13,2568635.8573127
2013-11-14,2574037.7407572
2013-11-15,2564431.2009779
2013-11-16,2558104.7223886
2013-11-17,2562637.3109998
2013-11-18,2566781.3063416
2013-11-19,2574811.7478266
2013-11-20,2557792.9339231
2013-11-21,2551131.4857305
2013-11-22,2531092.5228304
2013-11-23,2563993.2243431
2013-11-24,2570844.0707503
2013-11-25,2593330.5243193
2013-11-26,2652114.4820593
2013-11-27,2656581.3703857
2013-11-28,2657471.9842523
2013-11-29,2630742.2327121
2013-11-30,2624602.7370539
2013-12-01,2637806.4402526
2013-12-02,2624274.7597117
2013-12-03,2614276.2067662
2013-12-04,2594312.5021362
2013-12-05,2735276.8385344
2013-12-06,2711026.6892721
2013-12-07,2705759.521463
2013-12-08,2701676.8759366
2013-12-09,2696028.1763476
2013-12-10,2645213.147355
2013-12-11,2609785.5732727
2013-12-12,2605392.6472307
2013-12-13,2603296.1236914
2013-12-14,2600785.873107
2013-12-15,2609987.5471858
2013-12-16,2606708.9008897
2013-12-17,2626740.994292
2013-12-18,2624496.6025662
2013-12-19,2616836.4781134
2013-12-20,2618533.2785685
2013-12-21,2623817.5871079
2013-12-22,2603861.4132224
2013-12-23,2608284.1892498
2013-12-24,2601294.3973457
2013-12-25,2596531.2946077
2013-12-26,2595587.4304685
2013-12-27,2605988.9922813
2013-12-28,2603386.4117988
2013-12-29,2599925.517803
2013-12-30,2620377.2976047
2013-12-31,2642160.4695008
2014-01-01,2687412.6468562
2014-01-02,2691410.3152003
2014-01-03,2643664.5001379
2014-01-04,2634687.7780468
2014-01-05,2620257.6942769
2014-01-06,2614623.7456194
2014-01-07,2632964.9737758
2014-01-08,2648757.4079485
2014-01-09,2656162.0666713
2014-01-10,2655179.8050332
2014-01-11,2656216.7991427
2014-01-12,2690194.0348667
2014-01-13,2708785.3202349
2014-01-14,2686701.4564432
2014-01-15,2689718.2873638
2014-01-16,2662023.6621937
2014-01-17,2692801.5876289
2014-01-18,2700638.5890741
2014-01-19,2706209.1051829
2014-01-20,2702713.6793223
2014-01-21,2710848.195002
2014-01-22,2722559.8786615
2014-01-23,2724303.9329637
2014-01-24,2701604.7488945
2014-01-25,2692993.0184636
2014-01-26,2700745.3418181
2014-01-27,2761586.5598988
2014-01-28,2755261.4382577
2014-01-29,2763829.3744122
2014-01-30,2787709.433093
2014-01-31,2797151.306531
2014-02-01,2813459.6559529
2014-02-02,2821359.5407367
2014-02-03,2818006.5831544
2014-02-04,2810376.8102093
2014-02-05,2731600.5939156
2014-02-06,2735428.5766995
2014-02-07,2734724.8826491
2014-02-08,2727824.1748187
2014-02-09,2727257.9858771
2014-02-10,2719731.7061179
2014-02-11,2701624.636739
2014-02-12,2708829.8864042
2014-02-13,2712941.5320147
2014-02-14,2715637.4173688
2014-02-15,2707050.3160561
2014-02-16,2703588.8722614
2014-02-17,2700401.1856871
2014-02-18,2713594.3463621
2014-02-19,2730412.3258957
2014-02-20,2732832.8560594
2014-02-21,2735810.1499007
2014-02-22,2740813.3386997
2014-02-23,2731103.3745859
2014-02-24,2774390.1107509
2014-02-25,2813067.3883071
2014-02-26,2816306.7434483
2014-02-27,2810436.2467266
2014-02-28,2790839.9220021
2014-03-01,2784709.4283007
2014-03-02,2787015.0307221
2014-03-03,2777082.2757261
2014-03-04,2773338.9683295
2014-03-05,2774597.6333996
2014-03-06,2756050.8953009
2014-03-07,2760030.9838571
2014-03-08,2743351.0063991
2014-03-09,2742445.9236655
2014-03-10,2745124.2807582
2014-03-11,2738232.3031389
2014-03-12,2740597.2775974
2014-03-13,2722575.8455765
2014-03-14,2725927.2720053
2014-03-15,2729431.7337535
2014-03-16,2732099.5258396
2014-03-17,2733671.9576694
2014-03-18,2725869.5578501
2014-03-19,2725452.8163266
2014-03-20,2724869.5866002
2014-03-21,2725834.6767183
2014-03-22,2734353.9980381
2014-03-23,2754502.7308384
2014-03-24,2769732.2454147
2014-03-25,2784521.9492455
2014-03-26,2780449.3799525
2014-03-27,2783629.7467206
2014-03-28,2794747.7030233
2014-03-29,2798350.9613964
2014-03-30,2814577.3049488
2014-03-31,2812234.6190472
2014-04-01,2815205.731766
2014-04-02,2817695.7696558
2014-04-03,2823386.1265234
2014-04-04,2829794.5362551
2014-04-05,2824349.8678027
2014-04-06,2828698.4845359
2014-04-07,2831167.8653675
2014-04-08,2822980.7354006
2014-04-09,2834809.7051087
2014-04-10,2842691.4334467
2014-04-11,2815479.4278446
2014-04-12,2818259.2424589
2014-04-13,2824606.2760999
2014-04-14,2829948.4989721
2014-04-15,2836786.6605545
2014-04-16,2806907.8468641
2014-04-17,2817631.7141714
2014-04-18,2816642.3062409
2014-04-19,2817216.8047379
2014-04-20,2821728.2456094
2014-04-21,2826720.3743579
2014-04-22,2824883.0925372
2014-04-23,2817116.4309636
2014-04-24,2815150.8510532
2014-04-25,2812200.023873
2014-04-26,2815127.4326132
2014-04-27,2819858.008229
2014-04-28,2821055.6043883
2014-04-29,2796630.2881856
2014-04-30,2802550.9123675
2014-05-01,2807907.9590344
2014-05-02,2798793.087524
2014-05-03,2801043.7640203
2014-05-04,2803892.3363939
2014-05-05,2803711.4042308
2014-05-06,2811434.3924958
2014-05-07,2799573.3105375
2014-05-08,2798793.7536874
2014-05-09,2805818.5859898
2014-05-10,2811432.938098
2014-05-11,2810313.0430206
2014-05-12,2810628.4323452
2014-05-13,2813423.1361217
2014-05-14,2812035.1064523
2014-05-15,2811595.5917777
2014-05-16,2810896.2988808
2014-05-17,2815271.4001653
2014-05-18,2821155.7361373
2014-05-19,2820693.7081345
2014-05-20,2818876.9419449
2014-05-21,2823492.4924086
2014-05-22,2827727.0362737
2014-05-23,2832273.2104363
2014-05-24,2841882.418193
2014-05-25,2833899.8203532
2014-05-26,2832397.0455606
2014-05-27,2825331.9301734
2014-05-28,2828721.2819762
2014-05-29,2827777.2476122
2014-05-30,2835594.0360385
2014-05-31,2834698.0859419
2014-06-01,2845042.1824269
2014-06-02,2853052.4908521
2014-06-03,2852503.4300243
2014-06-04,2848858.3257036
2014-06-05,2847912.6039056
2014-06-06,2852196.2479479
2014-06-07,2860124.7473688
2014-06-08,2859889.5996476
2014-06-09,2864215.6305505
2014-06-10,2871733.6322498
2014-06-11,2870640.7182953
2014-06-12,2886850.5311437
2014-06-13,2883219.6290376
2014-06-14,2893108.8444273
2014-06-15,2902274.7188853
2014-06-16,2902675.578725
2014-06-17,2904422.0098945
2014-06-18,2903064.225473
2014-06-19,2907958.7861761
2014-06-20,2914000.1668856
2014-06-21,2911968.2004466
2014-06-22,2921152.0434422
2014-06-23,2913289.6673686
2014-06-24,2868812.9233105
2014-06-25,2879317.2507688
2014-06-26,2884811.1585214
2014-06-27,2891994.4123078
2014-06-28,2891872.320909
2014-06-29,2888436.1147189
2014-06-30,2900774.8954677
2014-07-01,2903333.1342574
2014-07-02,2901230.4466031
2014-07-03,2886285.8301004
2014-07-04,2881610.6609209
2014-07-05,2884756.6351663
2014-07-06,2884666.6262836
2014-07-07,2867439.8345486
2014-07-08,2868930.8419783
2014-07-09,2866769.1473472
2014-07-10,2868520.9562876
2014-07-11,2866234.2320272
2014-07-12,2867345.2550386
2014-07-13,2866005.1939027
2014-07-14,2859938.2482536
2014-07-15,2863837.404345
2014-07-16,2869378.3415229
2014-07-17,2874641.3468542
2014-07-18,2879369.4489792
2014-07-19,2869910.8945956
2014-07-20,2869071.3022576
2014-07-21,2869235.0990661
2014-07-22,2867550.5515685
2014-07-23,2861810.6291134
2014-07-24,2871574.5701169
2014-07-25,2867043.4697528
2014-07-26,2872151.6866634
2014-07-27,2867867.1969785
2014-07-28,2878642.8310763
2014-07-29,2879855.1092765
2014-07-30,2876967.2687466
2014-07-31,2876449.3807023
2014-08-01,2833822.3469298
2014-08-02,2831618.6147656
2014-08-03,2830077.288567
2014-08-04,2831708.5094741
2014-08-05,2885573.4133021
2014-08-06,2889396.0675675
2014-08-07,2880618.1429836
2014-08-08,2879376.2497821
2014-08-09,2884128.4757449
2014-08-10,2883696.1376623
2014-08-11,2886175.6124395
2014-08-12,2892162.5494915
2014-08-13,2884514.7471314
2014-08-14,2904280.4877477
2014-08-15,2906659.1632904
2014-08-16,2902747.3158275
2014-08-17,2907051.8792375
2014-08-18,2931230.5465171
2014-08-19,2931243.4512612
2014-08-20,2931356.7530708
2014-08-21,2931020.6335607
2014-08-22,2930107.0471422
2014-08-23,2925924.6905259
2014-08-24,2934335.6617732
2014-08-25,2927721.1140869
2014-08-26,2935332.1720213
2014-08-27,2933652.9622178
2014-08-28,2933695.4763049
2014-08-29,2939908.4651204
2014-08-30,2943108.2105143
2014-08-31,2946926.5081164
2014-09-01,2968386.8424823
2014-09-02,2971641.8722551
2014-09-03,2975613.4650395
2014-09-04,2980174.1657012
2014-09-05,2980948.394824
2014-09-06,2986268.8986207
2014-09-07,2988927.5601855
2014-09-08,2992374.6893836
2014-09-09,3017932.810162
2014-09-10,3006475.8971265
2014-09-11,3014791.1983328
2014-09-12,3034189.2910752
2014-09-13,3040355.8724693
2014-09-14,3048557.1767812
2014-09-15,3049791.7965211
2014-09-16,3057548.7475338
2014-09-17,3063446.0818839
2014-09-18,3071105.257453
2014-09-19,3100176.129708
2014-09-20,3098770.7609961
2014-09-21,3092355.2379652
2014-09-22,3099099.2954176
2014-09-23,3093965.2563227
2014-09-24,3094658.7839534
2014-09-25,3105512.9935265
2014-09-26,3114912.8698553
2014-09-27,3115887.3208598
2014-09-28,3107520.7157691
2014-09-29,3122374.2475638
2014-09-30,3114045.6858572
2014-10-01,3131980.8250203
2014-10-02,3138172.7017386
2014-10-03,3178852.2512004
2014-10-04,3194345.5040754
2014-10-05,3237486.8628211
2014-10-06,3272750.2740284
2014-10-07,3278086.0145065
2014-10-08,3253322.7434361
2014-10-09,3262220.5297752
2014-10-10,3260610.0231601
2014-10-11,3260992.7873089
2014-10-12,3265176.0941691
2014-10-13,3263378.8050296
2014-10-14,3269764.8018582
2014-10-15,3261988.5680482
2014-10-16,3254253.1822693
2014-10-17,3249519.1795665
2014-10-18,3244740.0391021
2014-10-19,3244669.9121311
2014-10-20,3251878.8359388
2014-10-21,3256770.9089429
2014-10-22,3204298.6737918
2014-10-23,3200611.889743
2014-10-24,3204289.5485242
2014-10-25,3205896.6040366
2014-10-26,3204760.94424
2014-10-27,3199330.493045
2014-10-28,3206940.3435038
2014-10-29,3207813.7630125
2014-10-30,3200911.3788684
2014-10-31,3204542.3570942
2014-11-01,3207535.2334299
2014-11-02,3205160.1270224
2014-11-03,3225461.519483
2014-11-04,3231576.7443101
2014-11-05,3231163.168056
2014-11-06,3193775.1591729
2014-11-07,3202581.6502081
2014-11-08,3206048.245436
2014-11-09,3203870.984548
2014-11-10,3185506.89226
2014-11-11,3187668.4811562
2014-11-12,3197326.563946
2014-11-13,3224550.7996307
2014-11-14,3218646.9371784
2014-11-15,3213087.6854483
2014-11-16,3226824.9021901
2014-11-17,3211039.2997969
2014-11-18,3213535.3430308
2014-11-19,3212026.3476285
2014-11-20,3214041.7139731
2014-11-21,3217062.4509959
2014-11-22,3218730.1898877
2014-11-23,3229936.715979
2014-11-24,3228931.122242
2014-11-25,3219488.0377925
2014-11-26,3207611.4345576
2014-11-27,3206406.2038739
2014-11-28,3097557.7449942
2014-11-29,3105399.9427726
2014-11-30,3110158.619004
2014-12-01,3120530.3164852
2014-12-02,3106922.5551255
2014-12-03,3104339.4581607
2014-12-04,3080309.6403641
2014-12-05,3061721.4985168
2014-12-06,3022813.1795494
2014-12-07,3023238.2237562
2014-12-08,3109157.5933182
2014-12-09,3100579.4440695
2014-12-10,3088812.8216356
2014-12-11,3094591.6437339
2014-12-12,3098604.7529471
2014-12-13,3102998.7403832
2014-12-14,3104082.9776195
2014-12-15,3098744.9152364
2014-12-16,3106474.6767885
2014-12-17,3110034.0269426
2014-12-18,3108171.1770626
2014-12-19,3105161.5768944
2014-12-20,3101287.8220895
2014-12-21,3109930.8301161
2014-12-22,3113634.9410139
2014-12-23,3119673.7388647
2014-12-24,3060275.2633492
2014-12-25,3072434.8229696
2014-12-26,3063507.6249799
2014-12-27,3061809.0796315
2014-12-28,3064441.84228
2014-12-29,3094306.2862223
2014-12-30,3098095.902671
2014-12-31,3102642.7743288
2015-01-01,3101850.9531317
2015-01-02,3114204.5485116
2015-01-03,3046142.01787
2015-01-04,3047932.9603718
2015-01-05,3051877.9060794
2015-01-06,3039342.288828
2015-01-07,3030924.2873457
2015-01-08,3058690.1501343
2015-01-09,3061863.7246475
2015-01-10,3051452.0251542
2015-01-11,3052843.1739696
2015-01-12,3056611.4169062
2015-01-13,3068517.1491712
2015-01-14,3134854.6156955
2015-01-15,3112190.5341326
2015-01-16,3096351.481877
2015-01-17,3092889.0389185
2015-01-18,3097263.6828017
2015-01-19,3097027.4240768
2015-01-20,3102471.7177223
2015-01-21,3099806.3081307
2015-01-22,3105698.8932499
2015-01-23,3108206.3416032
2015-01-24,3127132.4026764
2015-01-25,3122219.7926059
2015-01-26,3221559.2555684
2015-01-27,3215628.2861978
2015-01-28,3213340.7289033
2015-01-29,3218612.7662127
2015-01-30,3211480.7534189
2015-01-31,3215678.4550778
2015-02-01,3237991.6135562
2015-02-02,3229045.62571
2015-02-03,3220273.5169569
2015-02-04,3229440.7070913
2015-02-05,3230180.8944874
2015-02-06,3232930.3724594
2015-02-07,3236174.7544782
2015-02-08,3237648.0696299
2015-02-09,3231200.7087224
2015-02-10,3225133.1588962
2015-02-11,3228493.4587133
2015-02-12,3230643.1605736
2015-02-13,3232628.3001203
2015-02-14,3237542.5306474
2015-02-15,3244156.9310817
2015-02-16,3232297.3972625
2015-02-17,3229880.2548079
2015-02-18,3240954.9998288
2015-02-19,3244980.6716468
2015-02-20,3255718.7289732
2015-02-21,3257339.466331
2015-02-22,3259110.3570663
2015-02-23,3268077.2075285
2015-02-24,3271043.441745
2015-02-25,3266471.20292
2015-02-26,3252872.7478365
2015-02-27,3256858.5314519
2015-02-28,3256902.918998
2015-03-01,3279489.8482361
2015-03-02,3254807.8320242
2015-03-03,3248924.7870882
2015-03-04,3251607.9928553
2015-03-05,3257606.5515041
2015-03-06,3265987.8859308
2015-03-07,3250514.2770499
2015-03-08,3122144.3717317
2015-03-09,3101937.3059591
2015-03-10,3104820.7225894
2015-03-11,3113348.0562016
2015-03-12,3112795.5909647
2015-03-13,3102561.0537023
2015-03-14,3097536.7142972
2015-03-15,3101279.3414515
2015-03-16,3125748.6001212
2015-03-17,3128226.4524082
2015-03-18,3117161.9780573
2015-03-19,3124184.3709022
2015-03-20,3132340.4626669
2015-03-21,3131979.7632952
2015-03-22,3139211.6652872
2015-03-23,3116816.8018038
2015-03-24,3119354.2896982
2015-03-25,3117784.6529533
2015-03-26,3142070.6633779
2015-03-27,3156642.6593587
2015-03-28,3154593.5545452
2015-03-29,3160410.6366704
2015-03-30,3152284.3271496
2015-03-31,3148424.9534961
2015-04-01,3145725.4183249
2015-04-02,3141450.412524
2015-04-03,3143866.4189186
2015-04-04,3148207.0294451
2015-04-05,3153816.7293185
2015-04-06,3154895.5685274
2015-04-07,3147456.0722544
2015-04-08,3143149.507905
2015-04-09,3145945.4080592
2015-04-10,3147525.1341937
2015-04-11,3145360.9930058
2015-04-12,3157944.5393674
2015-04-13,3149856.1010273
2015-04-14,3165359.8100803
2015-04-15,3226009.8379407
2015-04-16,3236160.3182756
2015-04-17,3243873.7633919
2015-04-18,3243761.8917743
2015-04-19,3247356.5316834
2015-04-20,3238303.4512096
2015-04-21,3240153.2730114
2015-04-22,3243214.1103641
2015-04-23,3247088.0448134
2015-04-24,3242681.3216384
2015-04-25,3253051.7402632
2015-04-26,3261145.7624206
2015-04-27,3285543.2426122
2015-04-28,3285530.265897
2015-04-29,3288219.1299305
2015-04-30,3289029.6623091
2015-05-01,3288051.6629339
2015-05-02,3292343.787102
2015-05-03,3296871.1100429
2015-05-04,3309147.034435
2015-05-05,3311219.2220629
2015-05-06,3304607.5257269
2015-05-07,3305509.2193855
2015-05-08,3312710.1686882
2015-05-09,3308562.9910368
2015-05-10,3304807.2970044
2015-05-11,3306695.142389
2015-05-12,3297075.036417
2015-05-13,3303435.0839947
2015-05-14,3321782.3662239
2015-05-15,3320636.7868221
2015-05-16,3324531.3406029
2015-05-17,3329985.1706608
2015-05-18,3332780.34957
2015-05-19,3327395.1186383
2015-05-20,3326777.1197411
2015-05-21,3329772.674554
2015-05-22,3330228.5176034
2015-05-23,3329078.3438826
2015-05-24,3335273.3895826
2015-05-25,3334525.7725698
2015-05-26,3333852.5875942
2015-05-27,3340266.6757172
2015-05-28,3354868.3081528
2015-05-29,3355445.5092214
2015-05-30,3361208.2192099
2015-05-31,3361301.2443874
2015-06-01,3365067.1134427
2015-06-02,3371874.4992785
2015-06-03,3355902.2119902
2015-06-04,3357980.3635171
2015-06-05,3356114.7136362
2015-06-06,3358092.5208752
2015-06-07,3358617.1978543
2015-06-08,3360112.7884457
2015-06-09,3364665.895689
2015-06-10,3363480.6482408
2015-06-11,3372668.3807341
2015-06-12,3367559.3758098
2015-06-13,3375070.926499
2015-06-14,3371533.3494434
2015-06-15,3379899.1144614
2015-06-16,3376060.5125311
2015-06-17,3374305.3782504
2015-06-18,3372763.6063844
2015-06-19,3260121.7914081
2015-06-20,3267440.1965416
2015-06-21,3274119.5501577
2015-06-22,3265067.0827368
2015-06-23,3259382.6159599
2015-06-24,3255371.441921
2015-06-25,3246251.3191205
2015-06-26,3249590.2341742
2015-06-27,3253018.2955445
2015-06-28,3252126.0025934
2015-06-29,3259806.5502311
2015-06-30,3257415.8582095
2015-07-01,3260553.493445
2015-07-02,3255646.6455318
2015-07-03,3262297.093181
2015-07-04,3262410.9909055
2015-07-05,3274275.2878891
2015-07-06,3284436.7515147
2015-07-07,3303995.3512342
2015-07-08,3277318.0794502
2015-07-09,3274899.6444862
2015-07-10,3303740.9980643
2015-07-11,3305946.5361107
2015-07-12,3278134.4923152
2015-07-13,3285351.8386244
2015-07-14,3291295.6814661
2015-07-15,3302372.9183357
2015-07-16,3308877.3753403
2015-07-17,3313461.0630586
2015-07-18,3315569.9373858
2015-07-19,3313971.6519721
2015-07-20,3309395.4084903
2015-07-21,3303286.5159379
2015-07-22,3293279.0092987
2015-07-23,3288631.3033007
2015-07-24,3302777.3475729
2015-07-25,3291248.2865623
2015-07-26,3295201.7723453
2015-07-27,3299298.7693843
2015-07-28,3304867.2926523
2015-07-29,3294665.7105157
2015-07-30,3301970.7887077
2015-07-31,3296050.8620107
2015-08-01,3305233.1706052
2015-08-02,3315854.133706
2015-08-03,3317669.0493983
2015-08-04,3316512.468734
2015-08-05,3306898.372975
2015-08-06,3290106.5220667
2015-08-07,3293278.9386133
2015-08-08,3349659.356684
2015-08-09,3354569.2200962
2015-08-10,3323860.9064504
2015-08-11,3320178.02026
2015-08-12,3292617.5965221
2015-08-13,3294505.0869653
2015-08-14,3437889.5595956
2015-08-15,3382746.2943614
2015-08-16,3414263.8264146
2015-08-17,3444268.4996462
2015-08-18,3446417.4172789
2015-08-19,3447597.5486571
2015-08-20,3496626.11812
2015-08-21,3468177.0504805
2015-08-22,3491749.3076279
2015-08-23,3496124.1330155
2015-08-24,3526010.2159186
2015-08-25,3486328.0616589
2015-08-26,3494834.4600112
2015-08-27,3491251.9010416
2015-08-28,3495665.9920163
2015-08-29,3480663.5612845
2015-08-30,3484818.0491654
2015-08-31,3448842.1559043
2015-09-01,3443530.2688227
2015-09-02,3421416.3303803
2015-09-03,3445223.8309456
2015-09-04,3446106.7259749
2015-09-05,3451273.6635085
2015-09-06,3468601.3969129
2015-09-07,3474484.8918599
2015-09-08,3470328.334508
2015-09-09,3472479.1364309
2015-09-10,3476460.0774058
2015-09-11,3491725.2288888
2015-09-12,3497352.0437638
2015-09-13,3495624.3798798
2015-09-14,3477616.0131147
2015-09-15,3490202.8725972
2015-09-16,3475377.1787434
2015-09-17,3499647.3366471
2015-09-18,3483434.8049856
2015-09-19,3477014.6569149
2015-09-20,3481782.4920151
2015-09-21,3501840.1316707
2015-09-22,3496800.2082038
2015-09-23,3503201.3649871
2015-09-24,3502073.4993374
2015-09-25,3498889.5939292
2015-09-26,3494827.3119384
2015-09-27,3502077.7816661
2015-09-28,3499196.8801054
2015-09-29,3499670.2535962
2015-09-30,3487477.5146839
2015-10-01,3479975.3493827
2015-10-02,3500679.8814983
2015-10-03,3479823.0504524
2015-10-04,3493110.210843
2015-10-05,3487304.3205228
2015-10-06,3510645.1937334
2015-10-07,3501975.699801
2015-10-08,3495399.4918644
2015-10-09,3497930.1210244
2015-10-10,3505080.5650626
2015-10-11,3507071.0320694
2015-10-12,3501564.1108918
2015-10-13,3504173.5269573
2015-10-14,3495004.6516965
2015-10-15,3513844.5733226
2015-10-16,3495548.3330891
2015-10-17,3504535.0684791
2015-10-18,3506652.0198266
2015-10-19,3499993.701747
2015-10-20,3514297.2701652
2015-10-21,3514429.2966028
2015-10-22,3521146.6433484
2015-10-23,3516119.9207655
2015-10-24,3521749.7342552
2015-10-25,3537374.0285711
2015-10-26,3543184.4298891
2015-10-27,3561687.4432188
2015-10-28,3572908.4563416
2015-10-29,3576298.4497574
2015-10-30,3595523.6269521
2015-10-31,3565605.6915819
2015-11-01,3566431.8056552
2015-11-02,3587865.3807166
2015-11-03,3577074.0035865
2015-11-04,3572529.8590492
2015-11-05,3601440.71547
2015-11-06,3624554.9034499
2015-11-07,3671804.4750326
2015-11-08,3670257.369355
2015-11-09,3692793.5104648
2015-11-10,3664133.3221647
2015-11-11,3643998.402095
2015-11-12,3680492.7612581
2015-11-13,3680595.0349306
2015-11-14,3675050.2747562
2015-11-15,3681766.1358264
2015-11-16,3648833.3548624
2015-11-17,3687718.8830606
2015-11-18,3693119.5535366
2015-11-19,3708007.2948902
2015-11-20,3713742.9972593
2015-11-21,3718727.0632481
2015-11-22,3718301.3717567
2015-11-23,3723432.0861198
2015-11-24,3730945.6015496
2015-11-25,3735755.5079249
2015-11-26,3734669.7578807
2015-11-27,3724071.297551
2015-11-28,3726249.210744
2015-11-29,3730471.545068
2015-11-30,3741982.8120686
2015-12-01,3741990.5221425
2015-12-02,3724710.0317548
2015-12-03,3718850.5877246
2015-12-04,3716996.8402932
2015-12-05,3658884.8474808
2015-12-06,3608152.1359909
2015-12-07,3599925.14498
2015-12-08,3613151.5619501
2015-12-09,3605760.8116701
2015-12-10,3615135.2261617
2015-12-11,3622963.1169177
2015-12-12,3624423.7772646
2015-12-13,3609290.2347017
2015-12-14,3621943.91445
2015-12-15,3619401.7105709
2015-12-16,3606794.7552648
2015-12-17,3602400.1027392
2015-12-18,3592730.6782062
2015-12-19,3595551.8483868
2015-12-20,3600333.6664867
2015-12-21,3596219.7478097
2015-12-22,3560108.5260135
2015-12-23,3546584.299818
2015-12-24,3523394.475147
2015-12-25,3519274.5698081
2015-12-26,3520209.4754025
2015-12-27,3521382.4470529
2015-12-28,3520485.6300277
2015-12-29,3522912.5135332
2015-12-30,3517050.5852344
2015-12-31,3526496.9807751
2016-01-01,3531043.0342324
2016-01-02,3531380.0497067
2016-01-03,3539387.1018759
2016-01-04,3550020.2247939
2016-01-05,3551396.5670562
2016-01-06,3549888.5590065
2016-01-07,3532674.6151938
2016-01-08,3531212.5294315
2016-01-09,3535931.3133518
2016-01-10,3531549.1515424
2016-01-11,3546031.7408367
2016-01-12,3563356.6205891
2016-01-13,3574132.3155579
2016-01-14,3557817.6351358
2016-01-15,3580642.7891333
2016-01-16,3579148.166276
2016-01-17,3593814.833193
2016-01-18,3583740.1913209
2016-01-19,3602354.6274442
2016-01-20,3640631.1202217
2016-01-21,3621750.9379534
2016-01-22,3739807.5285648
2016-01-23,3711950.5379474
2016-01-24,3845390.0587429
2016-01-25,3886054.5661076
2016-01-26,3897790.7294448
2016-01-27,3902355.7895705
2016-01-28,3854032.1558071
2016-01-29,3855371.1470152
2016-01-30,3819486.3178346
2016-01-31,3810403.7733563
2016-02-01,3747600.7711809
2016-02-02,3718985.3103748
2016-02-03,3686283.3262127
2016-02-04,3703385.5293583
2016-02-05,3699361.9483037
2016-02-06,3684337.3369695
2016-02-07,3682360.5517311
2016-02-08,3693616.9186153
2016-02-09,3709553.166153
2016-02-10,3744131.0829756
2016-02-11,3755197.3010744
2016-02-12,3745973.0864123
2016-02-13,3743877.0139214
2016-02-14,3738728.8474894
2016-02-15,3743392.0606347
2016-02-16,3716128.6148581
2016-02-17,3714530.994309
2016-02-18,3716149.8154972
2016-02-19,3728970.2347503
2016-02-20,3761253.6143951
2016-02-21,3761799.0662698
2016-02-22,3746518.9344312
2016-02-23,3749222.9252905
2016-02-24,3744676.6898508
2016-02-25,3801597.6533996
2016-02-26,3811518.8667013
2016-02-27,3771911.1776623
2016-02-28,3797675.3221599
2016-02-29,3826660.1056458
2016-03-01,3913352.5124368
2016-03-02,3914828.1236937
2016-03-03,3971443.5644434
2016-03-04,3974815.3201657
2016-03-05,3977985.4919309
2016-03-06,3956130.9718111
2016-03-07,3964223.5346548
2016-03-08,3971007.2091188
2016-03-09,3978845.359649
2016-03-10,3983232.391299
2016-03-11,3970229.607588
2016-03-12,3974123.2452702
2016-03-13,3975024.1062052
2016-03-14,3971313.6615888
2016-03-15,3981625.1309638
2016-03-16,3982387.9282459
2016-03-17,3967663.2802583
2016-03-18,3968823.0505451
2016-03-19,3971488.4033336
2016-03-20,3970600.775087
2016-03-21,3967756.565758
2016-03-22,3962321.9644156
2016-03-23,3965751.6749865
2016-03-24,3969677.1782476
2016-03-25,4019237.3305972
2016-03-26,3984316.6145407
2016-03-27,3926023.6841576
2016-03-28,3924813.9558957
2016-03-29,3921436.5144914
2016-03-30,3927402.3475038
2016-03-31,3918304.5030904
2016-04-01,3901973.4438479
2016-04-02,3912062.2412927
2016-04-03,3916299.9185168
2016-04-04,3907229.9753401
2016-04-05,3903074.4770823
2016-04-06,3913049.0597729
2016-04-07,3894870.4826233
2016-04-08,3899915.4373411
2016-04-09,3892895.7846167
2016-04-10,3864664.435486
2016-04-11,3878598.6514571
2016-04-12,3873480.6731109
2016-04-13,3870562.7004707
2016-04-14,3875946.5038359
2016-04-15,3893329.4447932
2016-04-16,3894621.0402308
2016-04-17,3895456.3041677
2016-04-18,3904721.7434513
2016-04-19,3898817.0832941
2016-04-20,3906003.3404554
2016-04-21,3895234.2786268
2016-04-22,3893945.4817679
2016-04-23,3898360.1121516
2016-04-24,3898314.3171702
2016-04-25,3892936.6828191
2016-04-26,3889436.1778432
2016-04-27,3899808.5379439
2016-04-28,3889118.2101596
2016-04-29,3886474.6709857
2016-04-30,3887613.2315414
2016-05-01,3883288.7438452
2016-05-02,3884962.8584815
2016-05-03,3879108.8127655
2016-05-04,3898850.2919575
2016-05-05,3899886.8422077
2016-05-06,3884922.0616993
2016-05-07,3887741.332272
2016-05-08,3889494.6923728
2016-05-09,3892051.6712979
2016-05-10,3902951.4154199
2016-05-11,3912215.4910019
2016-05-12,3890355.9794687
2016-05-13,3894259.8286149
2016-05-14,3893458.0064702
2016-05-15,3899766.3315061
2016-05-16,3893160.9609363
2016-05-17,3880157.3095917
2016-05-18,3864874.59472
2016-05-19,3874309.0315765
2016-05-20,3874061.5768303
2016-05-21,3879569.6306135
2016-05-22,3891031.7870153
2016-05-23,3880413.538256
2016-05-24,3892656.8481447
2016-05-25,3895774.473209
2016-05-26,3887578.0993955
2016-05-27,3887111.0947852
2016-05-28,3903784.7133234
2016-05-29,3936179.2107825
2016-05-30,3944792.5529705
2016-05-31,3933461.3998753
2016-06-01,3940647.9011222
2016-06-02,3924285.709719
2016-06-03,3927750.9632242
2016-06-04,3918749.605511
2016-06-05,3926628.3977586
2016-06-06,3927105.536121
2016-06-07,3925799.1154893
2016-06-08,3940374.9548779
2016-06-09,3938529.4741235
2016-06-10,3920331.3892478
2016-06-11,3942767.9522951
2016-06-12,3945803.2037075
2016-06-13,3958762.3378826
2016-06-14,3957688.2625341
2016-06-15,3977071.260024
2016-06-16,3974445.9894724
2016-06-17,3969521.3638945
2016-06-18,3973123.0850451
2016-06-19,3972734.1132117
2016-06-20,3970708.7258123
2016-06-21,3990977.9544877
2016-06-22,3974483.3506148
2016-06-23,3970196.6307687
2016-06-24,3977580.1588457
2016-06-25,3982075.9109535
2016-06-26,3975918.2605215
2016-06-27,3961739.296312
2016-06-28,3970568.1168261
2016-06-29,3953890.6305414
2016-06-30,3962648.7477105
2016-07-01,3972400.0532823
2016-07-02,3979561.1650741
2016-07-03,3990525.1572991
2016-07-04,3992883.9503207
2016-07-05,3997128.60285
2016-07-06,3974522.5424729
2016-07-07,3973883.6430498
2016-07-08,3954346.0611903
2016-07-09,3942751.7345394
2016-07-10,3950247.7971612
2016-07-11,3947155.7074745
2016-07-12,3948347.9945447
2016-07-13,3946105.3950014
2016-07-14,3951606.7531066
2016-07-15,3941397.3654235
2016-07-16,3938035.6633403
2016-07-17,3937339.5388885
2016-07-18,3953090.4477249
2016-07-19,3989336.7857337
2016-07-20,3990108.4872394
2016-07-21,3990603.4634474
2016-07-22,4000313.5314463
2016-07-23,4001334.8077777
2016-07-24,4003922.5206022
2016-07-25,3996416.9131104
2016-07-26,4003774.8877299
2016-07-27,4012609.4541085
2016-07-28,4004166.4172049
2016-07-29,4005255.1755081
2016-07-30,4006879.6874492
2016-07-31,4019112.585827
2016-08-01,4051216.0656461
2016-08-02,3983611.7202126
2016-08-03,3984491.9236607
2016-08-04,3943050.7696616
2016-08-05,3945959.954393
2016-08-06,3932930.9624993
2016-08-07,3846724.9441337
2016-08-08,3837675.4421055
2016-08-09,3813237.4451345
2016-08-10,3818318.0784233
2016-08-11,3874629.6948613
2016-08-12,3873388.2771707
2016-08-13,3867858.1712006
2016-08-14,3860683.7170591
2016-08-15,3860212.2219583
2016-08-16,3848167.6849523
2016-08-17,3832388.4089272
2016-08-18,3824164.152232
2016-08-19,3818853.6247723
2016-08-20,3813514.0898053
2016-08-21,3808401.0102085
2016-08-22,3808478.9360837
2016-08-23,3794854.7423716
2016-08-24,3778002.5004013
2016-08-25,3773659.9303085
2016-08-26,3775823.0455994
2016-08-27,3769623.2198995
2016-08-28,3774288.1410127
2016-08-29,3775876.6431469
2016-08-30,3781940.9679016
2016-08-31,3766274.9593484
2016-09-01,3754232.1424927
2016-09-02,3751842.4708192
2016-09-03,3756184.9616581
2016-09-04,3750832.3649233
2016-09-05,3754446.1223312
2016-09-06,3753938.9624625
2016-09-07,3748211.062142
2016-09-08,3744394.9499018
2016-09-09,3740551.4264126
2016-09-10,3740194.64753
2016-09-11,3742952.3244719
2016-09-12,3721217.5063445
2016-09-13,3717217.5799776
2016-09-14,3716256.7558218
2016-09-15,3713276.2180298
2016-09-16,3709582.4465548
2016-09-17,3710652.5071566
2016-09-18,3710147.4187338
2016-09-19,3717185.0896398
2016-09-20,3699059.2777023
2016-09-21,3712298.7068758
2016-09-22,3707484.7251467
2016-09-23,3696067.3334027
2016-09-24,3716244.5178365
2016-09-25,3722472.346797
2016-09-26,3707516.9114945
2016-09-27,3693008.2410818
2016-09-28,3705338.7612066
2016-09-29,3678355.9492215
2016-09-30,3690766.6005722
2016-10-01,3694467.9919485
2016-10-02,3697061.4428174
2016-10-03,3692944.657535
2016-10-04,3695316.7340185
2016-10-05,3691736.8595383
2016-10-06,3697577.0494441
2016-10-07,3697519.1469488
2016-10-08,3691877.1245982
2016-10-09,3691356.722923
2016-10-10,3691031.3193567
2016-10-11,3704106.2876165
2016-10-12,3711619.0341058
2016-10-13,3708772.9384904
2016-10-14,3699062.2309893
2016-10-15,3708618.1410774
2016-10-16,3725101.7487117
2016-10-17,3729090.3349307
2016-10-18,3720164.237136
2016-10-19,3716310.2471017
2016-10-20,3710280.2703894
2016-10-21,3696950.1062796
2016-10-22,3700576.2653966
2016-10-23,3703746.35958
2016-10-24,3715672.4904671
2016-10-25,3704819.9545741
2016-10-26,3691863.8746017
2016-10-27,3671128.922581
2016-10-28,3664707.3302522
2016-10-29,3681631.444966
2016-10-30,3695653.6495542
2016-10-31,3706306.2013741
2016-11-01,3718495.093809
2016-11-02,3724806.9300784
2016-11-03,3753971.6027638
2016-11-04,3743891.3727813
2016-11-05,3732059.7665867
2016-11-06,3740995.0691322
2016-11-07,3745021.0237095
2016-11-08,3726020.024102
2016-11-09,3734176.7344856
2016-11-10,3733915.476549
2016-11-11,3724751.208514
2016-11-12,3726549.2424697
2016-11-13,3727929.1224297
2016-11-14,3734841.6357573
2016-11-15,3721316.7858532
2016-11-16,3725430.9976559
2016-11-17,3733537.1261307
2016-11-18,3734954.6618977
2016-11-19,3726199.1831196
2016-11-20,3727391.3205396
2016-11-21,3716656.2241625
2016-11-22,3764391.5396744
2016-11-23,3755215.5827493
2016-11-24,3747424.7399043
2016-11-25,3734315.8410634
2016-11-26,3730813.3384346
2016-11-27,3739349.8228541
2016-11-28,3728401.6229407
2016-11-29,3707860.8892832
2016-11-30,3713264.0098092
2016-12-01,3705445.6015469
2016-12-02,3695542.1789186
2016-12-03,3703623.0930101
2016-12-04,3701502.7164752
2016-12-05,3699275.3229612
2016-12-06,3713373.1732937
2016-12-07,3721373.4773516
2016-12-08,3724380.5043971
2016-12-09,3725794.1622178
2016-12-10,3723645.8720236
2016-12-11,3717261.8591961
2016-12-12,3703200.9370992
2016-12-13,3691154.6518873
2016-12-14,3693442.3996927
2016-12-15,3703406.8750289
2016-12-16,3706480.8985518
2016-12-17,3710462.3636994
2016-12-18,3712999.2868751
2016-12-19,3712429.7248708
2016-12-20,3709661.9532452
2016-12-21,3709402.0839584
2016-12-22,3700684.7264199
2016-12-23,3723755.8254466
2016-12-24,3729632.4120952
2016-12-25,3725098.8527268
2016-12-26,3727086.7468991
2016-12-27,3712764.6884678
2016-12-28,3718047.391376
2016-12-29,3709859.341156
2016-12-30,3693025.8654286
2016-12-31,3715318.7536129
2017-01-01,3708444.0645872
2017-01-02,3701155.6541585
2017-01-03,3691576.1156792
2017-01-04,3698452.6873646
2017-01-05,3716364.3703434
2017-01-06,3731187.2501342
2017-01-07,3724226.2985678
2017-01-08,3715606.471279
2017-01-09,3702465.2468383
2017-01-10,3707054.9856699
2017-01-11,3691120.6471398
2017-01-12,3684446.6881725
2017-01-13,3682376.0551164
2017-01-14,3685690.9484684
2017-01-15,3683456.3679892
2017-01-16,3684923.2989589
2017-01-17,3693528.1791965
2017-01-18,3686536.7321233
2017-01-19,3678480.8624173
2017-01-20,3663650.7484173
2017-01-21,3674094.1323215
2017-01-22,3676457.3617826
2017-01-23,3672155.1190831
2017-01-24,3665187.0215965
2017-01-25,3660085.1010956
2017-01-26,3658391.3144683
2017-01-27,3662676.5612719
2017-01-28,3663343.3522852
2017-01-29,3657793.0155316
2017-01-30,3655127.3297596
2017-01-31,3642399.0201718
2017-02-01,3642328.8243656
2017-02-02,3639574.8776164
2017-02-03,3639478.1435457
2017-02-04,3629519.10502
2017-02-05,3626695.1100385
2017-02-06,3625254.3895246
2017-02-07,3643541.3618357
2017-02-08,3618327.5335191
2017-02-09,3628523.7231538
2017-02-10,3614161.2561398
2017-02-11,3617607.3065204
2017-02-12,3599029.4525297
2017-02-13,3611944.9058566
2017-02-14,3618687.0186217
2017-02-15,3618878.7858822
2017-02-16,3622632.6359466
2017-02-17,3635110.1770812
2017-02-18,3635903.617821
2017-02-19,3610177.6191105
2017-02-20,3604238.0080021
2017-02-21,3612317.7760137
2017-02-22,3629555.2764108
2017-02-23,3630614.3817693
2017-02-24,3624265.8238272
2017-02-25,3626108.231329
2017-02-26,3617860.3948968
2017-02-27,3609308.620536
2017-02-28,3631409.6315468
2017-03-01,3642779.1064891
2017-03-02,3672409.7542803
2017-03-03,3682190.7073953
2017-03-04,3710691.1202614
2017-03-05,3717446.0351744
2017-03-06,3701825.0383995
2017-03-07,3692697.9566982
2017-03-08,3695508.0952807
2017-03-09,3703063.4375118
2017-03-10,3711123.3811398
2017-03-11,3702312.0872761
2017-03-12,3709188.3503287
2017-03-13,3703318.0374144
2017-03-14,3707719.8123903
2017-03-15,3713548.5893951
2017-03-16,3735298.5962977
2017-03-17,3759799.4386287
2017-03-18,3802462.4173633
2017-03-19,3816536.056187
2017-03-20,3824321.7357224
2017-03-21,3828081.3590108
2017-03-22,3824579.6412135
2017-03-23,3832514.0223714
2017-03-24,3869791.2759085
2017-03-25,3908703.4805032
2017-03-26,3919164.2391796
2017-03-27,3919961.8875236
2017-03-28,3907020.2309803
2017-03-29,3885510.8630356
2017-03-30,3891849.0806961
2017-03-31,3913524.4335649
2017-04-01,3899991.9659165
2017-04-02,3897049.4894455
2017-04-03,3904048.4451668
2017-04-04,3888288.9361516
2017-04-05,3901670.4978473
2017-04-06,3897105.9521679
2017-04-07,3923267.168254
2017-04-08,3920544.4611184
2017-04-09,3918171.6559341
2017-04-10,3918725.1396704
2017-04-11,3906400.9172247
2017-04-12,3907285.0194204
2017-04-13,3905462.4659474
2017-04-14,3905435.3148432
2017-04-15,3888026.6463477
2017-04-16,3876265.7353302
2017-04-17,3862292.6166691
2017-04-18,3854053.0391497
2017-04-19,3841097.6831538
2017-04-20,3835378.371682
2017-04-21,3830133.1168477
2017-04-22,3827123.3241445
2017-04-23,3825801.0661672
2017-04-24,3814725.7535773
2017-04-25,3811942.9624157
2017-04-26,3828180.704223
2017-04-27,3837765.0826878
2017-04-28,3837114.4087728
2017-04-29,3844641.3856002
2017-04-30,3844588.6096867
2017-05-01,3862871.9220251
2017-05-02,3855040.2006194
2017-05-03,3856840.0493211
2017-05-04,3869689.2872169
2017-05-05,3866440.4789898
2017-05-06,3872895.404838
2017-05-07,3879520.9331526
2017-05-08,3892226.5371689
2017-05-09,3895144.0628796
2017-05-10,3882027.3772908
2017-05-11,3899954.5003582
2017-05-12,3900848.0879584
2017-05-13,3886012.6555953
2017-05-14,3887478.437265
2017-05-15,3881502.3028712
2017-05-16,3878854.210037
2017-05-17,3863399.0031639
2017-05-18,3876269.7155337
2017-05-19,3861967.2736737
2017-05-20,3884223.025364
2017-05-21,3898396.008184
2017-05-22,3897898.8029064
2017-05-23,3896977.8937192
2017-05-24,3912343.6015728
2017-05-25,3961624.5371401
2017-05-26,3967396.0625673
2017-05-27,3989553.5964349
2017-05-28,3984182.4897034
2017-05-29,3971344.4363273
2017-05-30,3981349.3708926
2017-05-31,3960638.4152955
2017-06-01,3960322.2151318
2017-06-02,3958570.2764171
2017-06-03,3960888.4475724
2017-06-04,3966767.0695701
2017-06-05,3973936.8866238
2017-06-06,3995122.1452336
2017-06-07,3989996.4913092
2017-06-08,3999200.2020109
2017-06-09,3991925.0960453
2017-06-10,3998931.6353349
2017-06-11,3999709.7806253
2017-06-12,4014373.698124
2017-06-13,3991747.6953762
2017-06-14,4000017.0271428
2017-06-15,3992202.8990296
2017-06-16,3991566.5133791
2017-06-17,4000594.0670499
2017-06-18,3991373.1867014
2017-06-19,3996161.9592843
2017-06-20,3995311.1833329
2017-06-21,3990274.125784
2017-06-22,3994339.742391
2017-06-23,3997906.8089015
2017-06-24,4007684.2730343
2017-06-25,3999599.9132792
2017-06-26,4004485.6937279
2017-06-27,4003405.7070007
2017-06-28,3986891.1589171
2017-06-29,4012108.7992936
2017-06-30,4004880.1097495
2017-07-01,3996338.3515171
2017-07-02,4002937.5695436
2017-07-03,3995821.8614291
2017-07-04,4001423.1479375
2017-07-05,3994641.4340698
2017-07-06,3980985.7302617
2017-07-07,3975509.9539344
2017-07-08,3956907.9918071
2017-07-09,3968672.4017937
2017-07-10,3962815.0237006
2017-07-11,3983314.3341663
2017-07-12,3986222.4141676
2017-07-13,3965949.3826565
2017-07-14,3981327.7400392
2017-07-15,3991048.7461524
2017-07-16,4007598.4917234
2017-07-17,4030385.428999
2017-07-18,4030514.085366
2017-07-19,4000323.8484353
2017-07-20,4013453.1757179
2017-07-21,4017525.8334305
2017-07-22,4019009.6586949
2017-07-23,3991722.3044354
2017-07-24,3993948.0223268
2017-07-25,4011503.0316917
2017-07-26,3990089.75597
2017-07-27,3962491.7574831
2017-07-28,3863280.2423596
2017-07-29,3854929.646216
2017-07-30,3832438.6658318
2017-07-31,3838377.3107162
2017-08-01,3863909.4512266
2017-08-02,3832784.5501564
2017-08-03,3825736.1391846
2017-08-04,3807692.9825855
2017-08-05,3809114.4133776
2017-08-06,3818573.9048735
2017-08-07,3797350.3171039
2017-08-08,3825195.6703918
2017-08-09,3871261.2020682
2017-08-10,3854017.104921
2017-08-11,3835339.9091886
2017-08-12,3842857.0801952
2017-08-13,3850418.5941022
2017-08-14,3868507.8580219
2017-08-15,3866657.1167722
2017-08-16,3863702.5947204
2017-08-17,3852811.1208525
2017-08-18,3868550.6810253
2017-08-19,3826261.333254
2017-08-20,3824445.3457121
2017-08-21,3837275.2009167
2017-08-22,3834977.2246894
2017-08-23,3836547.1102286
2017-08-24,3817313.5842579
2017-08-25,3829341.1262434
2017-08-26,3837963.7192956
2017-08-27,3835226.2222682
2017-08-28,3825641.3003889
2017-08-29,3845094.2271566
2017-08-30,3843910.2471817
2017-08-31,3851096.2928209
2017-09-01,3852309.9569074
2017-09-02,3836645.4785306
2017-09-03,3825419.4505393
2017-09-04,3824436.2551905
2017-09-05,3843541.5397291
2017-09-06,3840627.8282747
2017-09-07,3822145.8139015
2017-09-08,3830665.0840176
2017-09-09,3821333.2475663
2017-09-10,3806467.0666975
2017-09-11,3803634.7604497
2017-09-12,3812373.7514179
2017-09-13,3812834.1419252
2017-09-14,3825545.7466279
2017-09-15,3848827.5484619
2017-09-16,3829150.7172814
2017-09-17,3835827.0432465
2017-09-18,3840772.073828
2017-09-19,3824189.2981635
2017-09-20,3823456.0414821
2017-09-21,3818230.2409725
2017-09-22,3815227.0085229
2017-09-23,3812819.2276369
2017-09-24,3823804.9043789
2017-09-25,3808155.8052404
2017-09-26,3792270.3670211
2017-09-27,3800482.8249839
2017-09-28,3787856.9886924
2017-09-29,3792458.8403444
2017-09-30,3783765.3687152
2017-10-01,3783919.5093296
2017-10-02,3768725.4215203
2017-10-03,3769317.7659627
2017-10-04,3767557.3663366
2017-10-05,3768472.1252628
2017-10-06,3773484.9163091
2017-10-07,3767776.3737989
2017-10-08,3754835.8032253
2017-10-09,3756896.7549488
2017-10-10,3750750.6013628
2017-10-11,3763465.3943145
2017-10-12,3782507.33037
2017-10-13,3807324.1022909
2017-10-14,3818889.7395992
2017-10-15,3804355.1290677
2017-10-16,3799407.2261228
2017-10-17,3788989.6514695
2017-10-18,3783927.6774813
2017-10-19,3778607.5900201
2017-10-20,3777338.381477
2017-10-21,3783999.79718
2017-10-22,3781513.0238354
2017-10-23,3755250.8159385
2017-10-24,3771258.435832
2017-10-25,3753359.0733783
2017-10-26,3738873.9283982
2017-10-27,3737301.3697872
2017-10-28,3725314.8490085
2017-10-29,3728762.6796744
2017-10-30,3724549.7542616
2017-10-31,3725810.1042614
2017-11-01,3730642.2073072
2017-11-02,3741214.5255573
2017-11-03,3746271.7924169
2017-11-04,3743771.9944391
2017-11-05,3746746.6402624
2017-11-06,3751048.0288286
2017-11-07,3748583.1719006
2017-11-08,3766570.7762284
2017-11-09,3769060.6214239
2017-11-10,3787130.5313156
2017-11-11,3805764.3987831
2017-11-12,3831920.0176444
2017-11-13,3827655.6378644
2017-11-14,3793672.7690004
2017-11-15,3786330.3377891
2017-11-16,3784643.0511425
2017-11-17,3797496.3938623
2017-11-18,3790852.923987
2017-11-19,3789091.6743201
2017-11-20,3771951.6034581
2017-11-21,3764553.023344
2017-11-22,3759380.6097027
2017-11-23,3757208.5919385
2017-11-24,3754636.8239264
2017-11-25,3747845.1052848
2017-11-26,3742039.8147265
2017-11-27,3739572.0588727
2017-11-28,3754023.2642104
2017-11-29,3780574.235984
2017-11-30,3785505.2837328
2017-12-01,3787775.2997664
2017-12-02,3786052.8759316
2017-12-03,3785531.9144261
2017-12-04,3792154.6291962
2017-12-05,3809602.484438
2017-12-06,3796211.4885445
2017-12-07,3821691.8500226
2017-12-08,3853050.156799
2017-12-09,3829813.730011
2017-12-10,3849300.1216257
2017-12-11,3862108.6498959
2017-12-12,3864840.1964324
2017-12-13,3888431.1868899
2017-12-14,3896001.1102559
2017-12-15,3912038.1312683
2017-12-16,3916612.1060682
2017-12-17,3916882.4472343
2017-12-18,3932445.2259093
2017-12-19,3936654.377739
2017-12-20,3993527.9425062
2017-12-21,4018826.6221655
2017-12-22,4062168.3054444
2017-12-23,4071543.6001026
2017-12-24,4071986.6082939
2017-12-25,4079231.2758585
2017-12-26,4088579.1864942
2017-12-27,4094178.5240163
2017-12-28,4069789.5665475
2017-12-29,4074570.9500179
2017-12-30,4083918.419021
2017-12-31,4079190.1481618
2018-01-01,4067861.8896701
2018-01-02,4081790.0696938
2018-01-03,4087254.0858347
2018-01-04,4086367.27891
2018-01-05,4113992.7514718
2018-01-06,4102234.8121538
2018-01-07,4090803.9019308
2018-01-08,4097609.610069
2018-01-09,4099984.3435168
2018-01-10,4103865.3116155
2018-01-11,4096143.6617413
2018-01-12,4103653.9336708
2018-01-13,4103200.0541347
2018-01-14,4097177.8814087
2018-01-15,4104956.2357677
2018-01-16,4142039.906506
2018-01-17,4172262.0313503
2018-01-18,4181869.0668546
2018-01-19,4162009.1742324
2018-01-20,4156652.4824953
2018-01-21,4153914.1107336
2018-01-22,4144516.5032476
2018-01-23,4138979.5161895
2018-01-24,4143355.5599815
2018-01-25,4139614.0807817
2018-01-26,4139921.6528805
2018-01-27,4138426.2966744
2018-01-28,4137991.1712511
2018-01-29,4132927.4067957
2018-01-30,4133950.5249404
2018-01-31,4138220.3950263
2018-02-01,4166305.360232
2018-02-02,4196059.0990127
2018-02-03,4190203.357583
2018-02-04,4205807.0047093
2018-02-05,4282904.2296059
2018-02-06,4304543.7051312
2018-02-07,4308662.3729826
2018-02-08,4310405.2670551
2018-02-09,4312549.832083
2018-02-10,4309506.6859182
2018-02-11,4315240.8669463
2018-02-12,4315510.34249
2018-02-13,4322367.6931546
2018-02-14,4306165.929502
2018-02-15,4301143.5925093
2018-02-16,4307368.4718138
2018-02-17,4308633.1682212
2018-02-18,4307387.5454306
2018-02-19,4304710.9057625
2018-02-20,4315828.548684
2018-02-21,4315547.7926146
2018-02-22,4328656.7187337
2018-02-23,4331287.4453294
2018-02-24,4334330.0667166
2018-02-25,4334757.5602565
2018-02-26,4338688.8785023
2018-02-27,4335808.2550405
2018-02-28,4341278.4590035
2018-03-01,4352148.4785556
2018-03-02,4353589.1282836
2018-03-03,4356022.0182864
2018-03-04,4361191.4257515
2018-03-05,4323098.3679284
2018-03-06,4324740.6332574
2018-03-07,4314551.5382126
2018-03-08,4311555.1076042
2018-03-09,4314893.5734649
2018-03-10,4298913.6264566
2018-03-11,4306564.5150335
2018-03-12,4309915.8844795
2018-03-13,4289057.6541591
2018-03-14,4295239.2511807
2018-03-15,4300582.4345261
2018-03-16,4299550.3922505
2018-03-17,4302831.7480845
2018-03-18,4322927.9450655
2018-03-19,4329256.5215842
2018-03-20,4323617.602747
2018-03-21,4330255.1396915
2018-03-22,4323529.1569697
2018-03-23,4320353.2486542
2018-03-24,4322250.1545664
2018-03-25,4317791.1244751
2018-03-26,4324571.2834122
2018-03-27,4316479.7135189
2018-03-28,4311981.2867825
2018-03-29,4332416.7698833
2018-03-30,4343937.2176686
2018-03-31,4347047.8369354
2018-04-01,4346356.8781032
2018-04-02,4357004.7528235
2018-04-03,4362638.0734101
2018-04-04,4363143.3780829
2018-04-05,4361113.5757939
2018-04-06,4356968.2850611
2018-04-07,4351839.0120944
2018-04-08,4351639.3596368
2018-04-09,4350769.1935373
2018-04-10,4352581.8897367
2018-04-11,4340547.0641586
2018-04-12,4351399.086497
2018-04-13,4351275.1013083
2018-04-14,4358442.1631938
2018-04-15,4364354.7784563
2018-04-16,4363734.8206482
2018-04-17,4347110.4491826
2018-04-18,4348320.8047105
2018-04-19,4319918.4548422
2018-04-20,4313204.6727957
2018-04-21,4311214.341786
2018-04-22,4307228.4886171
2018-04-23,4302858.0846938
2018-04-24,4306031.892871
2018-04-25,4307131.0347366
2018-04-26,4375437.6026522
2018-04-27,4371441.2269364
2018-04-28,4376622.4078874
2018-04-29,4376588.6203893
2018-04-30,4382804.6942687
2018-05-01,4381638.6733545
2018-05-02,4378984.3023329
2018-05-03,4384978.8692187
2018-05-04,4387434.4882391
2018-05-05,4390202.780136
2018-05-06,4391439.5745601
2018-05-07,4393244.8939406
2018-05-08,4393876.0807558
2018-05-09,4399397.4181001
2018-05-10,4421969.6705776
2018-05-11,4422317.6699327
2018-05-12,4426861.3610894
2018-05-13,4427134.8546776
2018-05-14,4443458.5655745
2018-05-15,4430786.4824923
2018-05-16,4445620.0443592
2018-05-17,4458175.7221457
2018-05-18,4444425.4506993
2018-05-19,4442571.8993029
2018-05-20,4440910.0221413
2018-05-21,4441371.3175661
2018-05-22,4437451.5073566
2018-05-23,4450605.6193181
2018-05-24,4450906.2847965
2018-05-25,4442824.6723782
2018-05-26,4440142.2880119
2018-05-27,4443276.483839
2018-05-28,4435596.2519062
2018-05-29,4431143.0507049
2018-05-30,4427746.9494571
2018-05-31,4430046.7546439
2018-06-01,4433182.8060766
2018-06-02,4434672.4285666
2018-06-03,4434400.0700151
2018-06-04,4421482.1704418
2018-06-05,4421058.2615201
2018-06-06,4426489.259855
2018-06-07,4426564.8249242
2018-06-08,4424928.3552706
2018-06-09,4432050.1553762
2018-06-10,4435966.9198256
2018-06-11,4440389.3880436
2018-06-12,4438173.6594217
2018-06-13,4468353.6947751
2018-06-14,4465858.3642038
2018-06-15,4456236.6868094
2018-06-16,4457096.0348413
2018-06-17,4455535.3464057
2018-06-18,4458405.9819225
2018-06-19,4452626.494727
2018-06-20,4451816.8099735
2018-06-21,4447631.2587155
2018-06-22,4452425.1329037
2018-06-23,4448030.3111956
2018-06-24,4453179.1793274
2018-06-25,4452383.3720327
2018-06-26,4454885.5371131
2018-06-27,4451648.5139875
2018-06-28,4453458.6911476
2018-06-29,4462077.6999788
2018-06-30,4461883.6571899
2018-07-01,4462360.404311
2018-07-02,4471026.111352
2018-07-03,4465163.5682357
2018-07-04,4466131.2314442
2018-07-05,4469661.3245272
2018-07-06,4479331.0190749
2018-07-07,4480308.3720913
2018-07-08,4451433.5061653
2018-07-09,4448841.8547735
2018-07-10,4464158.9035851
2018-07-11,4469563.6739536
2018-07-12,4475259.8193964
2018-07-13,4469635.8866859
2018-07-14,4469140.9380423
2018-07-15,4468190.4593156
2018-07-16,4475825.3606097
2018-07-17,4488894.3529177
2018-07-18,4500256.5784672
2018-07-19,4502977.6743177
2018-07-20,4506294.6621311
2018-07-21,4510088.5096594
2018-07-22,4512752.4357449
2018-07-23,4519217.2371613
2018-07-24,4528890.2678796
2018-07-25,4538457.1670436
2018-07-26,4537182.0464469
2018-07-27,4535152.5530438
2018-07-28,4533836.2629667
2018-07-29,4544294.8200444
2018-07-30,4541459.9332455
2018-07-31,4544684.777218
2018-08-01,4551647.0553126
2018-08-02,4553782.5173369
2018-08-03,4560170.1994809
2018-08-04,4546661.7234292
2018-08-05,4551969.144294
2018-08-06,4553961.9927946
2018-08-07,4553895.743398
2018-08-08,4561290.6899225
2018-08-09,4547307.8052744
2018-08-10,4544475.9794929
2018-08-11,4551459.7536914
2018-08-12,4551639.6297518
2018-08-13,4561521.1757814
2018-08-14,4563509.6243081
2018-08-15,4577513.7030747
2018-08-16,4578440.7797552
2018-08-17,4583539.0386065
2018-08-18,4587861.1655064
2018-08-19,4590074.9793704
2018-08-20,4595129.2066277
2018-08-21,4601957.449407
2018-08-22,4605457.6652007
2018-08-23,4607503.7989416
2018-08-24,4612910.4295367
2018-08-25,4611998.3378525
2018-08-26,4612777.4582824
2018-08-27,4614400.7905997
2018-08-28,4619748.6891152
2018-08-29,4629903.830152
2018-08-30,4636627.1744834
2018-08-31,4638589.9704598
2018-09-01,4638057.1167571
2018-09-02,4641182.7221704
2018-09-03,4644991.5874581
2018-09-04,4652828.7676665
2018-09-05,4658947.5519902
2018-09-06,4666256.7500167
2018-09-07,4661952.6636088
2018-09-08,4669375.8446396
2018-09-09,4679101.9458088
2018-09-10,4680464.030494
2018-09-11,4676950.765851
2018-09-12,4680706.2721613
2018-09-13,4686130.9625611
2018-09-14,4679030.5827885
2018-09-15,4680390.7224686
2018-09-16,4680399.6027723
2018-09-17,4688279.4444529
2018-09-18,4691850.2021794
2018-09-19,4690426.5674106
2018-09-20,4689412.7797534
2018-09-21,4700886.0780904
2018-09-22,4697837.9042439
2018-09-23,4698287.7956647
2018-09-24,4699114.1715691
2018-09-25,4702629.0685803
2018-09-26,4699435.5195215
2018-09-27,4711083.4127971
2018-09-28,4709994.6684798
2018-09-29,4709902.5596217
2018-09-30,4711990.4291863
2018-10-01,4714673.0673188
2018-10-02,4711768.8311941
2018-10-03,4717877.4351559
2018-10-04,4719224.8121921
2018-10-05,4715686.8072523
2018-10-06,4718828.0985216
2018-10-07,4719511.3738453
2018-10-08,4719265.8037501
2018-10-09,4715524.6850562
2018-10-10,4721171.64198
2018-10-11,4727242.3378728
2018-10-12,4713130.5098084
2018-10-13,4717611.0695105
2018-10-14,4714656.9235215
2018-10-15,4730518.5034202
2018-10-16,4724900.2558273
2018-10-17,4727486.2494417
2018-10-18,4731018.2589963
2018-10-19,4738214.2403939
2018-10-20,4739153.5497682
2018-10-21,4743218.9073609
2018-10-22,4731541.8757061
2018-10-23,4724448.7520556
2018-10-24,4720560.9064286
2018-10-25,4734761.9849029
2018-10-26,4762685.712283
2018-10-27,4766014.6633137
2018-10-28,4769282.8361505
2018-10-29,4768181.0006201
2018-10-30,4773180.2860745
2018-10-31,4761122.0270054
2018-11-01,4757097.8821252
2018-11-02,4756316.1473302
2018-11-03,4754945.9525262
2018-11-04,4753237.6057467
2018-11-05,4750946.1699079
2018-11-06,4760426.1639954
2018-11-07,4766936.8954527
2018-11-08,4768214.229246
2018-11-09,4768051.4178328
2018-11-10,4769618.1586967
2018-11-11,4770859.164217
2018-11-12,4769099.7217333
2018-11-13,4782420.9273657
2018-11-14,4783289.766364
2018-11-15,4788959.5830986
2018-11-16,4792892.6211771
2018-11-17,4798082.2201861
2018-11-18,4798271.314369
2018-11-19,4824516.7809609
2018-11-20,4852894.041272
2018-11-21,4856690.2311751
2018-11-22,4847757.6137799
2018-11-23,4857998.2377709
2018-11-24,4867594.5947201
2018-11-25,4893781.2126271
2018-11-26,4905351.4707743
2018-11-27,4896174.6030138
2018-11-28,4898010.5124195
2018-11-29,4887464.9347526
2018-11-30,4874863.0412988
2018-12-01,4876868.3767605
2018-12-02,4878860.2357879
2018-12-03,4874964.0963663
2018-12-04,4882859.1656414
2018-12-05,4891543.228897
2018-12-06,4908014.4375365
2018-12-07,4919404.4822965
2018-12-08,4918168.2523231
2018-12-09,4921215.4281299
2018-12-10,4924145.7340602
2018-12-11,4927334.5568733
2018-12-12,4946882.111237
2018-12-13,4947498.2559081
2018-12-14,4948293.0634335
2018-12-15,4954473.5804854
2018-12-16,4948782.4800985
2018-12-17,4956079.8171676
2018-12-18,4956387.5628596
2018-12-19,4962636.5420625
2018-12-20,4974140.7416774
2018-12-21,4985146.7110983
2018-12-22,4987745.2890917
2018-12-23,5000057.8271032
2018-12-24,4996434.5851711
2018-12-25,4998179.2225285
2018-12-26,5002576.0581725
2018-12-27,5006909.6320363
2018-12-28,5004604.9485014
2018-12-29,4996825.5110586
2018-12-30,4992651.6923734
2018-12-31,4997379.9063148
2019-01-01,4995299.7991538
2019-01-02,4990926.7407827
2019-01-03,4979084.6125129
2019-01-04,4979115.0207233
2019-01-05,4981482.1304179
2019-01-06,4987347.4232972
2019-01-07,4987624.7340376
2019-01-08,4992367.8183575
2019-01-09,4995264.8762549
2019-01-10,5005634.3968519
2019-01-11,5011472.5072974
2019-01-12,5010794.9578403
2019-01-13,5009618.3684481
2019-01-14,5013380.2311078
2019-01-15,5015125.1427954
2019-01-16,5022822.5790203
2019-01-17,5028575.5530321
2019-01-18,5028014.1118434
2019-01-19,5031437.2743737
2019-01-20,5033836.8347646
2019-01-21,5036563.297474
2019-01-22,5036683.9569133
2019-01-23,5041345.403096
2019-01-24,5030470.1156314
2019-01-25,5029675.145037
2019-01-26,5028950.113065
2019-01-27,5031104.6673177
2019-01-28,5032841.7902418
2019-01-29,5035849.1527231
2019-01-30,5017948.6280383
2019-01-31,5033477.541354
2019-02-01,5035076.643155
2019-02-02,5034134.2422014
2019-02-03,5033971.0285579
2019-02-04,5034076.3382006
2019-02-05,5038593.7981101
2019-02-06,5041269.6182135
2019-02-07,5052037.3706304
2019-02-08,5057421.3538094
2019-02-09,5057524.8521817
2019-02-10,5057914.6443153
2019-02-11,5057103.5403352
2019-02-12,5063973.9361119
2019-02-13,5036793.773191
2019-02-14,5036337.8210528
2019-02-15,5026470.2410432
2019-02-16,5030906.7043358
2019-02-17,5036613.9657532
2019-02-18,5039035.7144545
2019-02-19,5042351.7473921
2019-02-20,5047315.3392033
2019-02-21,5051155.8219405
2019-02-22,5051353.3075509
2019-02-23,5044770.2023954
2019-02-24,5049314.0765896
2019-02-25,5048547.9064012
2019-02-26,5048926.2804078
2019-02-27,5052439.7037759
2019-02-28,5050288.5010113
2019-03-01,5052354.887786
2019-03-02,5030192.1211037
2019-03-03,5030869.0432756
2019-03-04,5032708.8955835
2019-03-05,5036141.371623
2019-03-06,5040785.3360182
2019-03-07,5045489.4332116
2019-03-08,5042302.5773198
2019-03-09,5044088.5710611
2019-03-10,5044263.2969374
2019-03-11,5044131.8227085
2019-03-12,5042427.3322507
2019-03-13,5054384.1462996
2019-03-14,5030922.6593719
2019-03-15,5032391.0159822
2019-03-16,5034452.1532623
2019-03-17,5033152.1428347
2019-03-18,5036905.1662351
2019-03-19,5045039.8608883
2019-03-20,5041385.6233729
2019-03-21,5045477.2294623
2019-03-22,5040679.2157436
2019-03-23,5041029.0947887
2019-03-24,5041991.4682924
2019-03-25,5041765.4070344
2019-03-26,5041077.9882105
2019-03-27,5029169.1840498
2019-03-28,5025865.1307405
2019-03-29,5006256.5688155
2019-03-30,5005910.2812761
2019-03-31,5026555.0198452
2019-04-01,5023398.3899678
2019-04-02,5038478.6978159
2019-04-03,5032156.2756884
2019-04-04,5030752.4496594
2019-04-05,5014218.185791
2019-04-06,5017414.6832847
2019-04-07,5019643.802164
2019-04-08,5021677.7387179
2019-04-09,5018602.3155047
2019-04-10,5018308.8426246
2019-04-11,5018585.710118
2019-04-12,5020582.501132
2019-04-13,5014855.7206951
2019-04-14,5015838.0464467
2019-04-15,5023449.8296631
2019-04-16,5020468.0791653
2019-04-17,5017307.7285889
2019-04-18,5017244.5528649
2019-04-19,5015859.2269171
2019-04-20,5015641.6835243
2019-04-21,5019131.9083411
2019-04-22,5038463.8823786
2019-04-23,5044175.9447224
2019-04-24,5038758.6289919
2019-04-25,5045291.0004607
2019-04-26,5034372.849898
2019-04-27,5032771.0343355
2019-04-28,5032158.0890309
2019-04-29,5027591.9535923
2019-04-30,5030798.9387429
2019-05-01,5030842.8125862
2019-05-02,5033931.6337493
2019-05-03,5036098.6474485
2019-05-04,5042129.2978802
2019-05-05,5040521.3221728
2019-05-06,5035044.2812606
2019-05-07,5032550.1132503
2019-05-08,5023610.1155002
2019-05-09,5028161.6959426
2019-05-10,5033845.5159348
2019-05-11,5031080.8175827
2019-05-12,5037976.0476371
2019-05-13,5047708.6270284
2019-05-14,5056074.9693189
2019-05-15,5046021.8616533
2019-05-16,5053586.2979483
2019-05-17,5056560.9964421
2019-05-18,5048147.0230801
2019-05-19,5045006.1177927
2019-05-20,5051208.903716
2019-05-21,5053225.7944545
2019-05-22,5049305.178404
2019-05-23,5056059.1014058
2019-05-24,5050490.4914988
2019-05-25,5053532.9719023
2019-05-26,5033209.9419047
2019-05-27,5038722.0768234
2019-05-28,5044772.114422
2019-05-29,5050740.3270006
2019-05-30,5061005.7414108
2019-05-31,5070600.4087284
2019-06-01,5059744.2970844
2019-06-02,5059677.2962177
2019-06-03,5066775.1508708
2019-06-04,5065287.5432822
2019-06-05,5059582.7713083
2019-06-06,5052486.4680493
2019-06-07,5043763.3128455
2019-06-08,5044449.7859517
2019-06-09,5046247.6072726
2019-06-10,5040532.01342
2019-06-11,5041074.3685243
2019-06-12,5030000.3042484
2019-06-13,5028786.7496289
2019-06-14,5010721.5920068
2019-06-15,5006834.7094825
2019-06-16,5022789.6085952
2019-06-17,5017744.7760357
2019-06-18,5023359.1428572
2019-06-19,5020520.8532422
2019-06-20,5025799.2814397
2019-06-21,5026025.0272613
2019-06-22,5043971.1403243
2019-06-23,5044811.7917055
2019-06-24,5040500.3023249
2019-06-25,5056590.2485871
2019-06-26,5085264.5914021
2019-06-27,5099334.2607806
2019-06-28,5092707.2132325
2019-06-29,5090050.5698412
2019-06-30,5114786.3388169
2019-07-01,5127874.1747076
2019-07-02,5116530.4742806
2019-07-03,5120497.0394996
2019-07-04,5115560.7242386
2019-07-05,5115215.9173634
2019-07-06,5120426.2055694
2019-07-07,5119939.140711
2019-07-08,5140955.1639202
2019-07-09,5145201.478814
2019-07-10,5151884.8409195
2019-07-11,5197990.4250252
2019-07-12,5185120.0611977
2019-07-13,5187485.757391
2019-07-14,5189066.605574
2019-07-15,5188145.8372457
2019-07-16,5192847.6739542
2019-07-17,5210315.6290483
2019-07-18,5222055.8307134
2019-07-19,5222348.2527685
2019-07-20,5221818.6151959
2019-07-21,5223572.2735859
2019-07-22,5218464.2825691
2019-07-23,5209518.5597662
2019-07-24,5201408.3051656
2019-07-25,5185831.9622483
2019-07-26,5181593.3188452
2019-07-27,5186238.6666188
2019-07-28,5191288.5454973
2019-07-29,5190922.3772421
2019-07-30,5184295.9653845
2019-07-31,5181084.2181754
2019-08-01,5176671.8212675
2019-08-02,5177233.6505835
2019-08-03,5179884.2284077
2019-08-04,5179585.4955693
2019-08-05,5182077.2775836
2019-08-06,5148575.841646
2019-08-07,5131398.3227547
2019-08-08,5135263.224529
2019-08-09,5139154.9011927
2019-08-10,5145159.1494711
2019-08-11,5147392.2369515
2019-08-12,5136148.6263468
2019-08-13,5143117.0931145
2019-08-14,5156237.3071219
2019-08-15,5159380.0281664
2019-08-16,5157034.0142243
2019-08-17,5158981.913754
2019-08-18,5152971.252724
2019-08-19,5158358.1450908
2019-08-20,5169554.5229873
2019-08-21,5165901.6385546
2019-08-22,5160073.0051271
2019-08-23,5151465.8876529
2019-08-24,5146518.0729
2019-08-25,5144578.7017512
2019-08-26,5141607.0417873
2019-08-27,5134888.125552
2019-08-28,5156713.6641774
2019-08-29,5153336.8946245
2019-08-30,5149049.167071
2019-08-31,5150088.8136108
2019-09-01,5152745.7564869
2019-09-02,5160431.8953154
2019-09-03,5162024.404507
2019-09-04,5165004.1278008
2019-09-05,5171222.881916
2019-09-06,5130994.5220912
2019-09-07,5132587.3048262
2019-09-08,5134372.7077025
2019-09-09,5133545.3741764
2019-09-10,5131961.5859477
2019-09-11,5134923.5548855
2019-09-12,5138754.4841751
2019-09-13,5140178.4372838
2019-09-14,5142699.4246471
2019-09-15,5145304.9098062
2019-09-16,5151169.7374466
2019-09-17,5151829.1426567
2019-09-18,5151036.188555
2019-09-19,5149684.6831175
2019-09-20,5151941.777379
2019-09-21,5156188.0415175
2019-09-22,5157166.218891
2019-09-23,5160324.4872917
2019-09-24,5172258.1896096
2019-09-25,5172468.6884782
2019-09-26,5179386.3668451
2019-09-27,5175197.9977434
2019-09-28,5171847.4173413
2019-09-29,5174112.0168864
2019-09-30,5180243.458532
2019-10-01,5174349.2025709
2019-10-02,5171022.3352454
2019-10-03,5169172.940721
2019-10-04,5170615.1024654
2019-10-05,5173722.1491767
2019-10-06,5177503.6044997
2019-10-07,5175458.8778883
2019-10-08,5179228.9893028
2019-10-09,5184492.8670758
2019-10-10,5185301.4383588
2019-10-11,5176788.2401255
2019-10-12,5178016.6940525
2019-10-13,5183027.9269597
2019-10-14,5176560.1137352
2019-10-15,5183409.8935666
2019-10-16,5186847.23089
2019-10-17,5195698.786231
2019-10-18,5194684.4427611
2019-10-19,5197165.7409536
2019-10-20,5199609.4649641
2019-10-21,5217403.9361661
2019-10-22,5217917.7136324
2019-10-23,5219505.1739874
2019-10-24,5214504.0031721
2019-10-25,5225978.3123664
2019-10-26,5234067.7895958
2019-10-27,5238927.3966626
2019-10-28,5245092.6185575
2019-10-29,5241647.3024827
2019-10-30,5243731.1050577
2019-10-31,5250191.3543591
2019-11-01,5199536.2274107
2019-11-02,5202309.1933296
2019-11-03,5205691.460052
2019-11-04,5207477.9718328
2019-11-05,5215547.3430667
2019-11-06,5225979.3273928
2019-11-07,5229343.6487582
2019-11-08,5220559.7076733
2019-11-09,5220410.9523465
2019-11-10,5222894.4043046
2019-11-11,5224475.3531774
2019-11-12,5220864.9719737
2019-11-13,5233017.7545312
2019-11-14,5215150.8122317
2019-11-15,5214425.5511548
2019-11-16,5217572.7170131
2019-11-17,5218850.0138579
2019-11-18,5227673.452776
2019-11-19,5218109.1274124
2019-11-20,5216968.9670373
2019-11-21,5219696.4016215
2019-11-22,5217643.1301117
2019-11-23,5214925.0914072
2019-11-24,5218678.5896811
2019-11-25,5218079.8608777
2019-11-26,5211431.6446148
2019-11-27,5203415.4578863
2019-11-28,5198636.4138808
2019-11-29,5193349.4348585
2019-11-30,5191505.4853476
2019-12-01,5181663.8500851
2019-12-02,5185440.378709
2019-12-03,5181454.7685471
2019-12-04,5185947.2874733
2019-12-05,5179397.501265
2019-12-06,5179080.6357847
2019-12-07,5183817.5351378
2019-12-08,5185447.5119988
2019-12-09,5188803.1541602
2019-12-10,5177926.0995632
2019-12-11,5181594.0258417
2019-12-12,5183393.3404029
2019-12-13,5187543.3198644
2019-12-14,5185704.5221679
2019-12-15,5187595.8005208
2019-12-16,5186703.4979323
2019-12-17,5189355.6582173
2019-12-18,5193159.9078187
2019-12-19,5191249.0190871
2019-12-20,5195730.0827355
2019-12-21,5196919.5091395
2019-12-22,5202352.2309522
2019-12-23,5216272.6144693
2019-12-24,5218946.2436301
2019-12-25,5216292.7740173
2019-12-26,5216573.2284078
2019-12-27,5215636.9225936
2019-12-28,5221547.8732377
2019-12-29,5221210.1218055
2019-12-30,5222359.7112164
2019-12-31,5222474.2688545
2020-01-01,5228533.7309085
2020-01-02,5226379.5992512
2020-01-03,5226753.2043628
2020-01-04,5228096.5196822
2020-01-05,5230402.0491714
2020-01-06,5229271.9159625
2020-01-07,5234769.8775623
2020-01-08,5245278.4346571
2020-01-09,5247656.8735959
2020-01-10,5254363.6023307
2020-01-11,5251894.812466
2020-01-12,5248276.4009578
2020-01-13,5251130.412162
2020-01-14,5275297.3497621
2020-01-15,5277664.4627327
2020-01-16,5269002.5721393
2020-01-17,5271964.1149125
2020-01-18,5271764.8128525
2020-01-19,5273757.1607445
2020-01-20,5271843.3430213
2020-01-21,5271034.322281
2020-01-22,5265000.8272579
2020-01-23,5271336.0057378
2020-01-24,5264657.9438365
2020-01-25,5264749.7007862
2020-01-26,5265251.8450582
2020-01-27,5266659.3912398
2020-01-28,5275117.544253
2020-01-29,5276797.1653349
2020-01-30,5276632.506271
2020-01-31,5279876.9600011
2020-02-01,5285209.4318111
2020-02-02,5283504.6134859
2020-02-03,5294925.6431617
2020-02-04,5293283.3814578
2020-02-05,5295840.6508756
2020-02-06,5335361.1719099
2020-02-07,5358537.3325528
2020-02-08,5380574.1751207
2020-02-09,5389101.4449298
2020-02-10,5384792.652351
2020-02-11,5350743.3578962
2020-02-12,5355371.6864323
2020-02-13,5356771.5214079
2020-02-14,5359350.0795033
2020-02-15,5360058.6305839
2020-02-16,5364699.2953571
2020-02-17,5362468.0070217
2020-02-18,5366997.052947
2020-02-19,5362127.0841801
2020-02-20,5359021.1699992
2020-02-21,5350560.4188889
2020-02-22,5346606.6942015
2020-02-23,5349366.4699141
2020-02-24,5352911.6257735
2020-02-25,5346028.0257807
2020-02-26,5355656.5500057
2020-02-27,5353137.536236
2020-02-28,5351776.9562882
2020-02-29,5351001.7000399
2020-03-01,5343208.1110568
2020-03-02,5348290.2239162
2020-03-03,5337226.3338651
2020-03-04,5332592.2479721
2020-03-05,5312222.6399211
2020-03-06,5302462.1075781
2020-03-07,5303310.8443385
2020-03-08,5308710.919508
2020-03-09,5329790.3567307
2020-03-10,5333145.7553949
2020-03-11,5335107.8268496
2020-03-12,5377355.5647595
2020-03-13,5431954.1653324
2020-03-14,5430641.9910728
2020-03-15,5441605.583255
2020-03-16,5423528.26986
2020-03-17,5413990.3781067
2020-03-18,5404309.6759261
2020-03-19,5393672.4451596
2020-03-20,5415931.2753347
2020-03-21,5403938.2690204
2020-03-22,5406990.4114683
2020-03-23,5409627.1207367
2020-03-24,5401956.2544731
2020-03-25,5401792.9853054
2020-03-26,5407626.650496
2020-03-27,5401130.3388033
2020-03-28,5402542.3196802
2020-03-29,5409025.4375266
2020-03-30,5416683.3575213
2020-03-31,5415673.4456192
2020-04-01,5409954.2403938
2020-04-02,5407450.9908603
2020-04-03,5405208.0904649
2020-04-04,5409234.7184417
2020-04-05,5408505.411457
2020-04-06,5417022.3141647
2020-04-07,5427557.1658957
2020-04-08,5424077.1632717
2020-04-09,5416374.7831206
2020-04-10,5418381.962628
2020-04-11,5413854.0546062
2020-04-12,5413856.989544
2020-04-13,5405223.5657542
2020-04-14,5403871.2313093
2020-04-15,5400375.121754
2020-04-16,5425873.6853946
2020-04-17,5417315.7312318
2020-04-18,5418564.643663
2020-04-19,5417491.0522329
2020-04-20,5411873.8659405
2020-04-21,5405510.1804867
2020-04-22,5395415.8536325
2020-04-23,5391882.1250973
2020-04-24,5385356.1297347
2020-04-25,5386471.3631465
2020-04-26,5388866.6048007
2020-04-27,5389323.001311
2020-04-28,5383422.4239833
2020-04-29,5384370.5477816
2020-04-30,5389285.4365271
2020-05-01,5389810.335971
2020-05-02,5390656.4562875
2020-05-03,5394490.5375241
2020-05-04,5387150.0819051
2020-05-05,5391051.4806352
2020-05-06,5384498.5661707
2020-05-07,5405908.0253329
2020-05-08,5416144.9781572
2020-05-09,5413225.0960118
2020-05-10,5406901.7064838
2020-05-11,5392318.3315706
2020-05-12,5371675.7710936
2020-05-13,5363025.1173069
2020-05-14,5366824.6253719
2020-05-15,5364670.6121135
2020-05-16,5364712.8267687
2020-05-17,5363799.0147387
2020-05-18,5359015.7398313
2020-05-19,5344389.7132909
2020-05-20,5349216.0430309
2020-05-21,5347953.1954705
2020-05-22,5347465.6117962
2020-05-23,5346029.8033139
2020-05-24,5344932.3122378
2020-05-25,5336558.0971825
2020-05-26,5332133.2240773
2020-05-27,5331124.2972566
2020-05-28,5319499.2967439
2020-05-29,5316000.30524
2020-05-30,5316538.9154383
2020-05-31,5317808.263285
2020-06-01,5316479.9520215
2020-06-02,5334467.1256394
2020-06-03,5324671.3376911
2020-06-04,5314168.3560529
2020-06-05,5305937.5520371
2020-06-06,5303030.7097491
2020-06-07,5304629.066329
2020-06-08,5309817.9312813
2020-06-09,5299239.9123367
2020-06-10,5307520.6412763
2020-06-11,5307310.4272272
2020-06-12,5300249.5885493
2020-06-13,5303559.5581605
2020-06-14,5299489.4797475
2020-06-15,5304220.3166544
2020-06-16,5307168.6758084
2020-06-17,5300342.5510353
2020-06-18,5295684.972963
2020-06-19,5295151.4095881
2020-06-20,5293729.3253949
2020-06-21,5294084.0634658
2020-06-22,5284751.2735679
2020-06-23,5269079.8726518
2020-06-24,5283979.1916285
2020-06-25,5288320.3528906
2020-06-26,5290360.5447315
2020-06-27,5289588.0903944
2020-06-28,5287932.0627539
2020-06-29,5288480.9321466
2020-06-30,5307616.2793507
2020-07-01,5309529.0492251
2020-07-02,5312774.1532913
2020-07-03,5310913.1657641
2020-07-04,5315691.4385494
2020-07-05,5316708.433076
2020-07-06,5317907.0526424
2020-07-07,5325574.955742
2020-07-08,5337756.5791306
2020-07-09,5339767.2481641
2020-07-10,5336673.5147769
2020-07-11,5339375.0175397
2020-07-12,5333281.9265228
2020-07-13,5338125.8436304
2020-07-14,5344891.143615
2020-07-15,5341888.370424
2020-07-16,5341374.6445199
2020-07-17,5346380.2647503
2020-07-18,5343953.2962493
2020-07-19,5343039.827255
2020-07-20,5345564.9962706
2020-07-21,5336899.3304927
2020-07-22,5363847.9343308
2020-07-23,5377037.5867284
2020-07-24,5369648.5421101
2020-07-25,5368429.2677323
2020-07-26,5371313.9700001
2020-07-27,5388879.8204703
2020-07-28,5400684.3294692
2020-07-29,5403243.7145377
2020-07-30,5403450.1134757
2020-07-31,5399850.2016431
2020-08-01,5400464.6417355
2020-08-02,5409358.8568738
2020-08-03,5408772.0867183
2020-08-04,5414556.8376242
2020-08-05,5412722.5580221
2020-08-06,5414310.7912917
2020-08-07,5422477.6015578
2020-08-08,5419713.9994874
2020-08-09,5416901.7319606
2020-08-10,5411648.1394283
2020-08-11,5413135.5739877
2020-08-12,5418910.7334221
2020-08-13,5422047.9606732
2020-08-14,5408769.4333725
2020-08-15,5401894.1636239
2020-08-16,5401977.3128533
2020-08-17,5405932.2513362
2020-08-18,5405596.6624258
2020-08-19,5401834.037941
2020-08-20,5407388.5247956
2020-08-21,5407298.5657108
2020-08-22,5405130.3013118
2020-08-23,5403539.478954
2020-08-24,5403808.782098
2020-08-25,5400870.3754953
2020-08-26,5393898.5199306
2020-08-27,5390597.4564597
2020-08-28,5386198.1362481
2020-08-29,5388045.9781009
2020-08-30,5395510.8975777
2020-08-31,5356568.6547071
2020-09-01,5358792.4614322
2020-09-02,5368333.7043438
2020-09-03,5376665.340948
2020-09-04,5387291.768967
2020-09-05,5395138.1451076
2020-09-06,5393050.2407642
2020-09-07,5391165.0920057
2020-09-08,5393066.7883899
2020-09-09,5387801.4728791
2020-09-10,5382822.5532395
2020-09-11,5385597.9549352
2020-09-12,5384224.4779698
2020-09-13,5383789.5806485
2020-09-14,5388816.1683021
2020-09-15,5386205.4875718
2020-09-16,5386655.6198473
2020-09-17,5383191.584229
2020-09-18,5366585.4764816
2020-09-19,5367646.0919104
2020-09-20,5368785.5400933
2020-09-21,5367671.8680537
2020-09-22,5372724.2370073
2020-09-23,5362518.7967547
2020-09-24,5349604.4391111
2020-09-25,5346760.3946242
2020-09-26,5344569.5928239
2020-09-27,5338956.1231403
2020-09-28,5335136.2182652
2020-09-29,5333091.2556682
2020-09-30,5325707.8825483
2020-10-01,5328406.0075416
2020-10-02,5314099.5634422
2020-10-03,5312190.6854156
2020-10-04,5312651.9459554
2020-10-05,5305401.5570411
2020-10-06,5305191.9315252
2020-10-07,5295231.5729965
2020-10-08,5300117.3618157
2020-10-09,5301441.705732
2020-10-10,5302371.0939854
2020-10-11,5302569.2139557
2020-10-12,5305806.9000264
2020-10-13,5299553.9466811
2020-10-14,5304584.1038519
2020-10-15,5298045.5793869
2020-10-16,5272629.5410454
2020-10-17,5270067.3928532
2020-10-18,5268028.7593393
2020-10-19,5272943.8966815
2020-10-20,5271935.4352736
2020-10-21,5284006.7103255
2020-10-22,5289614.6511867
2020-10-23,5298004.0640785
2020-10-24,5294730.5414222
2020-10-25,5293364.1471867
2020-10-26,5279216.3494971
2020-10-27,5276275.6392286
2020-10-28,5261470.0621387
2020-10-29,5260993.7478336
2020-10-30,5251470.7396005
2020-10-31,5247136.5280437
2020-11-01,5250067.4253198
2020-11-02,5246379.1206012
2020-11-03,5234992.3809678
2020-11-04,5226174.9785001
2020-11-05,5239659.9859484
2020-11-06,5237707.2621119
2020-11-07,5240576.024779
2020-11-08,5237275.7033132
2020-11-09,5229268.0037572
2020-11-10,5217650.9547916
2020-11-11,5206458.0960336
2020-11-12,5201550.8381436
2020-11-13,5197916.8821515
2020-11-14,5196197.4452135
2020-11-15,5194809.3320793
2020-11-16,5187448.2438463
2020-11-17,5197590.4480874
2020-11-18,5209921.5282042
2020-11-19,5209713.4464704
2020-11-20,5236450.1545767
2020-11-21,5245809.8108193
2020-11-22,5254711.8834016
2020-11-23,5251720.7289046
2020-11-24,5255524.2981683
2020-11-25,5254897.3390685
2020-11-26,5280212.37663
2020-11-27,5281568.4041951
2020-11-28,5277841.4148285
2020-11-29,5273150.5705467
2020-11-30,5271604.250329
2020-12-01,5276098.8322866
2020-12-02,5277002.4267396
2020-12-03,5273944.5344693
2020-12-04,5269300.2594447
2020-12-05,5270210.0263243
2020-12-06,5267818.5360061
2020-12-07,5271378.8954043
2020-12-08,5267489.7835636
2020-12-09,5265281.1848014
2020-12-10,5265483.7045866
2020-12-11,5268978.6430098
2020-12-12,5265595.7866801
2020-12-13,5259024.4024055
2020-12-14,5267100.794127
2020-12-15,5271476.8228685
2020-12-16,5272810.8158454
2020-12-17,5300570.2040346
2020-12-18,5315923.8659709
2020-12-19,5316076.667968
2020-12-20,5318078.3483482
2020-12-21,5304947.134886
2020-12-22,5319491.4598034
2020-12-23,5257639.7389029
2020-12-24,5248480.3599891
2020-12-25,5253161.6457914
2020-12-26,5254981.5592674
2020-12-27,5248640.0364125
2020-12-28,5214039.0510682
2020-12-29,5185378.9524208
2020-12-30,5188712.6001446
2020-12-31,5174196.584325
2021-01-01,5155632.354322
2021-01-02,5158566.4539491
2021-01-03,5169723.2066712
2021-01-04,5189540.1219149
2021-01-05,5170667.6517148
2021-01-06,5156717.4504494
2021-01-07,5159038.1378857
2021-01-08,5179310.2392405
2021-01-09,5183616.7255447
2021-01-10,5190523.3875729
2021-01-11,5205106.9901456
2021-01-12,5192946.4693107
2021-01-13,5170896.1671186
2021-01-14,5168276.2237184
2021-01-15,5175516.973543
2021-01-16,5179757.3341219
2021-01-17,5177780.8449389
2021-01-18,5171278.0804304
2021-01-19,5161586.918305
2021-01-20,5147479.6646995
2021-01-21,5146332.9589816
2021-01-22,5135325.9793564
2021-01-23,5138242.2651326
2021-01-24,5140708.4041325
2021-01-25,5139807.2340686
2021-01-26,5131039.0894865
2021-01-27,5092853.6167182
2021-01-28,5102398.6495501
2021-01-29,5177446.0031481
2021-01-30,5167349.2200541
2021-01-31,5161276.5365723
2021-02-01,5164210.9868469
2021-02-02,5159913.2246702
2021-02-03,5160719.5861273
2021-02-04,5169017.9871353
2021-02-05,5158877.6286864
2021-02-06,5164714.7399698
2021-02-07,5154792.206522
2021-02-08,5167204.9699894
2021-02-09,5174444.4311205
2021-02-10,5177927.0761924
2021-02-11,5189578.5972162
2021-02-12,5185814.5947759
2021-02-13,5185106.7457566
2021-02-14,5185126.3891369
2021-02-15,5183693.6856316
2021-02-16,5185108.6740651
2021-02-17,5193150.6216999
2021-02-18,5192445.1627694
2021-02-19,5185057.3296823
2021-02-20,5197023.3854819
2021-02-21,5203237.7258847
2021-02-22,5209208.1130967
2021-02-23,5212614.1625183
2021-02-24,5213041.3366226
2021-02-25,5207884.724075
2021-02-26,5223846.0593679
2021-02-27,5222222.5817706
2021-02-28,5228219.7134654
2021-03-01,5227778.6586113
2021-03-02,5213238.11304
2021-03-03,5210023.3347807
2021-03-04,5211070.0365287
2021-03-05,5203301.0084178
2021-03-06,5209094.9194539
2021-03-07,5210429.1963827
2021-03-08,5199709.4583095
2021-03-09,5205787.5674458
2021-03-10,5202232.0194192
2021-03-11,5204705.6951956
2021-03-12,5198802.4970686
2021-03-13,5203756.3970397
2021-03-14,5214664.3707686
2021-03-15,5210695.4213519
2021-03-16,5207152.1887596
2021-03-17,5204183.1965971
2021-03-18,5211469.3368652
2021-03-19,5214154.0196441
2021-03-20,5212586.1828473
2021-03-21,5214630.9697327
2021-03-22,5209033.9076041
2021-03-23,5213476.9140261
2021-03-24,5207123.6838625
2021-03-25,5206539.3719162
2021-03-26,5206690.7890417
2021-03-27,5203587.409792
2021-03-28,5207063.4749852
2021-03-29,5200690.8948497
2021-03-30,5205014.4309191
2021-03-31,5210906.583788
2021-04-01,5214296.5003876
2021-04-02,5211875.5405803
2021-04-03,5214574.3987175
2021-04-04,5216308.3860749
2021-04-05,5209307.8155511
2021-04-06,5210059.4380882
2021-04-07,5204373.137672
2021-04-08,5205639.3835817
2021-04-09,5198611.4519625
2021-04-10,5202440.8197437
2021-04-11,5198778.3817054
2021-04-12,5202865.3276677
2021-04-13,5216628.6861707
2021-04-14,5228519.7042063
2021-04-15,5231403.7522685
2021-04-16,5237763.1683037
2021-04-17,5230441.3758474
2021-04-18,5225081.7411201
2021-04-19,5229317.1883458
2021-04-20,5236170.4906597
2021-04-21,5233598.2294896
2021-04-22,5252986.1145325
2021-04-23,5261157.3684639
2021-04-24,5259869.8072606
2021-04-25,5261704.9207361
2021-04-26,5263290.8757698
2021-04-27,5263535.6491666
2021-04-28,5270929.9073381
2021-04-29,5284273.2101268
2021-04-30,5283815.007168
2021-05-01,5286593.4027113
2021-05-02,5287407.3077093
2021-05-03,5290159.2271108
2021-05-04,5306693.2603491
2021-05-05,5314981.9383836
2021-05-06,5324954.9087493
2021-05-07,5317182.7548492
2021-05-08,5321455.1031255
2021-05-09,5332014.3078789
2021-05-10,5334404.1474953
2021-05-11,5337133.4400055
2021-05-12,5354724.6458042
2021-05-13,5403742.7086767
2021-05-14,5409388.8011313
2021-05-15,5409035.412708
2021-05-16,5403936.3465317
2021-05-17,5492149.3937127
2021-05-18,5498136.9984776
2021-05-19,5511070.1087441
2021-05-20,5557301.3577608
2021-05-21,5553577.9547066
2021-05-22,5563079.9746355
2021-05-23,5565050.2064731
2021-05-24,5529727.4984325
2021-05-25,5539315.4519394
2021-05-26,5543084.6564344
2021-05-27,5550481.9526481
2021-05-28,5563920.5328847
2021-05-29,5568658.125318
2021-05-30,5573675.8584921
2021-05-31,5572316.2860458
2021-06-01,5574107.9950364
2021-06-02,5568899.4548301
2021-06-03,5570048.4757699
2021-06-04,5569585.8637847
2021-06-05,5574918.5645836
2021-06-06,5577197.0172582
2021-06-07,5579998.528435
2021-06-08,5583911.0182389
2021-06-09,5573403.7717515
2021-06-10,5568379.177398
2021-06-11,5566871.1861306
2021-06-12,5569133.5272216
2021-06-13,5575139.7169116
2021-06-14,5578561.5249715
2021-06-15,5588429.4711233
2021-06-16,5577951.8212992
2021-06-17,5579596.2475928
2021-06-18,5573299.2320486
2021-06-19,5574841.3937908
2021-06-20,5579248.3104831
2021-06-21,5585232.6572645
2021-06-22,5592453.6345544
2021-06-23,5588393.8326019
2021-06-24,5588834.1715461
2021-06-25,5585101.0157084
2021-06-26,5583322.9469557
2021-06-27,5585176.1405626
2021-06-28,5584219.8984455
2021-06-29,5595144.8666415
2021-06-30,5587043.876589
2021-07-01,5587967.3730244
2021-07-02,5589934.9807509
2021-07-03,5585454.692505
2021-07-04,5586671.6776082
2021-07-05,5587475.3468866
2021-07-06,5580429.0270372
2021-07-07,5575146.0562312
2021-07-08,5566939.6647851
2021-07-09,5568126.536104
2021-07-10,5568496.0680368
2021-07-11,5567067.4284526
2021-07-12,5569599.4134331
2021-07-13,5572052.802274
2021-07-14,5569813.5851346
2021-07-15,5573151.9141692
2021-07-16,5575284.740353
2021-07-17,5587929.8518912
2021-07-18,5589169.8143622
2021-07-19,5590633.579151
2021-07-20,5587597.8092535
2021-07-21,5584081.5377342
2021-07-22,5589451.9144672
2021-07-23,5588677.9463564
2021-07-24,5591479.3283814
2021-07-25,5583111.5520001
2021-07-26,5600029.2336208
2021-07-27,5611037.7907985
2021-07-28,5562050.0238413
2021-07-29,5546899.064368
2021-07-30,5546090.7648706
2021-07-31,5553561.2100444
2021-08-01,5560291.603298
2021-08-02,5562962.8816869
2021-08-03,5563828.9286661
2021-08-04,5554120.0356164
2021-08-05,5560360.8570102
2021-08-06,5583929.3622457
2021-08-07,5585175.596122
2021-08-08,5584953.0811941
2021-08-09,5591740.2107999
2021-08-10,5594555.8272571
2021-08-11,5593716.976195
2021-08-12,5593109.6611234
2021-08-13,5592640.0576816
2021-08-14,5595225.663233
2021-08-15,5591178.9494802
2021-08-16,5593686.127676
2021-08-17,5595471.3225426
2021-08-18,5590775.3134179
2021-08-19,5593416.4007279
2021-08-20,5600849.0203008
2021-08-21,5603060.5566402
2021-08-22,5605888.9007323
2021-08-23,5610330.7402865
2021-08-24,5610777.6590013
2021-08-25,5593187.6101296
2021-08-26,5589376.8282475
2021-08-27,5591600.1994682
2021-08-28,5594004.7021186
2021-08-29,5594304.7543072
2021-08-30,5595500.4395007
2021-08-31,5602352.7614503
2021-09-01,5606283.1099442
2021-09-02,5616202.5822188
2021-09-03,5617753.7907473
2021-09-04,5616456.2455823
2021-09-05,5616251.7145099
2021-09-06,5615718.1607231
2021-09-07,5610684.5106793
2021-09-08,5611946.7403661
2021-09-09,5611219.9665286
2021-09-10,5608413.0272763
2021-09-11,5611105.8766195
2021-09-12,5611300.275377
2021-09-13,5621358.4508211
2021-09-14,5616133.5461887
2021-09-15,5611074.7459182
2021-09-16,5606971.4051425
2021-09-17,5605365.1270839
2021-09-18,5605788.2130661
2021-09-19,5603154.9570027
2021-09-20,5602241.068476
2021-09-21,5602177.9937109
2021-09-22,5594765.7416897
2021-09-23,5590889.1843669
2021-09-24,5582768.7922445
2021-09-25,5582656.4278197
2021-09-26,5592201.2372965
2021-09-27,5595395.0392741
2021-09-28,5586495.4106379
2021-09-29,5583481.9977338
2021-09-30,5582109.1700389
2021-10-01,5580097.5193689
2021-10-02,5579893.8276677
2021-10-03,5580453.4324306
2021-10-04,5581054.4372014
2021-10-05,5591601.9322805
2021-10-06,5599488.6430951
2021-10-07,5605810.4488688
2021-10-08,5609437.6400874
2021-10-09,5609697.5325206
2021-10-10,5608006.7931085
2021-10-11,5608625.4845376
2021-10-12,5607959.1337582
2021-10-13,5614424.1445406
2021-10-14,5610559.9776875
2021-10-15,5612887.5780037
2021-10-16,5616123.1683334
2021-10-17,5618013.1785202
2021-10-18,5609133.5259329
2021-10-19,5608412.3507257
2021-10-20,5607784.1775458
2021-10-21,5607621.987505
2021-10-22,5605670.2217957
2021-10-23,5603897.7546995
2021-10-24,5605529.9781572
2021-10-25,5606948.0318303
2021-10-26,5600486.9224288
2021-10-27,5606029.0795858
2021-10-28,5600132.0994885
2021-10-29,5598007.1127891
2021-10-30,5597147.6046448
2021-10-31,5600811.1715007
2021-11-01,5582303.8852579
2021-11-02,5586911.3329254
2021-11-03,5577481.5906371
2021-11-04,5580674.325508
2021-11-05,5573570.0729969
2021-11-06,5576499.4635597
2021-11-07,5578678.4757757
2021-11-08,5579204.8703819
2021-11-09,5580719.2510936
2021-11-10,5578998.474984
2021-11-11,5577356.0312038
2021-11-12,5579995.8008304
2021-11-13,5576080.2180987
2021-11-14,5580661.7293659
2021-11-15,5569683.9207982
2021-11-16,5573121.3569777
2021-11-17,5572539.1655741
2021-11-18,5547007.4634828
2021-11-19,5559021.5597254
2021-11-20,5558306.0754836
2021-11-21,5558524.3789721
2021-11-22,5547270.1918512
2021-11-23,5548008.3679632
2021-11-24,5551810.5175158
2021-11-25,5556240.6689522
2021-11-26,5568865.3048644
2021-11-27,5567316.8244235
2021-11-28,5569199.628142
2021-11-29,5567967.8344104
2021-11-30,5569931.7697351
2021-12-01,5572256.4619496
2021-12-02,5568666.422233
2021-12-03,5575835.8482893
2021-12-04,5573923.2470158
2021-12-05,5569354.3134837
2021-12-06,5570623.9347179
2021-12-07,5575250.2756684
2021-12-08,5568685.0531556
2021-12-09,5564859.2595155
2021-12-10,5566267.7437282
2021-12-11,5566380.5272391
2021-12-12,5568836.1390525
2021-12-13,5570687.1032575
2021-12-14,5556922.661662
2021-12-15,5560537.9136562
2021-12-16,5558939.6772189
2021-12-17,5577686.1240966
2021-12-18,5580387.7337085
2021-12-19,5578713.5800222
2021-12-20,5576878.4553245
2021-12-21,5577976.1093065
2021-12-22,5580221.8259059
2021-12-23,5577186.6579631
2021-12-24,5582264.2316689
2021-12-25,5586162.1004842
2021-12-26,5586851.981902
2021-12-27,5588737.222557
2021-12-28,5593793.6312635
2021-12-29,5587675.0088389
2021-12-30,5602157.5210755
2021-12-31,5573054.7471353
2022-01-01,5573261.364689
2022-01-02,5573195.4731726
2022-01-03,5575652.4596874
2022-01-04,5577915.7535508
2022-01-05,5574339.027201
2022-01-06,5582312.6586454
2022-01-07,5584826.7863536
2022-01-08,5584997.0125791
2022-01-09,5589266.3370875
2022-01-10,5588200.1821544
2022-01-11,5584181.3632637
2022-01-12,5584867.0007913
2022-01-13,5584881.884152
2022-01-14,5586093.7630688
2022-01-15,5587466.0039764
2022-01-16,5587237.8985302
2022-01-17,5584554.2581625
2022-01-18,5590115.9586256
2022-01-19,5606262.3537516
2022-01-20,5610761.6142221
2022-01-21,5601418.9729245
2022-01-22,5613205.9952834
2022-01-23,5610881.9814513
2022-01-24,5610372.3272687
2022-01-25,5603026.4838992
2022-01-26,5595454.7605948
2022-01-27,5590950.4480253
2022-01-28,5591386.1485107
2022-01-29,5592343.3588522
2022-01-30,5597471.2541681
2022-01-31,5599445.798421
2022-02-01,5591486.5902172
2022-02-02,5588327.9184419
2022-02-03,5593866.0451903
2022-02-04,5604069.5017122
2022-02-05,5605398.2909624
2022-02-06,5605557.4922741
2022-02-07,5599915.5237564
2022-02-08,5599486.1343533
2022-02-09,5603050.5693451
2022-02-10,5595273.6635406
2022-02-11,5594444.4332555
2022-02-12,5596662.0165766
2022-02-13,5597025.026915
2022-02-14,5588784.4698605
2022-02-15,5589185.5647357
2022-02-16,5588886.1121721
2022-02-17,5585672.875563
2022-02-18,5582530.9347206
2022-02-19,5584205.9053558
2022-02-20,5583907.3191611
2022-02-21,5583283.4183081
2022-02-22,5586969.0881983
2022-02-23,5588917.1567887
2022-02-24,5587116.0667055
2022-02-25,5596928.747776
2022-02-26,5594333.3383183
2022-02-27,5591872.5293625
2022-02-28,5595070.3774137
2022-03-01,5602049.1934951
2022-03-02,5600597.0665865
2022-03-03,5605874.3973948
2022-03-04,5603056.8635487
2022-03-05,5600108.6052042
2022-03-06,5598496.3143347
2022-03-07,5592856.2042204
2022-03-08,5586353.2462263
2022-03-09,5585492.0867748
2022-03-10,5580189.6970951
2022-03-11,5549216.5771499
2022-03-12,5548119.7119843
2022-03-13,5549931.6970068
2022-03-14,5552564.0830328
2022-03-15,5548004.2731807
2022-03-16,5530372.5596362
2022-03-17,5558772.1691602
2022-03-18,5552040.4644637
2022-03-19,5552817.6936618
2022-03-20,5551667.5134776
2022-03-21,5550066.8263998
2022-03-22,5551806.6486596
2022-03-23,5546772.9897813
2022-03-24,5547386.0207703
2022-03-25,5498937.3405227
2022-03-26,5497006.6363641
2022-03-27,5496280.084238
2022-03-28,5489514.127411
2022-03-29,5491579.4281805
2022-03-30,5495065.4328369
2022-03-31,5497817.9797796
2022-04-01,5486093.0997927
2022-04-02,5487241.3910664
2022-04-03,5486962.7483065
2022-04-04,5495658.7329604
2022-04-05,5495141.4693345
2022-04-06,5483869.2446475
2022-04-07,5491879.4535698
2022-04-08,5499962.8683883
2022-04-09,5501657.3097787
2022-04-10,5493387.3999603
2022-04-11,5498320.7052689
2022-04-12,5493885.7957845
2022-04-13,5491173.0517487
2022-04-14,5469700.9372781
2022-04-15,5468298.4351558
2022-04-16,5469919.6369816
2022-04-17,5470240.568852
2022-04-18,5470618.0104423
2022-04-19,5471100.7098565
2022-04-20,5472377.9497026
2022-04-21,5469961.877874
2022-04-22,5465375.9790066
2022-04-23,5465093.5013214
2022-04-24,5460555.0292851
2022-04-25,5460989.5217179
2022-04-26,5460910.8287808
2022-04-27,5452214.6970263
2022-04-28,5446167.8373068
2022-04-29,5447487.2962111
2022-04-30,5448590.0554246
2022-05-01,5451246.4411049
2022-05-02,5458622.0080829
2022-05-03,5452047.6203906
2022-05-04,5456569.7421862
2022-05-05,5466285.2630773
2022-05-06,5469354.0609428
2022-05-07,5465157.8292861
2022-05-08,5474278.1371413
2022-05-09,5563291.4836889
2022-05-10,5571347.9479904
2022-05-11,5570845.1924598
2022-05-12,5559064.9404359
2022-05-13,5564828.3111821
2022-05-14,5531328.6942074
2022-05-15,5529902.1092309
2022-05-16,5531665.9496962
2022-05-17,5544711.1634533
2022-05-18,5551484.9441403
2022-05-19,5576370.5738026
2022-05-20,5595813.4824855
2022-05-21,5598561.3468977
2022-05-22,5602581.5501775
2022-05-23,5605917.38245
2022-05-24,5613371.8268486
2022-05-25,5618089.1882608
2022-05-26,5613911.078155
2022-05-27,5616148.0990595
2022-05-28,5608597.3902313
2022-05-29,5610521.0260901
2022-05-30,5615042.9433724
2022-05-31,5612707.658105
2022-06-01,5624627.6196293
2022-06-02,5621199.1521943
2022-06-03,5617662.2587318
2022-06-04,5604344.1985078
2022-06-05,5603928.1864869
2022-06-06,5604785.2529093
2022-06-07,5605047.5730598
2022-06-08,5612238.8794515
2022-06-09,5612940.1303958
2022-06-10,5611466.7128249
2022-06-11,5622318.4098262
2022-06-12,5629207.527174
2022-06-13,5624385.9979121
2022-06-14,5655651.5651535
2022-06-15,5624906.0421626
2022-06-16,5619655.1690984
2022-06-17,5575378.951575
2022-06-18,5586009.6604881
2022-06-19,5568730.0885983
2022-06-20,5549383.0022871
2022-06-21,5560438.460235
2022-06-22,5557550.4502044
2022-06-23,5564317.9883935
2022-06-24,5581410.9622351
2022-06-25,5575396.2704702
2022-06-26,5575175.4446251
2022-06-27,5577366.8543319
2022-06-28,5573210.7917032
2022-06-29,5581350.2178915
2022-06-30,5581257.6610973
2022-07-01,5581949.4178102
2022-07-02,5581858.7117935
2022-07-03,5579359.402189
2022-07-04,5588841.8969949
2022-07-05,5587271.0438431
2022-07-06,5575776.084818
2022-07-07,5571123.1564029
2022-07-08,5570193.0048247
2022-07-09,5583203.3643069
2022-07-10,5575524.4164745
2022-07-11,5570764.4719292
2022-07-12,5589808.7669297
2022-07-13,5613260.3776068
2022-07-14,5620450.4846194
2022-07-15,5628748.9848725
2022-07-16,5631609.1529884
2022-07-17,5647184.4182779
2022-07-18,5657722.9883451
2022-07-19,5605595.2964076
2022-07-20,5608556.4142568
2022-07-21,5513556.4737158
2022-07-22,5501470.1839921
2022-07-23,5500322.2292358
2022-07-24,5499939.4646227
2022-07-25,5487751.5048991
2022-07-26,5481724.8355474
2022-07-27,5477721.5128818
2022-07-28,5478410.4656816
2022-07-29,5483761.3285608
2022-07-30,5477371.6714097
2022-07-31,5476496.1315568
2022-08-01,5488969.1558789
2022-08-02,5493667.380317
2022-08-03,5488233.8661516
2022-08-04,5483926.7708307
2022-08-05,5472336.8918507
2022-08-06,5468518.448555
2022-08-07,5471630.6614481
2022-08-08,5469703.841886
2022-08-09,5462606.0108238
2022-08-10,5462939.2241582
2022-08-11,5458693.6889372
2022-08-12,5457995.0264036
2022-08-13,5458694.2652788
2022-08-14,5457288.3352462
2022-08-15,5456998.1932748
2022-08-16,5471353.2643664
2022-08-17,5472734.9054343
2022-08-18,5457849.9582671
2022-08-19,5464170.9064861
2022-08-20,5458244.1887449
2022-08-21,5458454.0454871
2022-08-22,5462512.8081883
2022-08-23,5454709.372777
2022-08-24,5454834.5806257
2022-08-25,5451848.441702
2022-08-26,5457728.3243161
2022-08-27,5454947.7091824
2022-08-28,5457901.4122565
2022-08-29,5454324.3868351
2022-08-30,5477990.8012166
2022-08-31,5484484.7356106
2022-09-01,5491568.3849929
2022-09-02,5503206.0714389
2022-09-03,5495846.8074384
2022-09-04,5497211.1852548
2022-09-05,5506289.6648598
2022-09-06,5497161.8901616
2022-09-07,5482889.6155289
2022-09-08,5485495.8098829
2022-09-09,5477023.2237068
2022-09-10,5475613.6026444
2022-09-11,5477325.781211
2022-09-12,5479592.0128032
2022-09-13,5489633.8941875
2022-09-14,5484637.6866001
2022-09-15,5482425.9092461
2022-09-16,5478688.4669041
2022-09-17,5487217.3389292
2022-09-18,5488926.1117658
2022-09-19,5475906.7326452
2022-09-20,5488391.103703
2022-09-21,5486698.3326973
2022-09-22,5485209.282081
2022-09-23,5483568.533965
2022-09-24,5483547.7554033
2022-09-25,5490938.8783946
2022-09-26,5492120.3397717
2022-09-27,5515933.9143325
2022-09-28,5524622.9431712
2022-09-29,5511779.1955634
2022-09-30,5514192.0269854
2022-10-01,5517959.5513516
2022-10-02,5517591.6853599
2022-10-03,5505575.78864
2022-10-04,5507029.3820889
2022-10-05,5517385.4734815
2022-10-06,5515517.2259135
2022-10-07,5513666.9400047
2022-10-08,5514137.8187773
2022-10-09,5514178.0049728
2022-10-10,5520173.6507259
2022-10-11,5522167.0235605
2022-10-12,5519917.7762252
2022-10-13,5514973.4345081
2022-10-14,5518325.9843573
2022-10-15,5517675.4529492
2022-10-16,5519029.6931409
2022-10-17,5523378.7113042
2022-10-18,5479624.0349587
2022-10-19,5482835.4282188
2022-10-20,5482613.8926589
2022-10-21,5481899.3481952
2022-10-22,5480485.6491325
2022-10-23,5479947.4236218
2022-10-24,5488306.8506878
2022-10-25,5485162.5428344
2022-10-26,5492185.1016501
2022-10-27,5488147.8311428
2022-10-28,5485374.2791524
2022-10-29,5482825.4941629
2022-10-30,5482798.4804294
2022-10-31,5488728.3651989
2022-11-01,5488670.9808916
2022-11-02,5492353.4116387
2022-11-03,5486781.2541954
2022-11-04,5500866.7607712
2022-11-05,5493096.0877667
2022-11-06,5494021.4008156
2022-11-07,5468140.1141052
2022-11-08,5477197.3769681
2022-11-09,5447443.5454538
2022-11-10,5431055.6813541
2022-11-11,5414193.8041341
2022-11-12,5397848.2484543
2022-11-13,5380922.5170922
2022-11-14,5361378.3304093
2022-11-15,5352292.4322022
2022-11-16,5328902.9088424
2022-11-17,5320848.8068494
2022-11-18,5312297.7047518
2022-11-19,5305735.3963284
2022-11-20,5295723.1325932
2022-11-21,5285003.0962046
2022-11-22,5287889.869996
2022-11-23,5239274.4850456
2022-11-24,5232312.8614485
2022-11-25,5245084.8195929
2022-11-26,5249025.0579076
2022-11-27,5246581.1688869
2022-11-28,5244687.5702045
2022-11-29,5250766.1612819
2022-11-30,5250949.2484061
2022-12-01,5245797.0459159
2022-12-02,5235609.2440974
2022-12-03,5233991.1857922
2022-12-04,5226152.3888719
2022-12-05,5235676.7163082
2022-12-06,5237913.0943631
2022-12-07,5238457.1620784
2022-12-08,5234750.1976798
2022-12-09,5234563.7713738
2022-12-10,5231187.9440152
2022-12-11,5233020.8350632
2022-12-12,5223286.5293758
2022-12-13,5197336.792037
2022-12-14,5195334.6135436
2022-12-15,5187478.5392069
2022-12-16,5188459.1029787
2022-12-17,5163658.2205564
2022-12-18,5162099.731723
2022-12-19,5174173.4598211
2022-12-20,5175862.4447957
2022-12-21,5174990.8649322
2022-12-22,5182711.3926735
2022-12-23,5180270.0014659
2022-12-24,5175305.0265365
2022-12-25,5176532.3218665
2022-12-26,5176891.7326555
2022-12-27,5176003.2875524
2022-12-28,5182552.3163877
2022-12-29,5179785.836731
2022-12-30,5188163.8935621
2022-12-31,5190744.7064611
2023-01-01,5199304.3904531
2023-01-02,5201795.0585045
2023-01-03,5201387.3243248
2023-01-04,5190013.146179
2023-01-05,5189679.4136962
2023-01-06,5188908.1531466
2023-01-07,5186408.3210272
2023-01-08,5185235.3489152
2023-01-09,5181314.2393364
2023-01-10,5185984.2868051
2023-01-11,5181811.8286815
2023-01-12,5186491.4746615
2023-01-13,5172458.4912638
2023-01-14,5169469.266864
2023-01-15,5171167.0603085
2023-01-16,5165165.5846191
2023-01-17,5172420.0532657
2023-01-18,5172855.827278
2023-01-19,5170331.9896486
2023-01-20,5164880.7720299
2023-01-21,5160304.5006388
2023-01-22,5165259.4509886
2023-01-23,5164427.8500921
2023-01-24,5160950.0886799
2023-01-25,5165088.9882969
2023-01-26,5163427.9313695
2023-01-27,5163618.4985888
2023-01-28,5162944.785954
2023-01-29,5165622.2392611
2023-01-30,5167425.6910284
2023-01-31,5156734.8126854
2023-02-01,5161151.8690223
2023-02-02,5162214.4380049
2023-02-03,5160528.8224871
2023-02-04,5160695.4981525
2023-02-05,5162896.8573131
2023-02-06,5161407.0666051
2023-02-07,5160768.4267829
2023-02-08,5167365.7183416
2023-02-09,5172554.5484248
2023-02-10,5183850.5103319
2023-02-11,5195387.2803508
2023-02-12,5193210.9636745
2023-02-13,5196273.0693434
2023-02-14,5196734.5540403
2023-02-15,5201545.1741673
2023-02-16,5217492.1148345
2023-02-17,5214170.9365754
2023-02-18,5213008.438733
2023-02-19,5212553.8825595
2023-02-20,5217504.7095902
2023-02-21,5218061.6296942
2023-02-22,5212801.6206851
2023-02-23,5220558.5678981
2023-02-24,5216961.8127302
2023-02-25,5219480.6039495
2023-02-26,5219735.3240386
2023-02-27,5204161.3225405
2023-02-28,5199984.7100037
2023-03-01,5198836.19829
2023-03-02,5203796.9884901
2023-03-03,5210301.2037152
2023-03-04,5211546.4347572
2023-03-05,5213022.9700577
2023-03-06,5220061.4893121
2023-03-07,5212872.5526325
2023-03-08,5213976.1146566
2023-03-09,5222457.0641555
2023-03-10,5201752.7655427
2023-03-11,5191248.7668279
2023-03-12,5191210.3399452
2023-03-13,5197548.9921457
2023-03-14,5203874.107771
2023-03-15,5191984.6250989
2023-03-16,5195788.4469344
2023-03-17,5237164.6946771
2023-03-18,5240819.0237702
2023-03-19,5243926.4508153
2023-03-20,5240705.7094231
2023-03-21,5244802.507334
2023-03-22,5244762.1681929
2023-03-23,5249104.6757883
2023-03-24,5244591.0423511
2023-03-25,5241533.8545876
2023-03-26,5240253.0671392
2023-03-27,5240470.0688708
2023-03-28,5235687.1546818
2023-03-29,5236003.3860786
2023-03-30,5237384.5629772
2023-03-31,5228739.3806751
2023-04-01,5228473.1420215
2023-04-02,5228689.448947
2023-04-03,5231166.4218969
2023-04-04,5241643.1508965
2023-04-05,5234853.9637919
2023-04-06,5227435.2834577
2023-04-07,5241021.5641171
2023-04-08,5240457.9451009
2023-04-09,5241620.6376061
2023-04-10,5223834.1947708
2023-04-11,5249179.8382971
2023-04-12,5232365.0437293
2023-04-13,5228673.9910321
2023-04-14,5192734.0064266
2023-04-15,5192871.058612
2023-04-16,5193978.2907671
2023-04-17,5203884.0200222
2023-04-18,5203967.6955597
2023-04-19,5201849.2890564
2023-04-20,5204883.1656326
2023-04-21,5222572.3907304
2023-04-22,5222718.1079721
2023-04-23,5222638.9701976
2023-04-24,5222921.3016149
2023-04-25,5221642.5628722
2023-04-26,5222966.9081535
2023-04-27,5225801.915343
2023-04-28,5222987.9298624
2023-04-29,5224149.3857821
2023-04-30,5225429.8328989
2023-05-01,5227834.2023487
2023-05-02,5222811.4853414
2023-05-03,5225149.922871
2023-05-04,5230094.8247656
2023-05-05,5227057.1241162
2023-05-06,5226510.430022
2023-05-07,5226190.6642356
2023-05-08,5235183.3718701
2023-05-09,5234861.283647
2023-05-10,5238279.3566764
2023-05-11,5247995.5223319
2023-05-12,5238379.3516128
2023-05-13,5238448.035103
2023-05-14,5239957.9619552
2023-05-15,5227077.0985731
2023-05-16,5232595.6327824
2023-05-17,5232229.4268433
2023-05-18,5234894.030039
2023-05-19,5232493.8279846
2023-05-20,5233265.6205854
2023-05-21,5237102.3698605
2023-05-22,5309142.7748998
2023-05-23,5321181.7411004
2023-05-24,5325437.7280689
2023-05-25,5325470.6408778
2023-05-26,5319408.6740026
2023-05-27,5323556.681943
2023-05-28,5322182.3157968
2023-05-29,5322134.5481028
2023-05-30,5329008.8195776
2023-05-31,5316992.6432374
2023-06-01,5318971.6205847
2023-06-02,5315820.8878934
2023-06-03,5315058.6331376
2023-06-04,5315603.4749271
2023-06-05,5314575.9756945
2023-06-06,5303502.3552442
2023-06-07,5301290.5521491
2023-06-08,5298612.0741434
2023-06-09,5298698.1427341
2023-06-10,5297736.4945455
2023-06-11,5295048.9228756
2023-06-12,5295636.5763366
2023-06-13,5295946.634479
2023-06-14,5291919.1609325
2023-06-15,5290342.3674503
2023-06-16,5287684.9898325
2023-06-17,5285227.7615173
2023-06-18,5274273.3389193
2023-06-19,5274978.2035067
2023-06-20,5274467.9659781
2023-06-21,5267139.8746228
2023-06-22,5259146.5921642
2023-06-23,5254076.1867021
2023-06-24,5250966.2552562
2023-06-25,5252425.1723836
2023-06-26,5258355.1577351
2023-06-27,5254950.0493407
2023-06-28,5249027.8692904
2023-06-29,5246811.2806215
2023-06-30,5247306.296507
2023-07-01,5227539.321784
2023-07-02,5228293.9588604
2023-07-03,5223768.7974317
2023-07-04,5226252.7088945
2023-07-05,5226475.3182185
2023-07-06,5225257.9151206
2023-07-07,5222730.0334206
2023-07-08,5227105.2278761
2023-07-09,5228410.9087408
2023-07-10,5226415.1206508
2023-07-11,5221363.2846346
2023-07-12,5234695.9813613
2023-07-13,5229577.7522626
2023-07-14,5224711.9985023
2023-07-15,5223483.3295722
2023-07-16,5223182.9752436
2023-07-17,5212110.8366769
2023-07-18,5213186.4125273
2023-07-19,5209438.464977
2023-07-20,5202721.4492069
2023-07-21,5203084.3358733
2023-07-22,5200955.5028941
2023-07-23,5199092.6808817
2023-07-24,5202844.8324235
2023-07-25,5205150.1291013
2023-07-26,5202338.3498654
2023-07-27,5198105.4694576
2023-07-28,5199704.78218
2023-07-29,5199793.7973061
2023-07-30,5199260.6499993
2023-07-31,5206902.1407367
2023-08-01,5206460.6862918
2023-08-02,5198558.4420243
2023-08-03,5194070.4081613
2023-08-04,5194790.3451971
2023-08-05,5196320.2021004
2023-08-06,5198173.6047004
2023-08-07,5202007.0224249
2023-08-08,5191846.2144537
2023-08-09,5187176.7142918
2023-08-10,5186265.9888329
2023-08-11,5192031.6054226
2023-08-12,5191875.1590273
2023-08-13,5192055.434939
2023-08-14,5183240.9525154
2023-08-15,5181231.7182701
2023-08-16,5183971.963432
2023-08-17,5184171.2944189
2023-08-18,5179309.1462292
2023-08-19,5177989.4451719
2023-08-20,5178071.1892285
2023-08-21,5176848.8524926
2023-08-22,5170383.3756321
2023-08-23,5163557.1267029
2023-08-24,5164715.658126
2023-08-25,5156058.3482469
2023-08-26,5154827.9133512
2023-08-27,5154186.1165749
2023-08-28,5154817.2571815
2023-08-29,5153433.1366945
2023-08-30,5148672.0372038
2023-08-31,5155021.6916237
2023-09-01,5164206.498723
2023-09-02,5163461.9496393
2023-09-03,5163636.7585585
2023-09-04,5159866.4800818
2023-09-05,5163049.1471012
2023-09-06,5166965.2413522
2023-09-07,5165852.4617953
2023-09-08,5157423.2606332
2023-09-09,5157500.5673167
2023-09-10,5159538.9469275
2023-09-11,5161846.7648271
2023-09-12,5163178.7047339
2023-09-13,5162595.19037
2023-09-14,5161749.5728333
2023-09-15,5156870.3111367
2023-09-16,5154030.0417793
2023-09-17,5156071.0147802
2023-09-18,5156930.760731
2023-09-19,5157663.9054814
2023-09-20,5153877.0218492
2023-09-21,5157632.3319172
2023-09-22,5158485.1001895
2023-09-23,5157687.217497
2023-09-24,5157095.836144
2023-09-25,5152139.8874414
2023-09-26,5157405.4419248
2023-09-27,5158168.6686982
2023-09-28,5153420.7858393
2023-09-29,5156041.0753034
2023-09-30,5153478.9658933
2023-10-01,5155795.8912542
2023-10-02,5149105.718816
2023-10-03,5146867.1921987
2023-10-04,5143070.8317485
2023-10-05,5139307.429662
2023-10-06,5137312.1271662
2023-10-07,5142314.3054143
2023-10-08,5141500.0502682
2023-10-09,5144173.3799413
2023-10-10,5141689.089107
2023-10-11,5138088.2889111
2023-10-12,5140538.4352282
2023-10-13,5143654.7809105
2023-10-14,5143103.6212132
2023-10-15,5142427.893232
2023-10-16,5137268.857682
2023-10-17,5129599.1562125
2023-10-18,5125404.4355875
2023-10-19,5123399.2549808
2023-10-20,5131851.1108616
2023-10-21,5135897.4013337
2023-10-22,5132995.0189691
2023-10-23,5127299.4158749
2023-10-24,5132785.0165952
2023-10-25,5136492.2387219
2023-10-26,5145985.7129593
2023-10-27,5144813.2279544
2023-10-28,5141882.0315992
2023-10-29,5143041.8520324
2023-10-30,5138846.2278409
2023-10-31,5139343.4269574
2023-11-01,5137207.4723035
2023-11-02,5131616.0417388
2023-11-03,5128434.7850697
2023-11-04,5128842.3580417
2023-11-05,5128230.960356
2023-11-06,5130392.8064818
2023-11-07,5133269.8329849
2023-11-08,5138027.7346137
2023-11-09,5145640.9042146
2023-11-10,5143396.5486278
2023-11-11,5145932.7074279
2023-11-12,5147335.8991391
2023-11-13,5147144.7836709
2023-11-14,5151287.852175
2023-11-15,5151428.3312913
2023-11-16,5150150.7264698
2023-11-17,5143891.5356727
2023-11-18,5147088.423252
2023-11-19,5146432.5500128
2023-11-20,5145932.4293903
2023-11-21,5153730.7353761
2023-11-22,5157280.3285299
2023-11-23,5151888.7157325
2023-11-24,5150226.7292362
2023-11-25,5149747.752653
2023-11-26,5148896.7128914
2023-11-27,5141514.4425125
2023-11-28,5137180.2436852
2023-11-29,5141311.0866641
2023-11-30,5145162.0514785
2023-12-01,5140171.095353
2023-12-02,5139797.0622096
2023-12-03,5140759.2365382
2023-12-04,5148601.7861267
2023-12-05,5143496.0862755
2023-12-06,5153396.5096137
2023-12-07,5159387.3185926
2023-12-08,5160867.6007923
2023-12-09,5159052.5903024
2023-12-10,5166722.3892238
2023-12-11,5168921.9090122
2023-12-12,5174015.6394514
2023-12-13,5178216.1106355
2023-12-14,5173902.3582933
2023-12-15,5175363.1402907
2023-12-16,5180776.7394027
2023-12-17,5183566.3415774
2023-12-18,5183228.9042197
2023-12-19,5187463.5184647
2023-12-20,5189883.4313886
2023-12-21,5187061.5051652
2023-12-22,5191937.351771
2023-12-23,5193043.4657279
2023-12-24,5186987.6694536
2023-12-25,5188665.3487298
2023-12-26,5190497.3440366
2023-12-27,5183825.2176749
2023-12-28,5182310.6609754
2023-12-29,5180980.4639588
2023-12-30,5179705.2361253
2023-12-31,5183797.6309494
2024-01-01,5183087.4344169
2024-01-02,5184775.5938906
2024-01-03,5188009.7397659
2024-01-04,5185646.336753
2024-01-05,5182086.0766533
2024-01-06,5182507.9360344
2024-01-07,5182649.1795448
2024-01-08,5185127.548949
2024-01-09,5185484.4928168
2024-01-10,5197138.2914226
2024-01-11,5206878.3599568
2024-01-12,5220781.5244136
2024-01-13,5211790.4819099
2024-01-14,5212447.092185
2024-01-15,5211960.6497072
2024-01-16,5248938.001067
2024-01-17,5296625.9050653
2024-01-18,5335803.5757466
2024-01-19,5381980.8554248
2024-01-20,5377480.5992926
2024-01-21,5378844.5123664
2024-01-22,5423312.8513677
2024-01-23,5474116.5143562
2024-01-24,5503146.9183658
2024-01-25,5514448.6983787
2024-01-26,5521180.8834291
2024-01-27,5520422.6176686
2024-01-28,5521305.0221818
2024-01-29,5513165.5796467
2024-01-30,5528238.8066594
2024-01-31,5565067.8016731
2024-02-01,5561663.8646494
2024-02-02,5560249.4131256
2024-02-03,5561618.3370531
2024-02-04,5562886.4140231
2024-02-05,5564067.2879257
2024-02-06,5559581.4705975
2024-02-07,5558941.8802444
2024-02-08,5564391.7801266
2024-02-09,5556590.0691579
2024-02-10,5554246.8562957
2024-02-11,5557722.0069764
2024-02-12,5559849.3545664
2024-02-13,5555059.5805039
2024-02-14,5530497.7527035
2024-02-15,5521801.4957011
2024-02-16,5511283.033707
2024-02-17,5510856.8027244
2024-02-18,5513163.3155816
2024-02-19,5499835.9338947
2024-02-20,5494328.0851787
2024-02-21,5499994.6348443
2024-02-22,5489357.8690458
2024-02-23,5461162.2749001
2024-02-24,5458889.7249334
2024-02-25,5459402.3932356
2024-02-26,5463339.7622913
2024-02-27,5458060.8764824
2024-02-28,5518842.9754237
2024-02-29,5535266.0192514
2024-03-01,5514629.2384714
2024-03-02,5516755.460942
2024-03-03,5518544.3705478
2024-03-04,5514574.4162624
2024-03-05,5510494.6716479
2024-03-06,5503242.4171833
2024-03-07,5503243.2414496
2024-03-08,5496823.3833654
2024-03-09,5496222.2884393
2024-03-10,5495889.2743036
2024-03-11,5445585.5289454
2024-03-12,5453226.368991
2024-03-13,5427052.1135834
2024-03-14,5416854.0029957
2024-03-15,5403032.8231387
2024-03-16,5411004.1745028
2024-03-17,5398533.8450249
2024-03-18,5394870.2068445
2024-03-19,5406032.9830304
2024-03-20,5396810.9629781
2024-03-21,5395242.1476861
2024-03-22,5383056.3036923
2024-03-23,5378540.7957865
2024-03-24,5373392.5802404
2024-03-25,5365190.758826
2024-03-26,5356905.8798478
2024-03-27,5361025.1685634
2024-03-28,5341482.8162206
2024-03-29,5340355.7781086
2024-03-30,5344120.7691879
2024-03-31,5342140.544655
2024-04-01,5323315.0560063
2024-04-02,5322723.6795988
2024-04-03,5330031.465194
2024-04-04,5297270.6896677
2024-04-05,5294322.6138022
2024-04-06,5293049.64449
2024-04-07,5293634.9702861
2024-04-08,5299730.6862861
2024-04-09,5301032.381916
2024-04-10,5295012.4864719
2024-04-11,5291042.4342814
2024-04-12,5288285.3410395
2024-04-13,5289667.3204434
2024-04-14,5292239.361507
2024-04-15,5290480.1062481
2024-04-16,5281099.8249023
2024-04-17,5284678.5702411
2024-04-18,5277337.3533346
2024-04-19,5277209.9214552
2024-04-20,5279765.3230656
2024-04-21,5280614.2772743
2024-04-22,5275835.6614968
2024-04-23,5273571.5549694
2024-04-24,5272165.3402329
2024-04-25,5276652.0672672
2024-04-26,5271840.5509286
2024-04-27,5283960.7062149
2024-04-28,5285256.4982817
2024-04-29,5290318.4796779
2024-04-30,5303465.3625697
2024-05-01,5298937.3271811
2024-05-02,5304813.3271037
2024-05-03,5303704.2055908
2024-05-04,5299947.3879485
2024-05-05,5300509.8497281
2024-05-06,5300199.0141771
2024-05-07,5303042.8245188
2024-05-08,5289501.6731573
2024-05-09,5290648.7104482
2024-05-10,5291761.7388732
2024-05-11,5292939.9922459
2024-05-12,5298120.4591337
2024-05-13,5294720.42478
2024-05-14,5296335.2682941
2024-05-15,5271412.4500343
2024-05-16,5274001.3995599
2024-05-17,5269299.2819704
2024-05-18,5272334.9614264
2024-05-19,5270941.5744485
2024-05-20,5281552.8580924
2024-05-21,5293457.7959176
2024-05-22,5294409.2775897
2024-05-23,5275157.1873592
2024-05-24,5267695.0455586
2024-05-25,5267268.0042376
2024-05-26,5267390.880012
2024-05-27,5265389.1709512
2024-05-28,5265586.287142
2024-05-29,5265348.0851669
2024-05-30,5267080.0047084
2024-05-31,5268077.6979612
2024-06-01,5266980.3367609
2024-06-02,5267136.3840495
2024-06-03,5268440.1041144
2024-06-04,5259364.9733069
2024-06-05,5257712.074754
2024-06-06,5260849.702115
2024-06-07,5261236.6222833
2024-06-08,5262976.9121641
2024-06-09,5262532.0464505
2024-06-10,5266493.4931152
2024-06-11,5252751.141627
2024-06-12,5247564.5121961
2024-06-13,5242794.6561901
2024-06-14,5244608.9000952
2024-06-15,5243218.7803343
2024-06-16,5243609.8213312
2024-06-17,5250425.6724784
2024-06-18,5249753.8341733
2024-06-19,5253883.8445043
2024-06-20,5247401.4303116
2024-06-21,5250250.8377721
2024-06-22,5248982.2342896
2024-06-23,5250838.7735184
2024-06-24,5250861.138884
2024-06-25,5244670.4885463
2024-06-26,5257906.0417402
2024-06-27,5275614.5508332
2024-06-28,5274161.2215993
2024-06-29,5275462.8306539
2024-06-30,5274981.4723179
2024-07-01,5282053.9219689
2024-07-02,5284791.8004973
2024-07-03,5288898.2327966
2024-07-04,5301414.9562552
2024-07-05,5313361.4068751
2024-07-06,5311856.6110291
2024-07-07,5318092.4125668
2024-07-08,5332623.7370539
2024-07-09,5330606.4479115
2024-07-10,5322795.1879756
2024-07-11,5320005.5194445
2024-07-12,5309906.8307574
2024-07-13,5313661.8590704
2024-07-14,5313519.5310147
2024-07-15,5309840.4846248
2024-07-16,5333216.0765089
2024-07-17,5327433.9783581
2024-07-18,5328694.5190026
2024-07-19,5320041.688848
2024-07-20,5319052.6342157
2024-07-21,5319897.0933073
2024-07-22,5315853.6435357
2024-07-23,5299816.5488067
2024-07-24,5302568.6262766
2024-07-25,5301881.3734653
2024-07-26,5298056.9568546
2024-07-27,5300704.7260256
2024-07-28,5300324.9843565
2024-07-29,5289785.7557881
2024-07-30,5276463.6451964
2024-07-31,5248355.3091131
2024-08-01,5242594.2837502
2024-08-02,5244445.3936282
2024-08-03,5245696.8718728
2024-08-04,5246980.3173446
2024-08-05,5234235.5028757
2024-08-06,5236307.6216321
2024-08-07,5233174.451234
2024-08-08,5224260.2381645
2024-08-09,5224987.7279581
2024-08-10,5225902.5436333
2024-08-11,5224193.5419551
2024-08-12,5229358.1048219
2024-08-13,5238768.3253806
2024-08-14,5247921.6218562
2024-08-15,5243425.6518836
2024-08-16,5239203.1624376
2024-08-17,5241054.0048085
2024-08-18,5244751.7186328
2024-08-19,5248721.9762912
2024-08-20,5248155.5650053
2024-08-21,5246031.4790955
2024-08-22,5237541.1352872
2024-08-23,5230992.4858849
2024-08-24,5230606.2052628
2024-08-25,5231454.7056592
2024-08-26,5228532.0430417
2024-08-27,5223139.1114792
2024-08-28,5203448.9558519
2024-08-29,5181383.5358271
2024-08-30,5183451.2505769
2024-08-31,5182609.4464134
2024-09-01,5183413.4552579
2024-09-02,5181494.431422
2024-09-03,5176702.3639348
2024-09-04,5176754.5696902
2024-09-05,5172367.4682915
2024-09-06,5161683.4852157
2024-09-07,5160222.7909269
2024-09-08,5158377.3075822
2024-09-09,5147780.1295258
2024-09-10,