SOPR,date,Active_MVRV,Price,buy_score,sell_score
1.009577697,2013-01-01,0.8086998667,12.5,0.0,0.14852904067241968
1.0097812078,2013-01-02,0.8073736546,12.5,0.0,0.14846376483083845
1.0096209018,2013-01-03,0.8060349331,12.5,0.0,0.14836279734946048
1.0207622929,2013-01-04,0.8044096715,12.5,0.0,0.14932739812010612
1.006108513,2013-01-05,0.8036733145,12.5,0.0,0.14787494795026154
1.0046995736,2013-01-06,0.8025501922,12.5,0.0,0.14766801503546256
1.0062732382,2013-01-07,0.8012275632,12.5,0.0,0.1477343728127186
1.0237272492,2013-01-08,0.7992733451,12.5,0.0,0.14928335268949636
1.0197423369,2013-01-09,0.7982567024,12.5,0.0,0.14883617917732028
1.0253868897,2013-01-10,0.7969292305,12.5,0.0,0.14929264563269914
1.0121952409,2013-01-11,0.7959531551,12.5,0.0,0.14796509428146914
1.0056717947,2013-01-12,0.7953020292,12.5,0.0,0.14729783272317293
1.0141416407,2013-01-13,0.7941860458,12.5,0.0,0.14803878063524584
1.0169194614,2013-01-14,0.7931423506,12.5,0.0,0.14823845702691077
1.0091023824,2013-01-15,0.7921985358,12.5,0.0,0.14742841614128233
1.0123309006,2013-01-16,0.7912885263,12.5,0.0,0.1476798640660828
1.0163580658,2013-01-17,0.790223463,12.5,0.0,0.1479979925714034
1.0160645305,2013-01-18,0.789625525,12.5,0.0,0.14793161094258706
1.0125963079,2013-01-19,0.7886535361,12.5,0.0,0.1475368455422224
1.0127007263,2013-01-20,0.7874317607,12.5,0.0,0.1474687435800583
1.0201511876,2013-01-21,0.7860745449,12.5,0.0,0.14809650386954715
1.0501358695,2013-01-22,0.7846287278,12.5,0.0,0.15087974252144523
1.0125271989,2013-01-23,0.7846868636,12.5,0.0,0.14727660197014047
1.0317309126,2013-01-24,0.7828810007,12.5,0.0,0.14900287232325216
1.0185991833,2013-01-25,0.782491324,12.5,0.0,0.14771855990596475
1.0081180273,2013-01-26,0.7822724207,12.5,0.0,0.14669936925629504
1.0427998772,2013-01-27,0.7812207231,12.5,0.0,0.1499582882291765
1.0171796685,2013-01-28,0.7803808354,12.5,0.0,0.14744748388291287
1.0376390214,2013-01-29,0.7794414309,12.5,0.0,0.1493495746781348
1.0552384034,2013-01-30,0.7782817275,12.5,0.0,0.1509632949463877
1.0372496069,2013-01-31,0.777371145,12.5,0.0,0.14917986079490808
1.0890862604,2013-02-01,0.7764004474,12.5,0.0,0.15408918916401138
1.0290447164,2013-02-02,0.7767610199,12.5,0.0,0.1483539618632641
1.0096166825,2013-02-03,0.7760951023,12.5,0.0,0.14644814077480048
1.0260651669,2013-02-04,0.7742964868,12.5,0.0,0.1479106343824197
1.0195618672,2013-02-05,0.7743067789,12.5,0.0,0.14728759381193546
1.0074091012,2013-02-06,0.7734870835,12.5,0.0,0.14606967487092212
1.0161877591,2013-02-07,0.7723740166,12.5,0.0,0.1468404258430653
1.0204636865,2013-02-08,0.7715935754,12.5,0.0,0.1472006096522448
1.0368062557,2013-02-09,0.7699846135,12.5,0.0,0.14866507128052459
1.009976333,2013-02-10,0.7704696416,12.5,0.0,0.1461229600302765
1.020724661,2013-02-11,0.7690304727,12.5,0.0,0.14706176224551787
1.0202277772,2013-02-12,0.7682704051,12.5,0.0,0.14696551246914064
1.0227859541,2013-02-13,0.7672923854,12.5,0.0,0.14714832300404873
1.0186632803,2013-02-14,0.7666677967,12.5,0.0,0.14671300409457033
1.0561360816,2013-02-15,0.7646827764,12.5,0.0,0.15017991560404126
1.0210869771,2013-02-16,0.7669805919,12.5,0.0,0.1469654476789553
1.0152558334,2013-02-17,0.7664416404,12.5,0.0,0.1463717534084442
1.0236976095,2013-02-18,0.7652331896,12.5,0.0,0.14710409722418621
1.0198498523,2013-02-19,0.7645260255,12.5,0.0,0.14668986458374084
1.0308905483,2013-02-20,0.7631226704,12.5,0.0,0.14765899615023614
1.0078577519,2013-02-21,0.7631329068,12.5,0.0,0.14545069151446272
1.0140354222,2013-02-22,0.7621361399,12.5,0.0,0.1459794307390465
1.0137123128,2013-02-23,1.1459551818,19.7083333333,0.0,0.17048853951543866
1.1006727268,2013-02-24,1.6464158247,29.8,0.0,0.21082624100944852
1.6308390452,2013-02-25,1.5532438785,29.8,0.0,0.255714713275615
1.2830462324,2013-02-26,1.5086487305,29.8,0.0,0.21950839848138992
1.1140920419,2013-02-27,1.4896220501,29.8,0.0,0.2020883539560619
1.2374206581,2013-02-28,1.4469223615,29.8,0.0,0.21118610410289496
1.11741564,2013-03-01,1.4307322041,29.8,0.0,0.1986418850847377
1.0804391244,2013-03-02,1.4191440755,29.8,0.0,0.19435474841225228
1.0826244296,2013-03-03,1.4097154089,29.8,0.0,0.19396149281149905
1.1249916196,2013-03-04,1.3907812974,29.8,0.0,0.1968141326147123
1.1397108143,2013-03-05,1.3685354454,29.8,0.0,0.1968034513642849
1.1564285665,2013-03-06,1.3407364351,29.8,0.0,0.19662939143010463
1.1514898502,2013-03-07,1.322644662,29.8,0.0,0.19499901707920192
1.0736769099,2013-03-08,1.3132620356,29.8,0.0,0.18693647764347782
1.0987053711,2013-03-09,1.3014169309,29.8,0.0,0.18857949479508146
1.0643764475,2013-03-10,1.2934628006,29.8,0.0,0.18477862090232103
1.0730563331,2013-03-11,1.2675044815,29.8,0.0,0.1839513773929114
1.0148920718,2013-03-12,2.6298190868,71.2983333333,0.0,0.2654749436268271
1.5044298414,2013-03-13,2.058757311,57.1175,0.0,0.2759122712407981
1.2910378345,2013-03-14,2.0630298924,59.0729166667,0.0,0.25572009660250633
1.2560108464,2013-03-15,1.8443101865,53.6891666667,0.0,0.23837663397393216
1.12994333,2013-03-16,1.7667110634,52.6429166667,0.0,0.22132470897975193
1.0387791648,2013-03-17,1.6871194363,50.2245833333,0.0,0.20749279403696008
1.059275764,2013-03-18,1.6680661806,50.0858333333,0.0,0.20824031831108653
1.1029680829,2013-03-19,1.7722632843,55.4829166667,0.0,0.21909263963839037
1.1087710486,2013-03-20,1.9629382582,63.8904166667,0.0,0.23184028825953967
1.2755989667,2013-03-21,1.8493648227,63.7620833333,0.0,0.24057840802308325
1.1650203325,2013-03-22,2.668147931,102.27625,0.0,0.2823236036836123
1.4063762143,2013-03-23,2.0821196779,80.5354166667,0.0,0.26800215437482144
1.2206769189,2013-03-24,2.0498347657,81.825,0.0,0.24812848477426244
1.2458171485,2013-03-25,1.9759325615,81.7125,0.0,0.24581449917832165
1.1376498962,2013-03-26,1.8824543196,78.4925,0.0,0.22946404069891196
1.1583245385,2013-03-27,1.987515508,86.9545833333,0.0,0.23816409963799884
1.1559443375,2013-03-28,2.0187731015,91.9216666667,0.0,0.23993433181818113
1.1454295725,2013-03-29,1.9014187583,88.895,0.0,0.23142267246659542
1.1530504005,2013-03-30,2.1672403383,105.7116666667,0.0,0.24914928392252134
1.2030960267,2013-03-31,2.1125345935,105.01875,0.0,0.25045120601295623
1.4316021147,2013-04-01,2.1928777308,120.13875,0.0,0.2775029398055941
1.2307708339,2013-04-02,2.1418178952,120.6541666667,0.0,0.25497763259306383
1.4800980597,2013-04-03,1.9955510819,122.4354166667,0.0,0.2695375396422523
1.1421671633,2013-04-04,2.1342780296,135.6820833333,0.0,0.2459980286582708
1.5641020136,2013-04-05,2.1853575428,150.4633333333,0.0,0.2897295200922074
1.2638501522,2013-04-06,2.0411390585,142.8841666667,0.0,0.25171303719818267
1.2246505251,2013-04-07,2.2098938227,161.6395833333,0.0,0.25874321017900614
1.2619052726,2013-04-08,2.3542592586,185.5458333333,0.0,0.2715463644083844
1.6837286691,2013-04-09,2.3325313184,213.5616666667,0.0,0.31061210356792557
1.5268861741,2013-04-10,2.4311094258,260.9045833333,0.0,0.3018728845131087
1.4287426607,2013-04-11,2.0661498484,222.5183333333,0.0,0.26912615012953367
1.24318998,2013-04-12,1.2298411074,123.8275,0.0,0.19785996650900015
0.9102143463,2013-04-13,1.4714422073,149.3154166667,0.0,0.18137311647043045
1.0897681445,2013-04-14,1.4677474501,150.0,0.0,0.1983569836315095
1.1036119163,2013-04-15,1.3665855749,139.2308333333,0.0,0.1932167203156374
1.1893844619,2013-04-16,1.1095211509,111.79625,0.0,0.18500689845408014
0.990817698,2013-04-17,1.0789775956,107.98625,0.0,0.16401051146379914
0.9356540705,2013-04-18,1.3092102088,132.0320833333,0.0,0.17344034439762218
1.1036663761,2013-04-19,1.2469187339,126.0445833333,0.0,0.1855708485885204
1.1230329957,2013-04-20,1.2219896439,124.3845833333,0.0,0.1858343211778673
1.0615565503,2013-04-21,1.3306159519,136.59375,0.0,0.18688362614711254
1.1133175268,2013-04-22,1.3129569298,135.5545833333,0.0,0.19071870146704528
1.1735790989,2013-04-23,1.3032817241,136.4758333333,0.0,0.19587948428248542
1.2202063568,2013-04-24,1.3696284504,147.4920833333,0.0,0.20459325515463755
1.0707210416,2013-04-25,1.492185072,163.8433333333,0.0,0.1980927314596204
1.1652729194,2013-04-26,1.3905652193,153.6554166667,0.0,0.200663493229042
1.2165058702,2013-04-27,1.3715276233,153.5145833333,0.0,0.2043597869010731
1.0811127172,2013-04-28,1.2495097516,139.8075,0.0,0.18357350207169632
1.0662028231,2013-04-29,1.2500715093,141.265,0.0,0.18217948636404277
0.9931318383,2013-04-30,1.359026113,153.8791666667,0.0,0.18213780776842176
1.1046544359,2013-05-01,1.2783345652,144.4408333333,0.0,0.18767423083389478
1.0901227327,2013-05-02,1.1056756529,124.1325,0.0,0.17524133939384398
1.0678763783,2013-05-03,0.9245874485,102.6458333333,0.0,0.16152963419868632
0.9094198822,2013-05-04,1.0150744292,112.7108333333,0.0,0.15211830506942162
0.9893522535,2013-05-05,1.2625460749,141.5316666667,0.0,0.17560671826530713
1.1214878507,2013-05-06,1.1423277257,128.2720833333,0.0,0.1805928194363548
1.035489094,2013-05-07,1.0953156455,123.27125,0.0,0.1693393191996264
0.9446794467,2013-05-08,1.1561786045,130.49125,0.0,0.16452159736250038
1.0103164078,2013-05-09,1.1604268993,131.2133333333,0.0,0.171088128292602
0.9530425673,2013-05-10,1.0518355263,118.4820833333,0.0,0.15865231708078764
0.9870169263,2013-05-11,1.4966479127,170.81875,0.0,0.19035043172317592
1.2760510878,2013-05-12,1.1531621103,131.8754166667,0.0,0.19610891254335674
1.0050664895,2013-05-13,1.0384490787,118.7220833333,0.0,0.16278578421461815
0.9228703518,2013-05-14,1.2078145957,138.6183333333,0.0,0.16573142860417278
1.1277179581,2013-05-15,0.9932624187,113.6129166667,0.0,0.17165958398335526
0.8987485391,2013-05-16,1.0789220079,123.2375,0.0,0.15517706957406813
0.9736036537,2013-05-17,1.0117476518,114.9758333333,0.0,0.1580611433297459
1.1394013365,2013-05-18,1.0885450957,124.3375,0.0,0.1788721311571529
1.0421605221,2013-05-19,1.0083190079,115.0920833333,0.0,0.16441687021539234
0.9940911255,2013-05-20,1.0882122678,124.8008333333,0.0,0.16491488318609923
1.0096235702,2013-05-21,1.0976353953,126.2079166667,0.0,0.16700700449957856
1.012776952,2013-05-22,1.1181236242,128.9295833333,0.0,0.16861937775088331
1.0484141541,2013-05-23,1.1025872078,127.64625,0.0,0.17104381560047976
1.0009119682,2013-05-24,1.1455703589,133.2945833333,0.0,0.16923631886584367
1.1897837827,2013-05-25,1.0399299151,121.25625,0.0,0.180595766109456
0.9694761204,2013-05-26,1.1159511269,130.3825,0.0,0.16432771163480797
1.0068438186,2013-05-27,1.1958703386,140.17125,0.0,0.17302122391999702
1.0974050511,2013-05-28,1.0222914795,119.90375,0.0,0.1706084466030444
0.9823051636,2013-05-29,1.0875928612,127.99875,0.0,0.16374494836399345
1.0131163965,2013-05-30,1.1221716619,132.52125,0.0,0.16891075005154238
1.0923638791,2013-05-31,1.1689626071,138.8491666667,0.0,0.1795026310769467
1.0358139936,2013-06-01,1.0399751452,123.405,0.0,0.1658321935151218
1.0220519412,2013-06-02,1.210733192,144.69875,0.0,0.17543003888890152
1.1098134146,2013-06-03,1.088570409,130.3225,0.0,0.17603612152428935
1.0661642203,2013-06-04,1.0246260656,122.905,0.0,0.16776156195339859
1.0497731817,2013-06-05,1.0569091611,127.0479166667,0.0,0.16825365264018383
1.1188364944,2013-06-06,1.0781554643,130.38625,0.0,0.17623558303452697
1.079525824,2013-06-07,1.0028750367,121.2558333333,0.0,0.1676523183322463
1.0094258973,2013-06-08,0.9534273357,115.17,0.0,0.15776786915406815
1.055414396,2013-06-09,0.9021026744,108.97625,0.0,0.15889686773599163
0.9647959873,2013-06-10,0.8381534603,100.9891666667,0.0,0.14611741673393366
0.9575729927,2013-06-11,1.0031960082,121.6154166667,0.0,0.15597696035324315
1.0202467913,2013-06-12,0.9568070137,116.06625,0.0,0.1590217316452055
0.9820676025,2013-06-13,0.9407451192,114.33,0.0,0.15433321514243165
0.9738036053,2013-06-14,0.9224953904,111.8404166667,0.0,0.1523738307478897
1.0135589087,2013-06-15,0.9176101135,111.3891666667,0.0,0.1558742128632626
1.0040421046,2013-06-16,0.8238594124,99.8995833333,0.0,0.14896740026102828
0.9198690734,2013-06-17,0.8979403447,109.0466666667,0.0,0.1456312754242176
0.9636090646,2013-06-18,0.9741824026,118.7979166667,0.0,0.15470081730475266
1.007336182,2013-06-19,0.9253078742,112.8433333333,0.0,0.1557695914769332
0.9540842425,2013-06-20,0.9452538677,115.3825,0.0,0.15193774667677626
0.9837671148,2013-06-21,1.0536246525,129.1320833333,0.0,0.16171334388083397
1.068222013,2013-06-22,0.9912380844,121.59125,0.0,0.16582419940941862
1.03719876,2013-06-23,0.8911111594,109.3145833333,0.0,0.15644713768992977
1.0097455275,2013-06-24,0.8759893614,107.5004166667,0.0,0.15284740006033032
0.966330834,2013-06-25,0.8299283532,101.5775,0.0,0.14573873048524288
0.9706859408,2013-06-26,0.8994398112,110.3925,0.0,0.15060073523280826
1.0114322444,2013-06-27,0.9087773468,111.63125,0.0,0.15510551788858468
1.0569256265,2013-06-28,0.8573801737,105.31625,0.0,0.15618239617903304
0.9921192181,2013-06-29,0.8363987927,102.615,0.0,0.14862566219874906
0.9600208221,2013-06-30,0.8439839322,103.5254166667,0.0,0.1460322355009311
1.074077054,2013-07-01,0.8178567291,100.28875,0.0,0.15530030701849948
1.0511683948,2013-07-02,0.7645229029,93.4958333333,0.0,0.1496932680920311
0.9710913474,2013-07-03,0.7211786869,87.8795833333,0.0,0.13924219995253326
0.9267885101,2013-07-04,0.7320909217,88.9754166667,0.0,0.13569103022484383
0.9102225823,2013-07-05,0.6816111239,82.255,0.0,0.13087476757828875
0.8473813776,2013-07-06,0.6645645079,79.77125,0.0,0.12375808197362727
0.9325595768,2013-07-07,0.6221091796,74.5508333333,0.0,0.1292126419766014
0.9224788582,2013-07-08,0.7443012202,89.4604166667,0.0,0.1360583986412345
1.0201991559,2013-07-09,0.7083235403,85.1541666667,0.0,0.1431299669528277
1.0444424565,2013-07-10,0.708124868,85.3329166667,0.0,0.145442316973016
0.9394796268,2013-07-11,0.7672822449,92.6708333333,0.0,0.13915818575486177
1.021151863,2013-07-12,0.832235243,100.8883333333,0.0,0.15114383312546703
1.1125484441,2013-07-13,0.8078379237,98.2383333333,0.0,0.1583493349780048
0.9861747343,2013-07-14,0.9189398958,112.0945833333,0.0,0.15333295687095352
1.0861539127,2013-07-15,0.8408434216,102.6033333333,0.0,0.15792822919445076
0.9782224015,2013-07-16,0.9042602971,110.51625,0.0,0.15163172472603947
1.0540674934,2013-07-17,0.8567557807,104.8141666667,0.0,0.155868365490695
0.9637556414,2013-07-18,0.8028427874,97.9645833333,0.0,0.14375999694157826
0.9384478316,2013-07-19,0.7777002432,94.6895833333,0.0,0.1397253232070961
0.9517416058,2013-07-20,0.8183067924,99.6808333333,0.0,0.143596507880822
1.0179429072,2013-07-21,0.8477455606,103.4225,0.0,0.151827755847395
1.0338488538,2013-07-22,0.7637704122,93.0766666667,0.0,0.14798412671089822
0.9982200299,2013-07-23,0.8217386516,100.2941666667,0.0,0.14827344019448663
1.0326930527,2013-07-24,0.8138116886,99.4104166667,0.0,0.15107275030648185
1.0349971864,2013-07-25,0.8331929604,101.9033333333,0.0,0.15253290135585115
1.0505466358,2013-07-26,0.8238769974,100.91875,0.0,0.15342853918406518
1.0244398545,2013-07-27,0.8123050613,99.6091666667,0.0,0.15018489909681512
1.0134336726,2013-07-28,0.9456181862,116.5483333333,0.0,0.1576529439192617
1.0032263807,2013-07-29,0.9040734386,111.2083333333,0.0,0.15401778292157675
1.042762895,2013-07-30,0.8377353008,102.93625,0.0,0.15356809317048872
1.030728888,2013-07-31,0.8745812401,107.84125,0.0,0.1547697776034046
1.0272550535,2013-08-01,0.9234246826,114.2775,0.0,0.1575595048643297
1.180978826,2013-08-02,0.8983672993,111.7383333333,0.0,0.1707002904326319
1.2747949506,2013-08-03,0.9318434232,116.6379166667,0.0,0.18183807147586012
1.0635118741,2013-08-04,0.9767779281,122.3683333333,0.0,0.16444794010628458
1.1141655626,2013-08-05,0.9036663149,113.4854166667,0.0,0.16463136915777016
1.0218753514,2013-08-06,0.899523136,113.1933333333,0.0,0.15551538044749366
1.0199785781,2013-08-07,0.9092701154,114.6845833333,0.0,0.15595665953293827
1.0244181647,2013-08-08,0.8617307695,108.6154166667,0.0,0.15334293221941264
1.0191038971,2013-08-09,0.8433596309,106.3870833333,0.0,0.15165867895203855
0.9926575655,2013-08-10,0.8584925033,108.3958333333,0.0,0.15008988980617097
1.024766758,2013-08-11,0.8604427486,108.8658333333,0.0,0.1532940123239695
0.9861311884,2013-08-12,0.8974406375,113.7008333333,0.0,0.15195419045266478
1.1237832792,2013-08-13,0.840137832,106.5991666667,0.0,0.1614919585700553
0.9753887643,2013-08-14,0.9091479573,115.3441666667,0.0,0.1516724654288223
1.0839699414,2013-08-15,0.9009172922,114.6883333333,0.0,0.16155969645785984
0.9915702464,2013-08-16,0.8887032154,113.06875,0.0,0.15191718168629503
1.0648716287,2013-08-17,0.9331056304,119.1329166667,0.0,0.16178608770316993
1.0201754565,2013-08-18,0.9488569178,121.2975,0.0,0.15850658793467196
1.1033133744,2013-08-19,0.9063900585,116.165,0.0,0.163764737614524
1.0349663386,2013-08-20,0.9318364654,119.77375,0.0,0.1588368763081363
1.00975261,2013-08-21,1.0295942995,133.0716666667,0.0,0.16266906159962638
1.0664792334,2013-08-22,0.9578247209,123.83125,0.0,0.16352072032189507
1.0667642589,2013-08-23,0.9235906539,119.6395833333,0.0,0.16135924475781646
1.0118670219,2013-08-24,0.9126286695,118.3433333333,0.0,0.1553934558011254
1.0333049088,2013-08-25,0.985482634,128.2166666667,0.0,0.1621074922735256
1.0823215942,2013-08-26,0.9887188545,128.845,0.0,0.16701534792306683
1.0973287526,2013-08-27,1.0408726069,136.3808333333,0.0,0.17178914389108357
1.1295824944,2013-08-28,1.0003355647,131.4525,0.0,0.17229063536618444
1.0921025071,2013-08-29,0.9993431532,131.8595833333,0.0,0.16863266772455987
1.0463674109,2013-08-30,1.0006870065,132.5445833333,0.0,0.1643323672029936
1.0364876935,2013-08-31,1.0477003132,139.5470833333,0.0,0.16639072588640114
1.0242520261,2013-09-01,1.1259617379,150.4608333333,0.0,0.17022103670930955
1.164304955,2013-09-02,1.0762446686,144.68875,0.0,0.18047406349582723
1.1689788755,2013-09-03,1.0916374932,147.825,0.0,0.18190648094444925
1.0681472906,2013-09-04,1.0763922132,146.02375,0.0,0.17126150129800927
1.0840975927,2013-09-05,1.0150680661,137.94,0.0,0.16887035479198476
1.0232465844,2013-09-06,1.0192610756,138.6425,0.0,0.16330252897192649
1.0807724142,2013-09-07,1.0326988474,140.9095833333,0.0,0.16967870648779854
1.1022670719,2013-09-08,1.0637203519,145.6954166667,0.0,0.17372356098954567
1.1390112612,2013-09-09,1.0007959372,137.7395833333,0.0,0.17322433541267374
1.0164789506,2013-09-10,1.044835146,144.1345833333,0.0,0.16428859932130027
1.0364173887,2013-09-11,1.0223255797,141.0504166667,0.0,0.16476160832826933
1.2017073297,2013-09-12,1.0562226908,146.81375,0.0,0.18278099844458678
1.0574773693,2013-09-13,1.1045595585,154.0729166667,0.0,0.17203912823286654
1.2174175612,2013-09-14,1.0713403099,150.3004166667,0.0,0.18525425700153342
1.0942303007,2013-09-15,1.0083593444,141.8341666667,0.0,0.1694131985493215
1.0349987566,2013-09-16,1.0039206572,141.5775,0.0,0.16344880574807652
0.9989479549,2013-09-17,1.0149440602,143.2495833333,0.0,0.16069615477699745
1.0741709384,2013-09-18,1.0260609709,145.15,0.0,0.16862118883908234
1.2586515328,2013-09-19,0.9869602891,140.6145833333,0.0,0.1838138245814886
1.0005901866,2013-09-20,1.013101519,144.5175,0.0,0.16073584704370347
1.0258603255,2013-09-21,0.9729772549,139.17625,0.0,0.16059396809439097
1.0419259012,2013-09-22,1.0241346612,147.0091666667,0.0,0.16540556850416976
1.0118452114,2013-09-23,0.9778517242,140.4020833333,0.0,0.15956150646661788
1.0315744306,2013-09-24,0.9336847469,134.2154166667,0.0,0.15862974844415484
0.9957232954,2013-09-25,0.9454983227,136.0795833333,0.0,0.15594676746513825
1.0123680427,2013-09-26,1.0043093332,144.7629166667,0.0,0.16130325896630548
1.0668795156,2013-09-27,0.9649253229,139.5904166667,0.0,0.1640130979371006
0.9641671222,2013-09-28,0.9739480292,140.9633333333,0.0,0.15473935274361084
1.0226516207,2013-09-29,0.9870980317,143.3633333333,0.0,0.1611890723306606
1.0102700381,2013-09-30,0.9943150561,144.48625,0.0,0.16046304953644447
1.0614571555,2013-10-01,1.0405453476,151.93,0.0,0.16832795641722165
1.1108611978,2013-10-02,0.9622752853,140.0470833333,0.0,0.16806172435803318
1.0953367771,2013-10-03,0.9195685852,133.9966666667,0.0,0.16384233307631596
1.0219466002,2013-10-04,0.9134106603,133.3120833333,0.0,0.1564101350806576
1.0333553688,2013-10-05,0.9967072697,146.105,0.0,0.16282999703132867
1.0776683372,2013-10-06,1.0133289189,149.0041666667,0.0,0.1681425621710746
1.3027645703,2013-10-07,0.9624691632,142.9229166667,0.0,0.18647860301576297
1.0113778708,2013-10-08,0.9117181853,134.95375,0.0,0.15528833049823645
0.9976316868,2013-10-09,0.9369059763,139.1108333333,0.0,0.15558042595736066
1.0061730749,2013-10-10,0.9373006276,139.1554166667,0.0,0.1564248200045748
1.0255068388,2013-10-11,0.9527088101,141.8025,0.0,0.15926417088906591
1.047888826,2013-10-12,0.9403524074,140.27,0.0,0.16062068742040356
1.0331414044,2013-10-13,0.9854057375,147.4991666667,0.0,0.16208689488955014
1.061325569,2013-10-14,0.9688458442,145.5254166667,0.0,0.163731111907945
1.0310827492,2013-10-15,1.0088094574,152.2445833333,0.0,0.16338581468201466
1.1782478375,2013-10-16,1.005120489,152.755,0.0,0.177263814454932
1.0805530211,2013-10-17,0.9820176504,149.42125,0.0,0.16641728059796596
1.0370529452,2013-10-18,1.0591108189,162.2104166667,0.0,0.16717448561653864
1.0962764852,2013-10-19,1.1095844608,171.02375,0.0,0.17608143071036916
1.1246296135,2013-10-20,1.2111453561,188.3808333333,0.0,0.18529409749253178
1.3489749168,2013-10-21,1.1663119362,183.6433333333,0.0,0.20394342406470184
1.2728170079,2013-10-22,1.2585100201,201.05125,0.0,0.2025343387487984
1.2914456421,2013-10-23,1.2977555849,211.97,0.0,0.206830146129994
1.1665336013,2013-10-24,1.2293422793,201.5304166667,0.0,0.1904763471885742
1.5878363158,2013-10-25,1.2052548686,203.5854166667,0.0,0.22934129377311913
1.0697949866,2013-10-26,1.1699124379,197.6654166667,0.0,0.17739889162081007
1.1127043113,2013-10-27,1.3278833515,226.00625,0.0,0.19161423618785084
1.179573458,2013-10-28,1.2888736086,220.4825,0.0,0.19553316660554176
1.2692585709,2013-10-29,1.2921173203,224.0108333333,0.0,0.2043418045988447
1.1155090471,2013-10-30,1.3117052989,228.8279166667,0.0,0.19084885404177104
1.1802351842,2013-10-31,1.2531832186,219.8108333333,0.0,0.19331470611541177
1.1374507796,2013-11-01,1.2214229528,215.26125,0.0,0.1871808256579226
1.0627492385,2013-11-02,1.297756625,229.8104166667,0.0,0.18489709617702138
1.1357902116,2013-11-03,1.2127018577,215.38625,0.0,0.1864639715300822
1.3272270183,2013-11-04,1.2008023753,217.3066666667,0.0,0.20406289550088924
1.1600995016,2013-11-05,1.2926509552,237.3420833333,0.0,0.19390702866705725
1.1255971007,2013-11-06,1.4387131722,267.0529166667,0.0,0.19993680385388585
1.3723740791,2013-11-07,1.5830389452,305.1716666667,0.0,0.23283164060903155
1.3153739323,2013-11-08,1.6937493593,337.235,0.0,0.23444349548131072
1.2702357352,2013-11-09,1.7805625642,361.61,0.0,0.23566506295659842
1.2858988445,2013-11-10,1.6003205131,328.0208333333,0.0,0.22564316305781348
1.2853405886,2013-11-11,1.6972605849,353.585,0.0,0.23178764518380512
1.3458807206,2013-11-12,1.7691716832,376.2158333333,0.0,0.24219149670930804
1.3523890904,2013-11-13,1.8100241633,395.5595833333,0.0,0.24542765152733825
1.3217626804,2013-11-14,1.9054099661,427.3133333333,0.0,0.24858907420568824
1.3822961916,2013-11-15,1.9438287107,445.4454166667,0.0,0.256850902493974
1.3479037166,2013-11-16,1.9222189462,448.60875,0.0,0.2521708384586131
1.3550297253,2013-11-17,1.9851063446,475.2941666667,0.0,0.25687506634955765
1.4005850339,2013-11-18,2.1968518766,555.995,0.0,0.27478234181185324
1.3655200533,2013-11-19,2.4193310329,650.475,0.0,0.28564400449517713
1.5193020921,2013-11-20,2.0373196537,561.5183333333,0.0,0.27596794206447917
1.2119745734,2013-11-21,2.309936336,657.85375,0.0,0.2639239049905216
1.677597876,2013-11-22,2.3262532326,720.62875,0.0,0.30962273052390976
1.3494454578,2013-11-23,2.5498293557,841.71625,0.0,0.2924459944161889
1.3251340783,2013-11-24,2.3872834899,808.58375,0.0,0.279721777764808
1.5747544059,2013-11-25,2.3392044201,821.9270833333,0.0,0.3005875882804977
2.053680425,2013-11-26,2.1882520016,844.27375,0.0,0.33686757360738007
1.4078728402,2013-11-27,2.3157004042,939.1795833333,0.0,0.28308005297759675
1.3342000074,2013-11-28,2.3767757841,1024.1879166667,0.0,0.2799194179026394
1.4050752677,2013-11-29,2.4072258153,1102.7708333333,0.0,0.2886635783991078
1.2872336313,2013-11-30,2.4215477303,1140.4691666667,0.0,0.27827767751121657
1.3430811348,2013-12-01,2.1483542013,1024.8370833333,0.0,0.2661666554352563
1.2919338131,2013-12-02,2.0715444908,1006.1329166667,0.0,0.2563504201211344
1.2523488276,2013-12-03,2.1292434301,1054.46,0.0,0.25624309999517264
1.1966236288,2013-12-04,2.1358123258,1079.0329166667,0.0,0.25131877082322523
1.2020350744,2013-12-05,2.0399626979,1045.97375,0.0,0.24570945290750262
1.2259759432,2013-12-06,1.8947616231,982.0529166667,0.0,0.23872183307631445
1.3772931186,2013-12-07,1.4347427782,745.7766666667,0.0,0.22382184347923778
1.0692691599,2013-12-08,1.4115629211,736.3841666667,0.0,0.19279878008584816
0.9452564992,2013-12-09,1.6361294978,859.3679166667,0.0,0.19526338285689435
1.0454749779,2013-12-10,1.7585749242,931.9404166667,0.0,0.21270357882098195
1.3209042848,2013-12-11,1.6923659101,908.76,0.0,0.2348854305629861
1.1401465439,2013-12-12,1.809930534,978.5629166667,0.0,0.22506655502403677
1.3760854417,2013-12-13,1.674514896,914.2408333333,0.0,0.23903624278100286
0.9975577947,2013-12-14,1.6672155966,914.1125,0.0,0.20226687626430578
1.0838018664,2013-12-15,1.632913199,896.8008333333,0.0,0.20834492963698703
1.1986792103,2013-12-16,1.517661774,836.51125,0.0,0.21199344734220743
1.1466043639,2013-12-17,1.3013142346,717.5054166667,0.0,0.19316667910275148
1.1816940076,2013-12-18,1.0394589231,569.9316666667,0.0,0.17978980301585712
0.8323319498,2013-12-19,1.1410062151,623.0554166667,0.0,0.1527768451661097
0.9666989996,2013-12-20,1.269928679,695.5441666667,0.0,0.17390617798827082
1.5237187115,2013-12-21,1.1549926954,632.90125,0.0,0.21997850429856075
0.812343346,2013-12-22,1.2182446543,657.6620833333,0.017997201445493945,0.07789045929002243
1.0622447941,2013-12-23,1.252981436,678.31,0.0,0.18198594271331192
1.1024754677,2013-12-24,1.2933980721,708.4683333333,0.0,0.18842836689096848
1.5961454407,2013-12-25,1.2877054746,715.5908333333,0.0,0.23540979395173667
1.0788500963,2013-12-26,1.2937813969,721.9183333333,0.0,0.18618708539673146
1.17036482,2013-12-27,1.3174999294,738.88625,0.0,0.1964802831850725
1.0268562917,2013-12-28,1.370255723,770.22875,0.0,0.18609013311661787
1.0723946852,2013-12-29,1.3910858718,784.1266666667,0.0,0.1917892998727963
1.0295212725,2013-12-30,1.358753041,766.61125,0.0,0.18561027522090123
0.97085358,2013-12-31,1.3615106214,769.5766666667,0.0,0.18016006368568524
0.9609223701,2014-01-01,1.412681328,799.14125,0.0,0.1824792941281677
1.1385503726,2014-01-02,1.4067076445,798.8591666667,0.0,0.1991327610842206
1.1101310088,2014-01-03,1.4107432108,805.0375,0.0,0.1966652240214019
1.5660972622,2014-01-04,1.4246878797,825.2220833333,0.0,0.2412862185158272
1.127254792,2014-01-05,1.5353175062,896.1929166667,0.0,0.20627234033459274
1.1315032872,2014-01-06,1.6058470307,944.0870833333,0.0,0.21118921224476161
1.2031786836,2014-01-07,1.5652428544,924.6870833333,0.0,0.21546714308450757
1.3184645188,2014-01-08,1.404325348,836.4620833333,0.0,0.216235101716987
1.072068781,2014-01-09,1.4725251116,880.4141666667,0.0,0.19696499469588702
1.0753696091,2014-01-10,1.4500492682,869.1083333333,0.0,0.19584453072716035
1.2838264476,2014-01-11,1.5178908319,917.7854166667,0.0,0.22017413380836048
1.1717419851,2014-01-12,1.5361979163,934.3841666667,0.0,0.21059517268447317
1.1380503097,2014-01-13,1.4536069963,886.9220833333,0.0,0.20208338914237484
1.1588848189,2014-01-14,1.4442456647,887.9758333333,0.0,0.20348298963485129
1.1916149982,2014-01-15,1.4640426807,906.1925,0.0,0.2078877302568226
1.1517728679,2014-01-16,1.4176931813,881.06,0.0,0.2011032420103976
1.0707425295,2014-01-17,1.3956410271,868.79,0.0,0.19192209125295623
1.0840741522,2014-01-18,1.3884040121,866.9379166667,0.0,0.1927379494609356
1.0809740449,2014-01-19,1.5155865538,949.8091666667,0.0,0.20057225711074128
1.1527972922,2014-01-20,1.5170142849,955.115,0.0,0.20755174614929905
1.1078720244,2014-01-21,1.6257423056,1030.8825,0.0,0.21019489409552533
1.18669251,2014-01-22,1.4891181263,947.5491666667,0.0,0.2090188788070752
1.0854017921,2014-01-23,1.4592025812,930.8470833333,0.0,0.1973918987039202
1.1287364433,2014-01-24,1.2911919225,824.6216666667,0.0,0.1908058705890166
1.0680510599,2014-01-25,1.3639267027,873.51375,0.0,0.1896362589378105
1.026822357,2014-01-26,1.3785402689,884.08125,0.0,0.18661656456767597
1.1001798081,2014-01-27,1.3441773383,863.91125,0.0,0.19145485699932896
1.0690189709,2014-01-28,1.3307777873,857.8554166667,0.0,0.1876096564091272
1.0493680905,2014-01-29,1.3177204853,851.59875,0.0,0.18489019986327754
1.0310056269,2014-01-30,1.3409274607,868.2133333333,0.0,0.18461292459560455
1.0381892698,2014-01-31,1.3569824354,880.9891666667,0.0,0.18632837248464804
1.2035836806,2014-02-01,1.4246879878,930.9379166667,0.0,0.2065193796176745
1.1037153922,2014-02-02,1.4027903121,921.1745833333,0.0,0.19554145309985355
1.0234497117,2014-02-03,1.3577068092,892.38125,0.0,0.18496108996766553
1.0460169285,2014-02-04,1.2791141125,841.73125,0.0,0.1821004454260873
1.8802052696,2014-02-05,1.3163028081,893.7220833333,0.0,0.26448095393924675
1.0924948122,2014-02-06,1.2427135833,826.57625,0.0,0.18423057718195784
1.0222082751,2014-02-07,1.1142568547,739.2025,0.0,0.16927666007657002
0.977682522,2014-02-08,1.1189210374,742.5391666667,0.0,0.16530463221747424
0.989220751,2014-02-09,1.1097325233,736.53125,0.0,0.1658237228193753
0.9800285269,2014-02-10,1.1092168718,734.38375,0.0,0.164909174034938
0.9888727773,2014-02-11,1.1463328615,759.67875,0.0,0.1681304527489329
1.0162872937,2014-02-12,1.1448895768,760.4770833333,0.0,0.17066736172804214
1.0455955783,2014-02-13,1.1112737397,738.5845833333,0.0,0.17132888782525335
1.0618796737,2014-02-14,0.9672426077,642.4204166667,0.0,0.16368174774881933
0.9342162174,2014-02-15,1.0389173413,690.99125,0.0,0.15602083176112988
0.9779214012,2014-02-16,1.0116538336,672.3166666667,0.0,0.15846923825498732
0.9850319947,2014-02-17,0.9837558152,654.0029166667,0.0,0.1573674740310193
0.9914466168,2014-02-18,0.985709786,656.1325,0.0,0.15810759833378568
0.8879290971,2014-02-19,1.1660547173,775.61125,0.0,0.15971040347780752
1.1508923933,2014-02-20,0.9327880062,619.8566666667,0.0,0.1700155967468196
1.0053201142,2014-02-21,0.8722788702,579.9483333333,0.0,0.15218574472480945
0.8366854121,2014-02-22,0.9888014614,656.8329166667,0.0,0.14346290451823196
1.0205987174,2014-02-23,0.9961624922,662.4308333333,0.0,0.1615717398174772
0.9586618212,2014-02-24,0.9091536512,601.85625,0.0,0.15006863288707217
0.8812922698,2014-02-25,0.8208748457,537.7116666667,0.0,0.13700426072651622
0.9315028219,2014-02-26,0.8927087871,585.2004166667,0.0,0.14641252128749216
0.8488162842,2014-02-27,0.93949024,614.76625,0.0,0.14147352178196682
1.1159175212,2014-02-28,0.9990987743,655.955,0.0,0.170901020624657
0.9638674014,2014-03-01,0.97673631,639.8079166667,0.0,0.1548888813176476
1.0148862124,2014-03-02,0.8587129223,560.9475,0.0,0.1522358198560783
0.8828095975,2014-03-03,0.9119833172,595.4975,0.0,0.14297494870929756
0.8779786376,2014-03-04,1.0207733478,666.0004166667,0.0,0.14946730383152892
1.0291368385,2014-03-05,0.998803996,651.805,0.0,0.16255947672309817
1.0430171677,2014-03-06,0.9954250251,650.4625,0.0,0.16367462894199225
2.6586843786,2014-03-07,0.9543253031,629.4229166667,0.0,0.31599732931008817
1.0415952833,2014-03-08,0.9254340398,606.86125,0.0,0.15906327537289644
1.4682517019,2014-03-09,0.9217921853,614.6054166667,0.0,0.19974888865350027
1.0348651562,2014-03-10,0.9351079243,615.9054166667,0.0,0.15903633847692125
1.0175982276,2014-03-11,0.9398251034,618.7995833333,0.0,0.15768195514653116
1.015667532,2014-03-12,0.9468696407,624.7391666667,0.0,0.1579471958714482
1.0029052803,2014-03-13,0.9485517368,626.22875,0.0,0.1568307803574279
0.9945401037,2014-03-14,0.940581241,621.0116666667,0.0,0.1555189118882215
0.9953588895,2014-03-15,0.9394478994,620.72625,0.0,0.15552497545291735
0.9990542116,2014-03-16,0.9375060831,620.04,0.0,0.15575522193004035
0.9956578112,2014-03-17,0.9255901303,612.4825,0.0,0.15466762444916754
1.0336960828,2014-03-18,0.9120922377,604.0158333333,0.0,0.1574526730863578
0.9827051942,2014-03-19,0.9047999738,598.9858333333,0.0,0.1520961518322792
0.9702830611,2014-03-20,0.8761828404,579.3420833333,0.0,0.149075124709459
1.2048437051,2014-03-21,0.8499946226,563.5641666667,0.0,0.16989626440157674
0.997329901,2014-03-22,0.8327209374,551.3545833333,0.0,0.14889024278753848
0.9684002099,2014-03-23,0.8290696933,549.30125,0.0,0.1458822940497041
0.9777879678,2014-03-24,0.8270610072,548.4170833333,0.0,0.14665419785045883
1.0059840328,2014-03-25,0.8438589936,559.9883333333,0.0,0.15043234663127186
0.9812317742,2014-03-26,0.8466979039,562.2095833333,0.0,0.14823999294463608
1.0109730469,2014-03-27,0.7922779868,525.4541666667,0.0,0.14761290195019727
0.9443241383,2014-03-28,0.7395809786,489.4704166667,0.0,0.13785167272338814
0.9451640725,2014-03-29,0.7321820494,484.575,0.0,0.13745916396003138
0.9009344141,2014-03-30,0.6880097174,454.63125,0.0,0.130393090813285
0.8558744988,2014-03-31,0.673999646,444.3116666667,0.0,0.12517586525762367
0.8547816975,2014-04-01,0.7009642822,461.76625,0.0,0.1267950882096712
0.8962861776,2014-04-02,0.6845451867,450.35875,0.0,0.12972579151639219
0.9955811073,2014-04-03,0.640183068,420.5566666667,0.0,0.1364123020542236
0.8966996519,2014-04-04,0.6681835638,438.905,0.0,0.1287193386964385
0.782804994,2014-04-05,0.6972232715,456.34125,0.020830075526856968,0.04457810724072635
0.9934531835,2014-04-06,0.6953249771,454.9025,0.0,0.13973381154615602
0.9600272573,2014-04-07,0.7103017934,464.6658333333,0.0,0.13748566704916007
0.9539682451,2014-04-08,0.7141634595,467.2816666667,0.0,0.1371514797272112
1.0420687421,2014-04-09,0.7061714305,462.3783333333,0.0,0.14508976980622776
0.9069703669,2014-04-10,0.6453386018,420.5425,0.0,0.128243721161227
0.8386456161,2014-04-11,0.6411493862,416.4933333333,0.0,0.12142319522757884
0.916667694,2014-04-12,0.678997048,441.3070833333,0.0,0.13132575046692574
0.9985938733,2014-04-13,0.6618846093,430.5033333333,0.0,0.13808876466225528
0.9436670612,2014-04-14,0.7070598389,460.46375,0.0,0.1357093636606576
0.9253053612,2014-04-15,0.755803104,492.6395833333,0.0,0.13706486596521297
1.190510295,2014-04-16,0.7937834062,519.30875,0.0,0.16492766364876102
1.0636771976,2014-04-17,0.7791305699,509.8283333333,0.0,0.15182688917996412
0.9635653611,2014-04-18,0.7489200551,489.6908333333,0.0,0.14029411026597668
0.9898418246,2014-04-19,0.75773723,495.9233333333,0.0,0.14337789356446273
0.9040222051,2014-04-20,0.7703551526,504.1741666667,0.0,0.13595411497458526
0.9986524869,2014-04-21,0.7623560278,499.3475,0.0,0.144518190036851
0.9778107808,2014-04-22,0.7542304791,493.925,0.0,0.1419998471078075
1.0968249802,2014-04-23,0.7447073624,488.50375,0.0,0.1528050215855717
1.0016329711,2014-04-24,0.7433863709,487.81875,0.0,0.14359117725689585
0.9641289182,2014-04-25,0.7072145638,463.8920833333,0.0,0.13768164955949486
0.9782600509,2014-04-26,0.6959325181,456.7633333333,0.0,0.1383155590951592
0.9828734836,2014-04-27,0.6882009139,451.9591666667,0.0,0.1382636773864206
0.9588529856,2014-04-28,0.6662587222,437.4066666667,0.0,0.13455708297962637
0.9509513919,2014-04-29,0.676935286,444.4520833333,0.0,0.1344819045782439
0.9706008589,2014-04-30,0.677741313,445.1183333333,0.0,0.13641792031946345
0.9629965634,2014-05-01,0.6929110396,455.3525,0.0,0.13665853197947392
0.9953795922,2014-05-02,0.6855439547,450.7570833333,0.0,0.13929319804743687
0.9637179779,2014-05-03,0.6712429798,441.46375,0.0,0.13534233644849353
0.9615925475,2014-05-04,0.6623514991,435.7916666667,0.0,0.13457000583555973
0.9296474081,2014-05-05,0.6588521038,433.3720833333,0.0,0.1312825693892408
0.9153402072,2014-05-06,0.6532642577,429.5883333333,0.0,0.12955316999018085
0.9461427418,2014-05-07,0.6650974553,437.53125,0.0,0.13326386022872516
0.9765656132,2014-05-08,0.6767472671,445.4533333333,0.0,0.13692641381793752
0.985903122,2014-05-09,0.6768151274,445.8433333333,0.0,0.13782626586296817
0.9768792731,2014-05-10,0.6846416954,451.3779166667,0.0,0.1374612385055134
0.9874485812,2014-05-11,0.672478371,443.61375,0.0,0.1376972054505814
0.9741701901,2014-05-12,0.6621874501,436.9791666667,0.0,0.13576577524136155
0.9434036192,2014-05-13,0.6619184213,436.9320833333,0.0,0.13279790809636527
0.9268666576,2014-05-14,0.6695624504,441.4720833333,0.0,0.13170066514168885
0.9811966307,2014-05-15,0.6776921706,447.0770833333,0.0,0.13743096525225976
0.9303470258,2014-05-16,0.6819996673,450.0745833333,0.0,0.13282964342053505
0.9759441543,2014-05-17,0.6865256122,453.4420833333,0.0,0.1374920072804469
0.9995698577,2014-05-18,0.6820550104,450.8579166667,0.0,0.13947199389257361
0.9681853887,2014-05-19,0.6745505811,446.05625,0.0,0.13598226012903453
0.9734282807,2014-05-20,0.6955313113,460.475,0.0,0.13782651661923928
0.9938282075,2014-05-21,0.7371794399,488.6616666667,0.0,0.1424458115591048
1.0413271372,2014-05-22,0.7566408387,502.4641666667,0.0,0.14824549017143923
1.0128541081,2014-05-23,0.7899236817,525.40625,0.0,0.1476427786876446
1.0176855443,2014-05-24,0.7783427309,517.8183333333,0.0,0.1473656903387132
1.0895259406,2014-05-25,0.8352385424,556.9333333333,0.0,0.15789326625642505
1.0186946224,2014-05-26,0.8661364924,578.3333333333,0.0,0.15307570327945003
1.542103909,2014-05-27,0.8501754271,572.4395833333,0.0,0.20225274639346585
1.0550622475,2014-05-28,0.852572991,572.6929166667,0.0,0.1556963338470408
1.023293566,2014-05-29,0.8400218113,564.6491666667,0.0,0.15184707998450755
1.0650819267,2014-05-30,0.8731961742,590.1183333333,0.0,0.1579758475095128
1.0940399417,2014-05-31,0.9133918838,618.445,0.0,0.1633230426660484
1.0714102514,2014-06-01,0.9631318908,653.7354166667,0.0,0.1643329519066836
1.0941026196,2014-06-02,0.9380786415,638.99375,0.0,0.1649074419116754
1.0701914647,2014-06-03,0.9687188631,661.6329166667,0.0,0.16457327642088926
1.0829883363,2014-06-04,0.9326374819,638.0129166667,0.0,0.1634936377463055
1.0638950981,2014-06-05,0.9502921112,651.46125,0.0,0.16279127927396952
1.0411489897,2014-06-06,0.9534577578,655.1941666667,0.0,0.1608122157341698
1.0637455745,2014-06-07,0.9481097862,652.2766666667,0.0,0.16263740871215215
1.0927232673,2014-06-08,0.945150099,651.28625,0.0,0.1652272803734285
1.1241098423,2014-06-09,0.9360047945,646.4025,0.0,0.1676526882216425
1.0733866608,2014-06-10,0.9429636178,652.3841666667,0.0,0.16323300791065612
1.065448519,2014-06-11,0.9386436659,649.7904166667,0.0,0.16219549767065014
1.3323127425,2014-06-12,0.8977042588,629.5370833333,0.0,0.18517156908935736
1.0436981024,2014-06-13,0.870963916,608.4804166667,0.0,0.15578230990507846
0.9993259821,2014-06-14,0.8466997824,591.7475,0.0,0.14997543709823496
1.0059274681,2014-06-15,0.8209554527,574.2716666667,0.0,0.1489625465468286
1.0004387732,2014-06-16,0.8538116337,598.0991666667,0.0,0.15053686708403827
0.9985142932,2014-06-17,0.8556018003,600.0054166667,0.0,0.15046675715360633
1.0086201805,2014-06-18,0.8667695337,608.5258333333,0.0,0.15214998899173665
1.0102057723,2014-06-19,0.862923769,606.3241666667,0.0,0.15205616984951578
1.0275587926,2014-06-20,0.84450107,593.9366666667,0.0,0.1525425250272635
1.0098401488,2014-06-21,0.8427771784,593.4229166667,0.0,0.15073299961208786
1.0178272863,2014-06-22,0.8561850568,603.65875,0.0,0.15235626018797638
1.0430300375,2014-06-23,0.8403258446,593.17375,0.0,0.15375934410157374
0.9932191487,2014-06-24,0.8379965619,591.5145833333,0.0,0.14883330696481992
1.0079390356,2014-06-25,0.8156908961,576.00875,0.0,0.14881886780691975
1.0485614982,2014-06-26,0.8123130028,574.4420833333,0.0,0.15249879180881482
1.0108246653,2014-06-27,0.8311446675,588.5466666667,0.0,0.1500836760543282
1.0078413126,2014-06-28,0.8482365209,601.43,0.0,0.15089035330091766
1.2145975299,2014-06-29,0.8414116678,597.9829166667,0.0,0.1702829392350426
1.061394592,2014-06-30,0.8682679769,617.4775,0.0,0.15730712153702286
1.0175686039,2014-07-01,0.9044172714,644.2958333333,0.0,0.1554152565875878
1.0511707513,2014-07-02,0.8978315817,640.66125,0.0,0.15821680193700044
1.0846579855,2014-07-03,0.8939594989,638.85625,0.0,0.16118082542591095
1.0435953541,2014-07-04,0.884577589,632.6579166667,0.0,0.1566428682260006
1.040792054,2014-07-05,0.8714315177,623.9583333333,0.0,0.15553350236494695
1.0251979952,2014-07-06,0.880151242,630.8991666667,0.0,0.15459546478066657
1.0387914379,2014-07-07,0.8628062291,619.0345833333,0.0,0.15479016148698402
1.0082329411,2014-07-08,0.8564204588,614.9529166667,0.0,0.15145116583149154
1.0946025655,2014-07-09,0.8603137299,619.0075,0.0,0.1599833627159722
1.0424632635,2014-07-10,0.8598195033,619.1233333333,0.0,0.15495134654008222
1.0134648991,2014-07-11,0.8672632536,625.2029166667,0.0,0.1526461882592363
1.0199789622,2014-07-12,0.8758326234,632.13625,0.0,0.15381881577256912
1.0302323517,2014-07-13,0.8722602632,630.2791666667,0.0,0.1545737618715962
1.0225906893,2014-07-14,0.8605925721,622.40625,0.0,0.15309489578062924
1.0258665253,2014-07-15,0.8572748318,620.64375,0.0,0.15319693952010913
1.0135701941,2014-07-16,0.8527842519,617.9066666667,0.0,0.151730547977401
1.031346667,2014-07-17,0.8571948771,621.93625,0.0,0.15371740018491706
1.0174951782,2014-07-18,0.860119473,624.6741666667,0.0,0.15257596269620982
0.9740983103,2014-07-19,0.8637686879,627.6483333333,0.0,0.14864730689031985
1.0101354617,2014-07-20,0.855376979,621.9441666667,0.0,0.15156691038545658
1.0685557896,2014-07-21,0.8541494326,622.0220833333,0.0,0.1570912236515618
1.0185584729,2014-07-22,0.8561773494,623.89125,0.0,0.15242589181486324
1.0719232932,2014-07-23,0.852939172,622.3829166667,0.0,0.15733680391989838
1.0346271561,2014-07-24,0.8375322402,611.25,0.0,0.1527748525522239
1.0205821891,2014-07-25,0.8254103304,602.76375,0.0,0.1506528366597803
1.0022022667,2014-07-26,0.8166609819,596.68375,0.0,0.14833070730805709
1.0089128508,2014-07-27,0.8161296037,596.755,0.0,0.14894031098807653
1.000022267,2014-07-28,0.80141932,586.1895833333,0.0,0.1471471340352563
0.9663928524,2014-07-29,0.8008473185,585.7166666667,0.0,0.14388533496329098
0.9817181705,2014-07-30,0.7901943917,578.0008333333,0.0,0.14467399652953372
1.0187899731,2014-07-31,0.79193676,579.7216666667,0.0,0.14834076695057094
1.0356959319,2014-08-01,0.8127380371,595.7945833333,0.0,0.1512920956167404
1.0165665555,2014-08-02,0.8079536511,592.6004166667,0.0,0.14915159626437455
0.9918264565,2014-08-03,0.7992225215,586.5258333333,0.0,0.14622065936836795
1.0540266776,2014-08-04,0.8034006729,590.3145833333,0.0,0.15245310519840682
1.2489708725,2014-08-05,0.79864698,589.44875,0.0,0.17084528275702437
1.0159034278,2014-08-06,0.8000230723,589.45875,0.0,0.14858094454479154
1.0157674317,2014-08-07,0.8013644211,590.8695833333,0.0,0.14865366316970108
1.0121361841,2014-08-08,0.8096095076,597.51375,0.0,0.14883257161683605
1.0365053498,2014-08-09,0.7981107332,589.5958333333,0.0,0.15043450226118968
1.0133047374,2014-08-10,0.7994418701,591.2216666667,0.0,0.14829455716908685
1.0103994909,2014-08-11,0.7931099904,587.0254166667,0.0,0.14761109059985802
1.0157698355,2014-08-12,0.767445482,568.3533333333,0.0,0.14648523100283217
0.9975943989,2014-08-13,0.741394455,548.9408333333,0.0,0.14307650181185622
0.9474870717,2014-08-14,0.7005622287,517.99375,0.0,0.13566028625732326
0.9784862857,2014-08-15,0.681951773,504.1029166667,0.0,0.13744337438695114
0.9804037418,2014-08-16,0.675085811,499.1479166667,0.0,0.13718828143160366
1.002319178,2014-08-17,0.6756795445,499.8708333333,0.0,0.13932804149748917
0.9243415568,2014-08-18,0.6367046267,469.9270833333,0.0,0.12935767692434913
0.9474909136,2014-08-19,0.6408330419,473.0425,0.0,0.13184177172051115
0.9552514587,2014-08-20,0.6664880851,492.325,0.0,0.13422634342453593
0.9253937502,2014-08-21,0.7065520589,522.0133333333,0.0,0.13392439699607833
1.0151944707,2014-08-22,0.6945907359,513.0808333333,0.0,0.14177196363267225
0.9747013977,2014-08-23,0.6813028719,503.0604166667,0.0,0.13703889635374533
0.9874597554,2014-08-24,0.6844298396,505.39,0.0,0.1384624137529607
0.9852622453,2014-08-25,0.6827030303,504.1441666667,0.0,0.13814125529387983
0.9987995472,2014-08-26,0.6891768824,509.1383333333,0.0,0.13985346580914065
0.9819369108,2014-08-27,0.7008153266,518.0491666667,0.0,0.1389803784755403
0.9035568091,2014-08-28,0.6985125305,514.4704166667,0.0,0.1313161059553684
0.9582139429,2014-08-29,0.6939789417,510.8195833333,0.0,0.13626813307699745
0.9956323713,2014-08-30,0.6885122442,506.5966666667,0.0,0.13950722324495143
1.0120649992,2014-08-31,0.6689444996,492.42,0.0,0.13983209788006576
1.0320869138,2014-09-01,0.6526328635,480.6783333333,0.0,0.1407093874743327
0.9346805164,2014-09-02,0.6516636441,479.6091666667,0.0,0.13130566347629055
0.9762057114,2014-09-03,0.6531354009,480.8370833333,0.0,0.13538223427146914
0.9950173172,2014-09-04,0.6576628555,484.4308333333,0.0,0.13747583052311163
1.0052338839,2014-09-05,0.6622911799,488.0254166667,0.0,0.13875156928110147
1.0451527096,2014-09-06,0.6558608982,483.2245833333,0.0,0.14216885159173218
0.9063049183,2014-09-07,0.6587587921,485.1320833333,0.0,0.12903794310768046
0.9790516993,2014-09-08,0.6472218561,476.6275,0.0,0.1352770864564923
0.9257900281,2014-09-09,0.6419013545,472.3116666667,0.0,0.12982885375681813
0.945526575,2014-09-10,0.6550868168,481.5541666667,0.0,0.13256472028165298
0.9784290882,2014-09-11,0.652040787,479.4141666667,0.0,0.13552548118017338
0.9388989128,2014-09-12,0.6479106482,476.2491666667,0.0,0.13147027464410702
0.976369829,2014-09-13,0.6495766987,477.7004166667,0.0,0.13517044253073682
0.9933638791,2014-09-14,0.6486722973,477.3683333333,0.0,0.13674243162507996
0.9584274438,2014-09-15,0.6482062218,477.0116666667,0.0,0.1333620553538335
0.9768353884,2014-09-16,0.6420474288,472.5254166667,0.0,0.13473369582677028
0.9929798929,2014-09-17,0.6300604976,463.86875,0.0,0.13551562967377223
0.9335001383,2014-09-18,0.5990471599,440.3204166667,0.0,0.12782833862686147
0.9321633281,2014-09-19,0.5540386537,406.2258333333,0.0,0.12482243964947393
0.8380196062,2014-09-20,0.5642167547,412.63875,0.0,0.11644434448650426
0.9488374789,2014-09-21,0.5520242157,403.3529166667,0.0,0.12629277681760426
0.9247421426,2014-09-22,0.5614470569,410.1929166667,0.0,0.1245843795917262
0.927315281,2014-09-23,0.5610825847,409.78875,0.0,0.12480785316878792
0.9251397255,2014-09-24,0.5872386506,428.9116666667,0.0,0.12627153737558364
0.979324803,2014-09-25,0.5672938707,414.3429166667,0.0,0.1301929523196174
0.883232923,2014-09-26,0.5577245966,406.82375,0.0,0.12036543851660142
0.9350127519,2014-09-27,0.5516041814,402.2245833333,0.0,0.12494006152998804
0.993767395,2014-09-28,0.5372564418,391.7808333333,0.029586264265126293,0.0953072092918099
0.8562605473,2014-09-29,0.5235194785,380.6591666667,0.03046455942276192,0.08211962235875206
0.9112346059,2014-09-30,0.5252799724,381.4191666667,0.03035199937337917,0.08739190653206248
0.8907093913,2014-10-01,0.5324731769,386.3570833333,0.029892090109427595,0.08542343691484233
0.9388856371,2014-10-02,0.5235715757,379.66375,0.03046122850329398,0.09004377721223583
0.8526885293,2014-10-03,0.5151107844,372.36,0.03100218299711254,0.08177704816198028
0.9219700113,2014-10-04,0.4847895925,349.6841666667,0.032940817864071145,0.08842148501736811
1.016229001,2014-10-05,0.4448689687,320.16125,0.0354932080690689,0.09746138842350918
0.7095329486,2014-10-06,0.4604582273,327.9529166667,0.06235371054318338,0.0
0.9188675081,2014-10-07,0.4669036264,331.8775,0.0340843862839755,0.08812393961257958
0.958166948,2014-10-08,0.4753342462,337.8066666667,0.03354536085422807,0.09189295031110448
0.8682884731,2014-10-09,0.5108350813,362.5558333333,0.031275557049747424,0.08327315994444329
0.9280895399,2014-10-10,0.5146226099,364.8183333333,0.03103339523012704,0.08900837808307129
0.9803808707,2014-10-11,0.507089031,359.5308333333,0.03151506688659393,0.09402337538905844
0.7184891904,2014-10-12,0.5094957932,360.1145833333,0.05835946587794948,0.0
1.0102234738,2014-10-13,0.5306486108,375.5945833333,0.03000874671943805,0.09688542865602451
0.9730851132,2014-10-14,0.5618673973,397.9845833333,0.0,0.12924758477139142
0.8937131351,2014-10-15,0.5551148556,392.3008333333,0.0,0.1212036846539157
1.0148825733,2014-10-16,0.5460507772,385.87625,0.0,0.1322449065569825
0.9134645271,2014-10-17,0.5376649725,379.5229166667,0.02956014418838739,0.087605767006437
0.9996858897,2014-10-18,0.5433970894,383.7966666667,0.0,0.1306178015641623
0.9887117572,2014-10-19,0.5505916366,389.0891666667,0.0,0.13002532308066359
0.9878710343,2014-10-20,0.5402003948,381.80125,0.0,0.12928031259987297
0.9658874631,2014-10-21,0.541391345,382.7608333333,0.0,0.1272481247141339
0.9712116194,2014-10-22,0.5380082365,380.3516666667,0.02953819704458228,0.0931439988296189
0.9605716693,2014-10-23,0.5174848808,365.5241666667,0.030850391270925127,0.09212357497979526
0.9044141926,2014-10-24,0.5054006579,356.4308333333,0.03162301577497833,0.08673779515639217
0.9292556723,2014-10-25,0.4952494243,349.0620833333,0.032272051454858765,0.08912021594902256
0.9417699175,2014-10-26,0.4968763536,350.26625,0.03216803107606038,0.09032039397096847
0.9161079152,2014-10-27,0.4986582931,351.36625,0.03205409986725751,0.087859281001919
0.9521482811,2014-10-28,0.4991105532,351.67625,0.03202518387999403,0.09131573038138843
0.92510715,2014-10-29,0.4889266673,344.1475,0.032676307237940516,0.08872235213794649
0.9192802086,2014-10-30,0.4805776428,338.1183333333,0.03321011573907638,0.08816351963213571
0.9207587805,2014-10-31,0.4847412092,340.7608333333,0.03294391132928411,0.08830532199175758
0.9576538782,2014-11-01,0.4681055821,328.91375,0.03400753728555075,0.09184374437915709
0.9173814614,2014-11-02,0.461139003,323.93,0.03445295688486026,0.0879814203826603
0.8964919296,2014-11-03,0.46407939,325.85375,0.03426495844537439,0.08597801094370348
0.8902848037,2014-11-04,0.4620998443,324.13,0.03439152392892842,0.08538271686359139
0.9275692264,2014-11-05,0.4773477046,334.7466666667,0.0334166271068779,0.08895847744445971
1.0831231713,2014-11-06,0.4863068254,341.5554166667,0.03284381110355403,0.10387687027697057
0.9365343465,2014-11-07,0.4917883043,344.6645833333,0.032493343808169185,0.08981827681199372
1.006782882,2014-11-08,0.4890571358,342.77375,0.03266796552156031,0.09655545888199074
0.8800143906,2014-11-09,0.4997908521,350.0970833333,0.0319816878600538,0.08439773344014646
0.9616849957,2014-11-10,0.5210913949,365.1008333333,0.030619802908650427,0.09223034848911822
0.9699829455,2014-11-11,0.5228490464,366.35625,0.030507424592748474,0.09302616292442834
0.9612456581,2014-11-12,0.5665386496,397.58,0.0,0.12841078659417876
1.0475010675,2014-11-13,0.6218509384,438.1816666667,0.0,0.14021958847141983
1.0471066033,2014-11-14,0.5623367574,395.9345833333,0.0,0.13637662115578092
1.003987085,2014-11-15,0.5479707553,385.80375,0.0,0.13132273226152144
0.9928072795,2014-11-16,0.541915338,381.6933333333,0.0,0.12986337062495146
0.9300734972,2014-11-17,0.5631391643,396.6475,0.0,0.12520387051872367
1.0045390595,2014-11-18,0.5431543569,382.4729166667,0.0,0.13106772505798386
0.9453704491,2014-11-19,0.5402806387,380.26,0.0,0.12520942675584068
0.9341799671,2014-11-20,0.5221551707,367.0166666667,0.030551788667544467,0.08959248018055148
0.9487386946,2014-11-21,0.5006578798,351.5775,0.03192625302967569,0.09098873416900613
0.951410925,2014-11-22,0.5073020817,356.3370833333,0.031501445142540725,0.09124501428373935
0.9621205883,2014-11-23,0.5104782844,358.73125,0.0312983694415902,0.09227212397431027
0.9651652298,2014-11-24,0.5319835676,374.1245833333,0.029923394078720675,0.09256412015583022
0.9644293376,2014-11-25,0.542974169,381.8775,0.0,0.12720948369991333
0.9863072844,2014-11-26,0.5273099774,370.79125,0.0302222076921656,0.0945917477805231
0.9737185427,2014-11-27,0.5262959157,370.0766666667,0.03028704338118966,0.09338442517569721
0.7860367544,2014-11-28,0.5307050342,369.1404166667,0.050525272914476164,0.0
0.9590384919,2014-11-29,0.5458523217,378.0029166667,0.0,0.1268764943170662
1.0090795113,2014-11-30,0.5427277364,376.0466666667,0.0,0.13147590016935137
0.9799145577,2014-12-01,0.5455819146,378.0566666667,0.0,0.12886132338095502
0.9550889164,2014-12-02,0.5496956038,380.5220833333,0.0,0.12674343699888208
0.9953319102,2014-12-03,0.5480020372,379.2875,0.0,0.1304946582408459
0.8499965403,2014-12-04,0.5442352067,375.39125,0.0,0.11631543884871769
0.9888350273,2014-12-05,0.5427998273,373.9408333333,0.0,0.12953896325472275
0.9783742988,2014-12-06,0.5452075671,375.7041666667,0.0,0.12868967041478702
0.9796953301,2014-12-07,0.5446016278,375.3941666667,0.0,0.12877762213391272
0.7608048201,2014-12-08,0.5424133482,370.4454166667,0.022940001037487674,0.03468008225376775
1.0365963005,2014-12-09,0.5205427184,354.02875,0.030654883435731584,0.09941471320144224
0.9303127726,2014-12-10,0.5154147519,349.7520833333,0.030982748339139148,0.08922159709720819
0.94823665,2014-12-11,0.5190331381,352.1391666667,0.030751400914784045,0.09094058560827978
0.9758706179,2014-12-12,0.5188086186,351.8970833333,0.03076575593527425,0.09359081983357195
0.9611086455,2014-12-13,0.5129865518,347.9304166667,0.0311379992736452,0.09217507365376625
0.9744885418,2014-12-14,0.5135597842,348.4575,0.031101348725039606,0.09345827189852937
0.9241429622,2014-12-15,0.5119267033,347.20875,0.031205762416419074,0.08862988175814378
0.9777394116,2014-12-16,0.4955848368,336.0,0.032250606309514276,0.0937700463942191
0.9496832897,2014-12-17,0.4782550175,323.9908333333,0.0333586165765207,0.09107932551195487
0.9358152353,2014-12-18,0.4622465206,312.7725,0.03438214594041549,0.08974931049051113
0.9028592266,2014-12-19,0.4629821266,312.92875,0.03433511377081453,0.08658866622466298
0.8971462778,2014-12-20,0.4816983805,325.5170833333,0.0331384595459722,0.08604076617310716
0.9116620292,2014-12-21,0.4821771844,325.15625,0.033107846437554926,0.08743289854097146
0.9463489239,2014-12-22,0.4880460269,328.97,0.03273261241849948,0.09075954333681513
0.9784289981,2014-12-23,0.494540021,333.4566666667,0.03231740831209087,0.09383618115091466
0.7527757804,2014-12-24,0.4930242934,329.9620833333,0.056124344492721565,0.0
0.9736687725,2014-12-25,0.4769246202,319.2320833333,0.033443677698167695,0.09337965196730683
0.9464894663,2014-12-26,0.4834356315,323.69625,0.033027385569316996,0.09077302204823046
0.9660892855,2014-12-27,0.4766370371,319.20625,0.03346206479279929,0.0926527416687117
0.9641451453,2014-12-28,0.471444443,315.8583333333,0.03379406176723958,0.09246628900597967
0.8960329163,2014-12-29,0.4698623761,314.5470833333,0.03389521379531012,0.08593398929752055
0.849459344,2014-12-30,0.4695681532,312.7533333333,0.03391402541638619,0.08146735331711254
0.8668005451,2014-12-31,0.4724377815,313.46125,0.03373055104981318,0.08313046028854731
0.9669989401,2015-01-01,0.4764251615,316.1066666667,0.033475611404917054,0.09273998204486175
0.9633834889,2015-01-02,0.4746377267,315.0291666667,0.033589893964689886,0.09239324238934839
0.9152436812,2015-01-03,0.4591937747,304.3325,0.03457732822946346,0.0877763966860021
0.941695316,2015-01-04,0.4161485766,275.2745833333,0.03732949318943656,0.09031323931806905
0.8531986659,2015-01-05,0.4106419211,271.0166666667,0.03768157019181289,0.0818259727855373
0.9365215885,2015-01-06,0.4171594884,275.1829166667,0.037264858894407414,0.08981705325668062
0.8970887435,2015-01-07,0.4340479562,285.6575,0.03618506715552833,0.08603524834911822
0.9201013108,2015-01-08,0.4365255487,286.505,0.03602665823735466,0.08824226739506202
0.9009280981,2015-01-09,0.4318898914,282.735,0.03632304654895831,0.0864034614483291
0.9349986859,2015-01-10,0.4261464531,278.6704166667,0.03669026264591541,0.08967099936362727
0.9685486877,2015-01-11,0.4149952114,271.2683333333,0.037403235474978334,0.09288861050621582
0.9025830788,2015-01-12,0.4115230648,268.69125,0.037625232831947394,0.08656218228455537
0.9188678877,2015-01-13,0.3663875972,238.1725,0.040511042582250786,0.08812397601809745
0.8226839878,2015-01-14,0.3027603281,195.2766666667,0.061584638569355865,0.0
0.8526318353,2015-01-15,0.3190624259,205.4129166667,0.043536854610668065,0.08177161092691825
0.8527717475,2015-01-16,0.3291856251,211.5041666667,0.042889611355884025,0.08178502919903602
0.8973810361,2015-01-17,0.311937325,200.2433333333,0.04399240955985653,0.08606328065541324
0.8870179739,2015-01-18,0.3199802576,205.38625,0.0434781715436736,0.08506941172494845
0.8860094144,2015-01-19,0.3300429462,211.7745833333,0.042834797132811235,0.08497268587961142
0.9090475722,2015-01-20,0.3280145404,210.3529166667,0.04296448656656404,0.08718215918109999
0.7445990714,2015-01-21,0.3376237697,215.0579166667,0.06684431732251682,0.0
0.9224593002,2015-01-22,0.3648057855,232.3375,0.04061217829369303,0.08846841024336273
0.9732415896,2015-01-23,0.3613100597,230.1166666667,0.04083568322527873,0.09333868301394709
0.9576021738,2015-01-24,0.3728478414,237.5275,0.04009799633075475,0.09183878567141833
0.9433367854,2015-01-25,0.3897573715,248.3658333333,0.039016857939366316,0.09047066435378569
0.7846843615,2015-01-26,0.4431530576,281.4870833333,0.05625275253088777,0.0
1.0106873074,2015-01-27,0.4117809462,261.3141666667,0.03760874476395756,0.0969299125928232
1.0768526553,2015-01-28,0.3989488408,253.4825,0.03842918635566583,0.1032754967726812
0.9537529288,2015-01-29,0.3684083504,233.8316666667,0.04038184242996264,0.09146962403392019
0.90246249,2015-01-30,0.3688243542,233.9004166667,0.0403552445483844,0.08655061722208937
0.8738318711,2015-01-31,0.3616824854,229.1125,0.040811871580612766,0.08380479923552085
0.9569686185,2015-02-01,0.3456441452,218.915,0.0418373090245763,0.09177802458398596
0.8699585383,2015-02-02,0.359379818,227.5133333333,0.04095909637716335,0.08343332745884173
0.9593863306,2015-02-03,0.374381319,237.0133333333,0.039999950938843225,0.09200989513466148
0.9299446798,2015-02-04,0.3567249228,225.655,0.041128841432694664,0.08918629517675385
0.8898765877,2015-02-05,0.3531192689,223.0991666667,0.04135937479667912,0.08534356692976984
0.9612568404,2015-02-06,0.3489069622,220.4425,0.041628695497061725,0.09218928627778808
0.9103441555,2015-02-07,0.3582535783,226.3833333333,0.041031104349612914,0.08730650793369452
0.9446714478,2015-02-08,0.3561983079,225.1058333333,0.04116251141539083,0.09059866508044538
0.9137364035,2015-02-09,0.3498464435,220.9575,0.04156862822757436,0.08763184129815424
0.9435056007,2015-02-10,0.3458041479,218.3329166667,0.04182707899094007,0.09048685457617546
0.886851985,2015-02-11,0.349752263,220.6966666667,0.041574649811478105,0.08505349256830069
0.9450675091,2015-02-12,0.3484725591,219.8366666667,0.04165646976790017,0.09063664931840831
0.9344232091,2015-02-13,0.3676204882,231.9795833333,0.04043221568495591,0.08961580829165595
0.9222498963,2015-02-14,0.3905650172,246.4908333333,0.038965219794027804,0.08844832737344344
1.0078168768,2015-02-15,0.3957600335,249.8308333333,0.038633067952279186,0.09665462409842475
0.9924319108,2015-02-16,0.3710527108,234.1870833333,0.040212770934054703,0.0951791297504648
0.9540904615,2015-02-17,0.3781329597,238.70625,0.03976008367065312,0.09150199508960544
0.9732595628,2015-02-18,0.3800521828,239.9875,0.03963737501093409,0.09334040673273951
0.8128002756,2015-02-19,0.3781634359,238.3675,0.057711514761539386,0.0
1.1550317866,2015-02-20,0.385906691,243.4229166667,0.039263057478732634,0.1107732622121088
0.97832078,2015-02-21,0.3889575635,244.7779166667,0.039067994968569726,0.09382580249977582
0.9455310511,2015-02-22,0.3836150966,241.44,0.03940957430496488,0.09068110528932447
0.9383289411,2015-02-23,0.3753500175,236.1370833333,0.03993801562001196,0.08999038731189209
0.9239038351,2015-02-24,0.3786358507,238.0991666667,0.03972793051420415,0.08860694828630548
0.8899925489,2015-02-25,0.3782015013,237.53125,0.0397557013516455,0.08535468818250337
0.9641837038,2015-02-26,0.3762694159,236.2733333333,0.03987923238349724,0.0924699869568764
0.9542736006,2015-02-27,0.3976779051,249.8566666667,0.038510445702917354,0.09151955903527426
0.9426699672,2015-02-28,0.4021990117,252.6625,0.038221381377184276,0.09040671318969362
1.0354972482,2015-03-01,0.400412905,251.5366666667,0.03833557902271709,0.09930930864892243
0.9554324634,2015-03-02,0.41784847,262.205,0.03722080773187864,0.09163069971062322
0.8802939779,2015-03-03,0.43883772,274.8908333333,0.035878825793453896,0.08442454724531909
1.0260050424,2015-03-04,0.4447176404,278.6179166667,0.03550288349079062,0.09839895915529517
0.9529164712,2015-03-05,0.4317906512,270.18625,0.03632939163303542,0.09138940361217157
1.0096091943,2015-03-06,0.4361852249,272.7883333333,0.03604841739467644,0.09682651621316844
0.9045084194,2015-03-07,0.4372620457,273.07625,0.035979569100215214,0.08674683197264685
0.9049975209,2015-03-08,0.4417719191,275.2470833333,0.03569122298744881,0.0867937392260544
0.9022182457,2015-03-09,0.45329026,281.9808333333,0.034954779072186526,0.08652719298545658
1.0761850357,2015-03-10,0.4711472051,293.33375,0.033813066157259,0.10321146875036467
1.0368544515,2015-03-11,0.4719826399,293.59125,0.03375965127047975,0.09943947115940069
1.0777573705,2015-03-12,0.4723924098,294.2783333333,0.033733451963467345,0.10336226343593634
0.9202993866,2015-03-13,0.4682076491,291.1408333333,0.034001011465404275,0.08826126384415185
1.0080308959,2015-03-14,0.4547569224,282.85375,0.034861005619082355,0.09667514958885517
0.9836687847,2015-03-15,0.4562472127,283.8795833333,0.03476572147764759,0.09433870260678373
0.9363700749,2015-03-16,0.4676223173,290.9195833333,0.034038435608886565,0.08980252235291138
1.0207809203,2015-03-17,0.4647588993,289.2233333333,0.03422151290979824,0.0978979400024675
0.9851825865,2015-03-18,0.4398803897,273.4654166667,0.03581216100528173,0.09448388368809595
0.9734810598,2015-03-19,0.4138177858,257.02375,0.03747851610144373,0.09336164939077268
0.9320914972,2015-03-20,0.4206164276,261.18625,0.03704383384736512,0.08939218558559857
0.9718454527,2015-03-21,0.4173829331,259.1895833333,0.03725057259300852,0.09320478657862652
0.9443480994,2015-03-22,0.4214221861,261.7191666667,0.03699231636323719,0.09056765436929906
0.959287626,2015-03-23,0.4303990525,267.3329166667,0.036418365766029,0.0920004288752354
0.9754110572,2015-03-24,0.4127760099,256.2683333333,0.03754512374305485,0.09354674568902108
0.9543697217,2015-03-25,0.3945920879,244.8416666667,0.0387077424594799,0.09152877752426991
0.9283002672,2015-03-26,0.4015826785,249.0975,0.03826078764574802,0.08902858787359737
0.9505329024,2015-03-27,0.3992590076,247.5720833333,0.03840935533533404,0.09116080757287102
0.9560881975,2015-03-28,0.4051441879,251.31375,0.038033076732383805,0.09169358785469287
0.9759921475,2015-03-29,0.3950393917,245.095,0.0386791433613421,0.09360247512341205
0.9433124035,2015-03-30,0.3951326043,245.1229166667,0.03867318366170378,0.09046832600895979
0.9629732274,2015-03-31,0.3953341152,245.2470833333,0.0386602997335884,0.09235389628195785
0.8246982218,2015-04-01,0.3934974109,243.5516666667,0.05559004015661635,0.0
0.9832148488,2015-04-02,0.4012429167,248.215,0.03828251087068301,0.09429516790837841
0.9349030682,2015-04-03,0.4103011132,253.615,0.037703360300857865,0.0896618291531819
1.001224917,2015-04-04,0.4085595923,252.62,0.03781470728053505,0.09602242254355105
0.9790424676,2015-04-05,0.4112436701,254.4079166667,0.03764309638786729,0.09389501591076371
0.9805609143,2015-04-06,0.4157118608,257.2566666667,0.037357415326522196,0.09404064246096398
0.985019016,2015-04-07,0.4081983155,252.6291666667,0.03783780610209237,0.0944681964679719
0.9875850229,2015-04-08,0.4016131412,248.5279166667,0.03825883996332985,0.09471428922357346
0.9260337993,2015-04-09,0.3938067021,243.5075,0.038757957381799435,0.08881122238989837
0.8401041345,2015-04-10,0.3860055931,238.1016666667,0.03925673401163056,0.08057014244636826
0.9701040311,2015-04-11,0.3826539524,235.8929166667,0.03947102662730235,0.09303777563247198
0.9197329616,2015-04-12,0.3831912149,236.2079166667,0.0394366758729308,0.08820694088457928
0.9137493139,2015-04-13,0.377287745,232.3175,0.03981412385129278,0.08763307946938126
0.9487093866,2015-04-14,0.3574228851,219.92375,0.04108421607446122,0.09098592338682111
0.7391523637,2015-04-15,0.3601482028,220.8158333333,0.06592654716124197,0.0
0.9283257271,2015-04-16,0.3702531424,226.7645833333,0.04026389264404125,0.08903102960395606
0.945761559,2015-04-17,0.3665717827,224.44375,0.04049926638184726,0.09070321213724407
0.9672410333,2015-04-18,0.363920991,222.8691666667,0.040668749073412044,0.09276319998036317
0.969462,2015-04-19,0.3664445412,224.5083333333,0.04050740177471829,0.09297620167389031
0.9348633661,2015-04-20,0.3657759979,224.085,0.040550146181195644,0.08965802152538783
0.9215161237,2015-04-21,0.3691440648,226.10125,0.04033480332963085,0.08837795495117173
0.9468281512,2015-04-22,0.3841527886,235.3158333333,0.039375196089810195,0.09080550360559557
0.9819393603,2015-04-23,0.384052238,234.63875,0.039381624956448966,0.09417284225145867
0.9663868029,2015-04-24,0.3805617867,231.7233333333,0.03960479265427291,0.09268127505917352
0.9709550439,2015-04-25,0.3750915276,228.4204166667,0.039954542593441944,0.09311939196990435
0.9532360529,2015-04-26,0.3594542785,218.84125,0.04095433562362876,0.09142005307815423
0.91707189,2015-04-27,0.3642544933,221.6754166667,0.040647426059820656,0.08795173095396802
0.9535804671,2015-04-28,0.3710141755,225.7729166667,0.04021523475132267,0.09145308410373187
0.9760502075,2015-04-29,0.3696569412,224.9441666667,0.04030201174034376,0.0936080433646316
0.9697712785,2015-04-30,0.3805259949,231.6554166667,0.03960708106139292,0.09300586301202361
0.9679432924,2015-05-01,0.3864801013,235.3354166667,0.039226395555800334,0.09283055010208938
0.9814304715,2015-05-02,0.3852269371,234.65875,0.03930651865320879,0.09412403729809446
0.9992543883,2015-05-03,0.3928909736,239.4754166667,0.03881650597727096,0.0958334390931266
0.988047847,2015-05-04,0.3936291061,239.9420833333,0.038769312271771036,0.0947586763443282
0.9634366808,2015-05-05,0.3864375149,235.5304166667,0.03922911838675534,0.09239834375569571
0.9861728028,2015-05-06,0.3848072533,234.5775,0.0393333518215902,0.09457885032981019
0.9616139507,2015-05-07,0.3813541503,232.4933333333,0.03955413159492752,0.0922235349221626
0.9645837447,2015-05-08,0.3932191091,239.8283333333,0.03879552609879241,0.09250835285816619
0.9837878192,2015-05-09,0.3972026166,242.325,0.03854083404850098,0.09435011860419071
0.9828219379,2015-05-10,0.3949302342,240.9983333333,0.03868612252417277,0.09425748580936034
0.9122783672,2015-05-11,0.3954736663,241.15,0.038651377306360785,0.08749200840416081
0.960617154,2015-05-12,0.39574917,241.26125,0.03863376252787327,0.0921279371875355
0.9782802189,2015-05-13,0.3968339931,241.9825,0.03856440259330743,0.09382191248963234
0.9761484589,2015-05-14,0.3875816969,236.3254166667,0.03915596324408609,0.09361746615993574
0.9671529369,2015-05-15,0.3891088192,237.29,0.039058324188647436,0.09275475109979525
0.968868797,2015-05-16,0.3881481453,236.7558333333,0.039119746441587215,0.09291931057164848
0.9774920076,2015-05-17,0.3874012509,236.3933333333,0.03916750035345689,0.09374631912672546
0.957812295,2015-05-18,0.3862870884,235.74625,0.039238736150422955,0.09185893733395606
0.9769214683,2015-05-19,0.3819106421,233.0366666667,0.0395185513838918,0.09369160158542969
0.9762060516,2015-05-20,0.3825109083,233.4225,0.03948017238518309,0.09362298958477358
0.9721524597,2015-05-21,0.3852475302,235.1570833333,0.03930520199976685,0.09323423006867285
0.9670322435,2015-05-22,0.3888586044,237.3870833333,0.03907432208005979,0.0927431760056718
0.9528740654,2015-05-23,0.3937583005,240.2558333333,0.03876105201705276,0.09138533668617246
0.9927810183,2015-05-24,0.3932204963,240.0079166667,0.03879543740589748,0.09521261088672994
0.9516162783,2015-05-25,0.3917433134,239.1045833333,0.038889883504331195,0.09126470868108055
0.9790191498,2015-05-26,0.3898353289,237.9445833333,0.03901187360582574,0.09389277961839188
0.9611429903,2015-05-27,0.3893058324,237.5795833333,0.03904572782831864,0.09217836748998805
0.9486097171,2015-05-28,0.389218025,237.4316666667,0.03905134193767748,0.0909763645887117
0.9884096834,2015-05-29,0.3883231412,236.9070833333,0.03910855779325064,0.09479337824507249
0.7541476315,2015-05-30,0.3855746371,234.3508333333,0.06286274624347184,0.0
0.9406420587,2015-05-31,0.3826497209,232.4625,0.03947129717515768,0.09021222673259453
0.938485446,2015-06-01,0.3751606269,227.6958333333,0.03995012461697504,0.09000539690602301
0.947264098,2015-06-02,0.3703657505,224.6145833333,0.040256692861470635,0.09084731306031983
0.9545452324,2015-06-03,0.372980617,226.1520833333,0.04008950710617247,0.09154560986864146
0.9599872516,2015-06-04,0.3719013487,225.4575,0.04015851188553878,0.09206752643128381
0.9785895737,2015-06-05,0.370707364,224.7466666667,0.040234851245075476,0.09385158114531311
0.9762876237,2015-06-06,0.3706363177,224.7854166667,0.0402393937061635,0.09363081275269616
0.8956083461,2015-06-07,0.3704524489,224.61125,0.0402511496578359,0.0858932709150157
0.9745546242,2015-06-08,0.3726591149,226.00125,0.040110062867400986,0.09346460952759528
0.9778906,2015-06-09,0.3783724611,229.5466666667,0.039744770757946496,0.0937845461096996
0.9580692255,2015-06-10,0.377752951,229.13625,0.03978438014679421,0.09188357823992677
0.9530424647,2015-06-11,0.3788521957,229.7470833333,0.03971409814370648,0.09140148701210432
0.9903711933,2015-06-12,0.380072544,230.42125,0.03963607318439696,0.09498149674796144
0.9351726627,2015-06-13,0.3808237108,230.8108333333,0.03958804610966373,0.08968768459940069
0.9579701222,2015-06-14,0.3855951978,233.72625,0.03928297330461217,0.09187407374319832
0.9835257666,2015-06-15,0.3888542552,235.7725,0.03907460015325662,0.09432498646349126
0.9905361757,2015-06-16,0.3985504856,241.7333333333,0.03845465584521298,0.09499731937628007
0.977444176,2015-06-17,0.4141947034,251.2141666667,0.037454417259823646,0.09374173183966522
1.0160858589,2015-06-18,0.4094130949,248.3841666667,0.03776013719948887,0.09744766038800329
0.9976630686,2015-06-19,0.4077000463,247.2991666667,0.03786966375621881,0.0956808236617277
1.011981103,2015-06-20,0.4001505303,242.6045833333,0.038352354377172326,0.09705399399119714
1.0088995499,2015-06-21,0.4022923204,243.8483333333,0.038215415533235694,0.09675845780463757
0.9909009723,2015-06-22,0.4053741846,245.75875,0.03801837151817666,0.0950323051748483
0.9881572718,2015-06-23,0.4039248071,244.91,0.03811103983300254,0.09476917072396653
0.9629518249,2015-06-24,0.3997891614,242.30125,0.03837545908729338,0.0923518436763309
0.9645768857,2015-06-25,0.3991837062,241.9379166667,0.03841416985318189,0.09250769504613511
0.9804657517,2015-06-26,0.399026748,241.86375,0.038424205231744134,0.09403151589685997
0.9950917404,2015-06-27,0.4044513324,245.2391666667,0.03807737557902855,0.09543422056713197
0.9955626364,2015-06-28,0.4108651498,249.2520833333,0.037667297700726354,0.09547938182302795
0.9985214799,2015-06-29,0.416169891,252.6054166667,0.03732813041850247,0.09576314955191002
1.010656577,2015-06-30,0.4314564291,262.0970833333,0.03635076066821402,0.09692696539544164
1.0162758864,2015-07-01,0.4266220435,259.2120833333,0.036659854997862805,0.09746588496530864
0.993406596,2015-07-02,0.4222613701,256.55,0.036938661765239876,0.09527260688285757
0.8841723893,2015-07-03,0.4201200944,254.9175,0.03707556772017337,0.08479650608486175
0.9966920057,2015-07-04,0.4226466304,256.4970833333,0.03691402951948588,0.09558769392582425
0.9619424427,2015-07-05,0.4340398707,263.5091666667,0.03618558411516067,0.09225503892999402
0.9993438951,2015-07-06,0.4465724347,271.21625,0.035384294191502026,0.09584202323803169
1.0456192459,2015-07-07,0.4393330114,266.8145833333,0.03584715852982813,0.10028005830130474
1.0010554646,2015-07-08,0.4410047051,267.6733333333,0.035740276066091765,0.09600617122011958
0.9262072723,2015-07-09,0.4438002142,269.01875,0.0355615406314811,0.08882785930875953
0.9926085675,2015-07-10,0.4612505304,279.83,0.03444582619860708,0.09519607200190555
0.9886323054,2015-07-11,0.4791739072,290.83625,0.033299865864570316,0.09481472879617098
1.045016566,2015-07-12,0.50042558,304.0616666667,0.031941105496338364,0.10022225831747122
1.0287875457,2015-07-13,0.4812561459,292.3391666667,0.033166734536538636,0.09866581498665222
1.0206812702,2015-07-14,0.4772239415,290.0441666667,0.03342454010257062,0.09788838306491407
1.0112109592,2015-07-15,0.4767684203,289.895,0.03345366459358243,0.09698013339091915
1.00944207,2015-07-16,0.4623714596,281.12,0.034374157761638026,0.09681048816604394
1.013452809,2015-07-17,0.4557737241,277.1275,0.034795994743688545,0.09719513787704379
0.9646640175,2015-07-18,0.4553060226,276.76375,0.034825898002050514,0.09251605141679121
0.9954538449,2015-07-19,0.4515655075,274.5991666667,0.03506505393685548,0.09546894817999253
0.9261762301,2015-07-20,0.4540460037,275.98,0.03490645936588552,0.08882488220821552
0.9798586117,2015-07-21,0.4577298774,278.1475,0.034670924891388434,0.09397328816737259
0.9991854636,2015-07-22,0.4531988481,275.4691666667,0.034960623641132865,0.09582682887342998
1.0085622533,2015-07-23,0.4543196137,276.3,0.03488896566419668,0.09672610939211031
0.9959666323,2015-07-24,0.4633374815,281.9875,0.03431239357559408,0.0955181270283829
1.0171531033,2015-07-25,0.4727712239,287.95625,0.033709231866026014,0.09755001440556121
1.0191703403,2015-07-26,0.475801267,289.9304166667,0.033515501117531016,0.09774347741301899
1.0090873389,2015-07-27,0.4762183612,290.3233333333,0.03348883351945001,0.09677646769871917
1.0042291267,2015-07-28,0.4821519338,294.0970833333,0.03310946087585712,0.09631054111543716
0.9976008153,2015-07-29,0.4763970027,290.6008333333,0.03347741178373039,0.09567485326229412
0.9870063067,2015-07-30,0.4711816558,287.4379166667,0.03381086349555523,0.09465878747711702
1.0248509034,2015-07-31,0.4661527126,284.48625,0.034132397182741,0.09828827151573456
0.9987288413,2015-08-01,0.4591951799,280.2845833333,0.03457723838570916,0.09578303653597518
0.9984466166,2015-08-02,0.457611047,279.4554166667,0.03467852250685997,0.0957559697910955
0.9906510548,2015-08-03,0.4617327911,282.1041666667,0.03441499207404275,0.09500833685027052
0.9597789712,2015-08-04,0.463992178,283.4695833333,0.03427053448686295,0.0920475513105724
0.9971976078,2015-08-05,0.4626404711,282.63875,0.0343569580725482,0.09563618366839935
1.0036485983,2015-08-06,0.4565715456,278.9979166667,0.0347449847246032,0.09625486557003587
0.9889058558,2015-08-07,0.4540408527,277.51125,0.03490678870347333,0.09484096363276939
1.0380679903,2015-08-08,0.4445924132,271.7945833333,0.03551089009610522,0.09955585553362876
0.8205864974,2015-08-09,0.4321319141,262.47,0.053514214880651625,0.0
0.9711204831,2015-08-10,0.4355462469,263.8345833333,0.03608927149546854,0.09313525840760276
0.9769030881,2015-08-11,0.4371566098,264.8466666667,0.03598631031647886,0.09368983883332388
0.9847023763,2015-08-12,0.4413338473,267.44,0.03571923182260649,0.09443782915434315
0.990820562,2015-08-13,0.4352282555,263.7254166667,0.03610960279436557,0.09502459342929308
0.9641920261,2015-08-14,0.4367198644,264.4870833333,0.03601423434608878,0.09247078510661635
0.9718687972,2015-08-15,0.4365971179,264.3520833333,0.03602208234380212,0.09320702543166044
0.9630142683,2015-08-16,0.4272463062,258.5266666667,0.0366199417437812,0.09235783230729488
0.9784120509,2015-08-17,0.4257647106,257.565,0.03671466997538784,0.09383455583059783
0.9811914939,2015-08-18,0.4199383225,253.8316666667,0.037087189603123606,0.09410111816404573
0.9764515242,2015-08-19,0.3836206756,231.3966666667,0.03940921760249888,0.0936465316214527
0.9144100678,2015-08-20,0.3866744373,232.9008333333,0.03921397036662084,0.08769644903710358
0.9400969686,2015-08-21,0.3878471522,233.43125,0.03913899092644448,0.09015994989547452
0.9586421212,2015-08-22,0.3818074231,229.6866666667,0.039525150859037524,0.09193852177163953
0.9932149042,2015-08-23,0.3803779975,228.7870833333,0.03961654351658945,0.09525422269094903
0.9242591611,2015-08-24,0.3668155101,219.8070833333,0.040483683272936784,0.08864102580748319
0.7875708489,2015-08-25,0.3596006841,214.0725,0.06131798140829323,0.0
0.8536774936,2015-08-26,0.3796018657,225.0070833333,0.039666166769322976,0.08187189473070094
0.980444033,2015-08-27,0.3805255462,225.3508333333,0.03960710974975938,0.09402943296608879
0.975369031,2015-08-28,0.3844315044,227.6554166667,0.03935737594046929,0.09354271516853983
0.9594158207,2015-08-29,0.387781672,229.6245833333,0.03914317750984905,0.09201272338113735
0.9925533746,2015-08-30,0.3856185982,228.3770833333,0.0392814771618652,0.09519077872975938
0.982507269,2015-08-31,0.3855108749,228.3145833333,0.03928836462677926,0.09422730750520102
0.9751083585,2015-09-01,0.3854120454,228.2116666667,0.039294683452081904,0.09351771538625767
0.9732180618,2015-09-02,0.3851908796,228.0325,0.03930882404829174,0.0933364265815364
0.9559224239,2015-09-03,0.3842337284,227.2904166667,0.039370021071660447,0.09167768934638022
0.9739032988,2015-09-04,0.387027559,228.9266666667,0.0391913929546854,0.09340214419966522
0.9786898549,2015-09-05,0.391380194,231.5745833333,0.03891310013552533,0.09386119860847857
0.9752613065,2015-09-06,0.4042442697,239.3033333333,0.03809061447053356,0.0935323838560828
1.0026076065,2015-09-07,0.4053459575,240.0454166667,0.03802017626386191,0.0961550293066881
0.9966483225,2015-09-08,0.4102405895,243.06625,0.03770722998234943,0.09558350449084592
1.0074604172,2015-09-09,0.4048964832,239.89375,0.03804891413645794,0.09662043785939918
0.9469133628,2015-09-10,0.4021254573,237.8654166667,0.038226084197737265,0.09081367581957257
0.9832359519,2015-09-11,0.4054028343,239.795,0.038016539752871024,0.09429719180006427
0.9924443774,2015-09-12,0.4026934087,238.2583333333,0.03818977129848154,0.09518032535907638
0.9929936569,2015-09-13,0.3931609826,232.64875,0.03879924251139143,0.0952330039803811
0.9758362894,2015-09-14,0.3885249311,229.9195833333,0.039095656026815126,0.0935875275606008
0.9759652416,2015-09-15,0.3891197104,230.27,0.039057627842008676,0.09359989471450007
0.9862330482,2015-09-16,0.3867374501,228.8691666667,0.03920994154046032,0.0945846281617008
0.9803748022,2015-09-17,0.3897759052,230.71125,0.039015672957022865,0.09402279338988791
0.9852925023,2015-09-18,0.3933472079,232.8954166667,0.03878733589304738,0.09449442515706322
0.9828784569,2015-09-19,0.3913015672,231.7233333333,0.0389181272682469,0.09426290626105664
0.9789054583,2015-09-20,0.3908111047,231.4516666667,0.0389494857882738,0.09388187604111642
1.0099410921,2015-09-21,0.3851164883,228.0920833333,0.03931358037741145,0.09685834685406816
0.9785538807,2015-09-22,0.3866110565,228.8233333333,0.039218022721461666,0.09384815801004186
0.9202333299,2015-09-23,0.3899259032,230.6025,0.03900608259020177,0.08825492867984307
0.9873701086,2015-09-24,0.3930964885,232.4833333333,0.03880336604688388,0.09469367787903452
0.9807890496,2015-09-25,0.3977833717,235.3229166667,0.03850370252379914,0.09406252176480646
0.9939641301,2015-09-26,0.3958184966,234.2329166667,0.038629330018610075,0.09532607716113735
0.9941084678,2015-09-27,0.3944151549,233.4795833333,0.038719054959464955,0.09533991986059781
0.9623124422,2015-09-28,0.4004900136,237.0783333333,0.038330648958589154,0.0922905237124107
0.9984288722,2015-09-29,0.4010563056,237.4729166667,0.03829444215577941,0.09575426801535496
0.9974002615,2015-09-30,0.3990286015,236.335,0.03842408672519803,0.09565561916074579
0.9748801551,2015-10-01,0.3994120745,236.5291666667,0.03839956875338515,0.09349582955128831
0.9983349937,2015-10-02,0.4003720844,237.14875,0.03833818895436855,0.09574526460279331
0.9997033813,2015-10-03,0.4017530069,238.06375,0.03824989742163803,0.09587649974296966
0.9883675248,2015-10-04,0.4024052855,238.5179166667,0.0382081929252877,0.09478933502677626
0.9939659401,2015-10-05,0.4023308257,238.5254166667,0.03821295363406666,0.09532625074909132
0.9844932416,2015-10-06,0.4096184406,242.94875,0.03774700808717979,0.09441777210203557
0.9650816476,2015-10-07,0.4137410226,245.205,0.037483424081859215,0.0925561042093738
0.9791217708,2015-10-08,0.4109804339,243.3770833333,0.037659926823730386,0.09390262147995217
0.999851292,2015-10-09,0.4108241455,243.3441666667,0.03766991937753699,0.09589068511080556
0.9823535209,2015-10-10,0.4128019891,244.5654166667,0.03754346272052309,0.09421256230182784
0.9859464439,2015-10-11,0.4147003511,245.78125,0.03742208784926319,0.09455714139151547
0.8871780039,2015-10-12,0.4168890621,246.6041666667,0.0372821490410432,0.08508475939360784
1.0027047137,2015-10-13,0.4181670399,247.4170833333,0.03720043944564042,0.09616434236755193
0.9139206111,2015-10-14,0.4249893613,251.15375,0.03676424319770737,0.08764950771825886
0.996928567,2015-10-15,0.4306746959,254.48625,0.03640074205559408,0.09561038132474967
1.0029460557,2015-10-16,0.4394835492,259.9004166667,0.03583753365001346,0.09618748825925721
1.0044670982,2015-10-17,0.4549449246,269.2616666667,0.034848985391738155,0.09633336375951874
1.0253463632,2015-10-18,0.4494821611,266.1220833333,0.035198256087493655,0.09833578856156627
1.0133127036,2015-10-19,0.4441623634,263.0695833333,0.03553838603160664,0.09718170107609027
1.0153386346,2015-10-20,0.4504179672,266.9741666667,0.03513842379791362,0.09737599788115678
1.00643114,2015-10-21,0.4518255408,267.8941666667,0.03504842828362876,0.09652172508414288
0.999081223,2015-10-22,0.4584943924,271.9604166667,0.03462204437771335,0.0958168316842176
1.0109369997,2015-10-23,0.4656853687,276.4104166667,0.03416227757736363,0.09695385931960693
1.0186513916,2015-10-24,0.4706224105,279.5745833333,0.03384661975610522,0.097693707665479
1.0258134236,2015-10-25,0.4860352156,289.1241666667,0.03286117691919294,0.09838058196444777
1.0284086793,2015-10-26,0.4766919765,283.6933333333,0.03345855215263788,0.09862947982466148
1.0207018482,2015-10-27,0.4896464458,291.8279166667,0.03263028702537139,0.09789035659691228
1.0104430452,2015-10-28,0.5052143626,301.19875,0.03163492686888657,0.09690648663949185
1.0460686574,2015-10-29,0.5183740835,309.07125,0.03079353864574802,0.10032315908736811
1.0646234092,2015-10-30,0.5415891419,323.935,0.0,0.1367300368537528
1.0719312488,2015-10-31,0.5371982733,321.5329166667,0.02958998336306382,0.10280350954341054
1.0827147481,2015-11-01,0.5255687947,314.4475,0.030333533048474075,0.10383770047164399
1.0301097178,2015-11-02,0.5574597169,334.64625,0.0,0.13443471421343298
1.0135734752,2015-11-03,0.631186149,381.4595833333,0.0,0.13756262645016293
1.1052179531,2015-11-04,0.7258072189,443.2020833333,0.0,0.15240153769984904
1.1933231358,2015-11-05,0.6530121213,399.6179166667,0.0,0.15619698725676281
1.052970594,2015-11-06,0.6086815149,372.2008333333,0.0,0.1399021345455119
1.0490197705,2015-11-07,0.6255832846,382.9770833333,0.0,0.14060387324491558
1.0090701636,2015-11-08,0.6260078244,382.8541666667,0.0,0.13679965195941413
1.0451936634,2015-11-09,0.6118750732,374.4329166667,0.0,0.13936047378848304
0.9836847419,2015-11-10,0.5977514978,364.4533333333,0.0,0.13255845010253625
1.0242727718,2015-11-11,0.5189289074,315.21375,0.03075806507461964,0.09823282583531012
0.9540158258,2015-11-12,0.5376975404,326.5420833333,0.029558061906573015,0.09149483715675684
1.0054050588,2015-11-13,0.5472607431,332.5545833333,0.0,0.13141332717533105
1.0064050202,2015-11-14,0.548512298,333.1225,0.0,0.13158924862453145
0.9970128257,2015-11-15,0.5393896674,327.53375,0.02944987300646839,0.09561846215090271
0.9897787949,2015-11-16,0.5293324434,321.4154166667,0.03009289802921537,0.09492468281083993
1.0145450676,2015-11-17,0.5484416976,333.65375,0.0,0.1323654054868032
1.0105747022,2015-11-18,0.5479201872,333.3725,0.0,0.13195128418560753
1.0036973782,2015-11-19,0.543180354,330.52125,0.0,0.13098866582456137
1.0054663589,2015-11-20,0.52534744,319.5816666667,0.03034768572231356,0.09642919780393513
0.9874307525,2015-11-21,0.5328172769,324.29375,0.029870089514598717,0.09469949392904649
1.0215965079,2015-11-22,0.5316987132,323.84125,0.029941606709466453,0.0979761588879734
0.9935249833,2015-11-23,0.529472348,322.5083333333,0.030083953000388585,0.09528396081058288
0.9958312054,2015-11-24,0.5258478754,320.3841666667,0.030315689568656407,0.09550513891872367
0.9922800587,2015-11-25,0.5287387249,322.2654166667,0.030130858390043348,0.09516456638287102
0.9926879168,2015-11-26,0.5598454603,341.8058333333,0.0,0.13099831477012405
0.9901203589,2015-11-27,0.5812126422,355.3325,0.0,0.13211821889691974
1.0219354036,2015-11-28,0.5797774804,354.5920833333,0.0,0.1350776796600269
1.0099340401,2015-11-29,0.5886357302,360.4483333333,0.0,0.13449305618169632
1.0253475831,2015-11-30,0.612388109,375.96375,0.0,0.13748993829105816
1.0346738583,2015-12-01,0.5973283033,366.9925,0.0,0.13742150097486922
1.0289965121,2015-12-02,0.5789240315,355.7345833333,0.0,0.13570030824843374
0.9954989111,2015-12-03,0.5885217795,361.7729166667,0.0,0.1331013702769347
1.0194093726,2015-12-04,0.5848728443,359.695,0.0,0.13516120119398595
1.0082740108,2015-12-05,0.6080278567,374.47,0.0,0.13557371840182633
1.04386116,2015-12-06,0.6373049347,393.35875,0.0,0.14085857979923183
1.0641927804,2015-12-07,0.6346084912,392.3229166667,0.0,0.14263608126110297
1.0345826883,2015-12-08,0.6373268891,394.66375,0.0,0.13997013215350324
1.083988689,2015-12-09,0.6690567555,416.055,0.0,0.14673711279841578
1.0489443697,2015-12-10,0.666984679,415.1904166667,0.0,0.14324370762407562
1.0342667022,2015-12-11,0.6905184768,431.2908333333,0.0,0.14334071845415933
1.0398673263,2015-12-12,0.6886521397,430.4691666667,0.0,0.14375851870428488
1.0432389303,2015-12-13,0.6935821537,434.13,0.0,0.14439708069442087
1.0868667232,2015-12-14,0.7011624088,440.2645833333,0.0,0.14906585783322074
1.0449609846,2015-12-15,0.7237139047,455.4108333333,0.0,0.14648875687467944
1.0352465432,2015-12-16,0.723016915,455.7004166667,0.0,0.14551253071415932
1.0418533325,2015-12-17,0.7195940594,454.3175,0.0,0.14592730863496786
1.0325952927,2015-12-18,0.7260910249,459.2316666667,0.0,0.14545481090686146
1.0714433031,2015-12-19,0.7294375693,462.1879166667,0.0,0.14939449405855776
1.0441457071,2015-12-20,0.7152984988,453.4575,0.0,0.145872515025065
1.0382590577,2015-12-21,0.6891466328,437.08125,0.0,0.14363589401254373
1.0167176766,2015-12-22,0.690906021,438.4795833333,0.0,0.14168245835570467
1.0288167856,2015-12-23,0.6927460256,440.1825,0.0,0.1429604664581079
1.0329085798,2015-12-24,0.712733133,453.6829166667,0.0,0.14463079808026602
1.0770286063,2015-12-25,0.7120091464,453.9454166667,0.0,0.14881583761659395
1.0225621687,2015-12-26,0.6727846839,428.4875,0.0,0.14108435681171871
1.0061634027,2015-12-27,0.6553090102,417.5158333333,0.0,0.1383942983225452
0.9859923712,2015-12-28,0.6658592353,424.4925,0.0,0.137134342469045
1.0030098301,2015-12-29,0.6671182707,425.57375,0.0,0.13884689944412346
1.0023545458,2015-12-30,0.6728683709,429.5683333333,0.0,0.13915169647450007
1.0418718353,2015-12-31,0.6666009519,426.0529166667,0.0,0.14254088236957557
1.0195693778,2016-01-01,0.6760548178,432.44625,0.0,0.14100641470469288
1.0118741306,2016-01-02,0.6771569088,433.4608333333,0.0,0.14033886641617996
1.0406821353,2016-01-03,0.670134183,429.3645833333,0.0,0.14265268714832013
1.0225311645,2016-01-04,0.6732004642,431.73875,0.0,0.14110796694730385
1.0165939347,2016-01-05,0.6731446903,432.0675,0.0,0.14053499124306232
1.0212725715,2016-01-06,0.6695150895,430.0083333333,0.0,0.14075163120903453
1.0896829287,2016-01-07,0.6955173925,447.9595833333,0.0,0.14897502254644895
1.0361848881,2016-01-08,0.7072036967,454.76375,0.0,0.14459147872396205
1.0272111163,2016-01-09,0.69880878,449.53875,0.0,0.14319410692179196
1.1076786455,2016-01-10,0.6886389982,443.6908333333,0.0,0.1502611194511
1.0341111665,2016-01-11,0.6927654911,447.00625,0.0,0.1434694683359184
1.0357234152,2016-01-12,0.6897194426,445.5,0.0,0.14342933688209836
1.0159379616,2016-01-13,0.6649895216,429.34375,0.0,0.13995066616338364
0.9963687436,2016-01-14,0.666987745,430.5925,0.0,0.13820164102213722
1.0238838332,2016-01-15,0.6255981465,403.0195833333,0.0,0.13819416273160065
1.0188142456,2016-01-16,0.5765003334,370.6391666667,0.0,0.1345688154281931
0.9665983939,2016-01-17,0.5967367085,383.7658333333,0.0,0.1308549025948184
0.9715316599,2016-01-18,0.594138358,381.9825,0.0,0.1311618974309117
0.9941550834,2016-01-19,0.5953463141,382.7191666667,0.0,0.13340882830515022
0.9888751178,2016-01-20,0.6090835149,392.00875,0.0,0.13378076382700343
0.9701690058,2016-01-21,0.6427620938,413.9458333333,0.0,0.1341400500298162
0.9202742628,2016-01-22,0.6142281116,393.7283333333,0.0,0.12753053065031236
1.0016374772,2016-01-23,0.6097952963,389.1933333333,0.0,0.13505024613307132
1.0045112201,2016-01-24,0.6199498558,395.9004166667,0.0,0.13597510062014795
1.0202357596,2016-01-25,0.6198637793,395.94625,0.0,0.13747765830516517
1.013254572,2016-01-26,0.6150444217,392.8191666667,0.0,0.13649999438882976
1.001037283,2016-01-27,0.6170660192,394.1195833333,0.0,0.1354575500694754
0.993123542,2016-01-28,0.601601357,383.8004166667,0.0,0.13370982475354953
0.9720609852,2016-01-29,0.5908732079,376.4166666667,0.0,0.13100389964765508
1.0099838436,2016-01-30,0.5938990708,378.5041666667,0.0,0.13483435285104767
0.9996122579,2016-01-31,0.5931950939,378.06625,0.0,0.13379465656327155
0.9518637929,2016-02-01,0.5873533455,373.56625,0.0,0.1288418408472321
0.9851172888,2016-02-02,0.588862626,374.3095833333,0.0,0.13212751391806307
0.9825761787,2016-02-03,0.5858258735,372.2916666667,0.0,0.1316896491638156
0.9898109903,2016-02-04,0.5943341492,378.0133333333,0.0,0.13292749387285457
0.9811214764,2016-02-05,0.6089186796,387.4425,0.0,0.13302661224611567
1.002381244,2016-02-06,0.5943636611,378.0720833333,0.0,0.13413493027849052
1.001615236,2016-02-07,0.5944636698,378.3370833333,0.0,0.13406786054127035
0.9907528284,2016-02-08,0.5926384774,377.1583333333,0.0,0.13290940526318937
0.9826659466,2016-02-09,0.5884181986,374.35,0.0,0.1318640028836198
0.9980365425,2016-02-10,0.5954405891,379.0229166667,0.0,0.13378710706011507
1.0035504563,2016-02-11,0.5964707908,379.7220833333,0.0,0.13438178629680914
1.0016206405,2016-02-12,0.6012896545,382.8654166667,0.0,0.13450480932655062
0.9990251442,2016-02-13,0.61086076,389.2175,0.0,0.13486783263505306
1.0122062982,2016-02-14,0.6263699914,399.615,0.0,0.1371235785197818
1.0121905907,2016-02-15,0.6341801045,404.8708333333,0.0,0.13762142441448066
1.0395930671,2016-02-16,0.6331921068,404.60625,0.0,0.14018628821508147
1.0359308926,2016-02-17,0.6473784488,414.4504166667,0.0,0.14074209448185024
1.011856575,2016-02-18,0.6560434981,420.3725,0.0,0.1389872623919713
1.0472202937,2016-02-19,0.6556679956,420.7616666667,0.0,0.14235480959273203
1.0238700679,2016-02-20,0.6690259372,429.85375,0.0,0.1409694692132103
1.0107308481,2016-02-21,0.6812853831,438.1208333333,0.0,0.140493180707809
1.03281509,2016-02-22,0.6783202641,436.625,0.0,0.14242158903526828
1.0257523754,2016-02-23,0.6634355594,427.0608333333,0.0,0.14079256188992678
1.0297133827,2016-02-24,0.6533559346,420.8233333333,0.0,0.14052798483043938
1.0052411568,2016-02-25,0.6564869574,422.76375,0.0,0.138381164354249
1.0126395678,2016-02-26,0.6575043183,423.64625,0.0,0.13915575519742937
1.0027550619,2016-02-27,0.6693542875,431.5625,0.0,0.13896542929513228
1.0375457147,2016-02-28,0.6645893649,428.85125,0.0,0.14199737190662232
1.0435298505,2016-02-29,0.6751024835,436.45125,0.0,0.14324345352072188
1.0574947212,2016-03-01,0.671602418,434.4429166667,0.0,0.14435897130689584
1.0243039635,2016-03-02,0.6683977463,431.7175,0.0,0.1409709175377507
1.0330931131,2016-03-03,0.6509675733,420.2979166667,0.0,0.14069941391929608
1.0063833577,2016-03-04,0.6490618097,418.9366666667,0.0,0.13801596814015096
1.0428859514,2016-03-05,0.6250161344,402.90375,0.0,0.13997934797634137
1.0002510214,2016-03-06,0.6278958139,404.495,0.0,0.13607456428318637
0.9953651259,2016-03-07,0.6353365299,409.3445833333,0.0,0.13608171704995517
0.9957637576,2016-03-08,0.6404247597,412.445,0.0,0.1364452720746645
0.983663625,2016-03-09,0.6394633285,411.6145833333,0.0,0.13522333882749962
1.007016116,2016-03-10,0.6425075625,413.3866666667,0.0,0.13765759630469288
0.9991117175,2016-03-11,0.6509958635,419.03625,0.0,0.1374422387572934
1.0156852847,2016-03-12,0.6418758633,413.1908333333,0.0,0.13844862375007175
1.0122576239,2016-03-13,0.6407041871,412.49125,0.0,0.13804498109370947
1.0087156518,2016-03-14,0.6424244396,413.6754166667,0.0,0.13781527559721118
1.0057216746,2016-03-15,0.6449147874,415.3391666667,0.0,0.1376873628217815
1.0140146099,2016-03-16,0.6446648577,415.2841666667,0.0,0.1384667166786564
1.0104828241,2016-03-17,0.6483309542,417.8575,0.0,0.13836239880910625
1.0157268477,2016-03-18,0.6401757964,412.5758333333,0.0,0.13834391329681814
1.0027152693,2016-03-19,0.6326639687,407.6595833333,0.0,0.13661575760270067
0.9858867412,2016-03-20,0.6366324557,410.2970833333,0.0,0.1352555501982514
1.017337738,2016-03-21,0.6358947157,409.97125,0.0,0.13822468776730834
1.0140469411,2016-03-22,0.6441310979,415.38,0.0,0.13843569059714392
1.0054817197,2016-03-23,0.6463689122,417.00625,0.0,0.1377573218010238
1.0133327263,2016-03-24,0.6438486739,415.5916666667,0.0,0.13834913662548648
1.0213900556,2016-03-25,0.6427360228,415.1495833333,0.0,0.139050735201369
1.016957192,2016-03-26,0.6438915661,416.0758333333,0.0,0.13869948319892095
1.0056436157,2016-03-27,0.6488960055,419.58375,0.0,0.13793442226088626
1.0172044676,2016-03-28,0.6535618577,422.9758333333,0.0,0.13934148402077118
1.0190606373,2016-03-29,0.6455616935,417.9175,0.0,0.1390079963286071
1.0158315499,2016-03-30,0.6376972636,412.9266666667,0.0,0.13819548571796592
1.0122521984,2016-03-31,0.6405762798,414.9379166667,0.0,0.13803628279953967
1.0067741348,2016-04-01,0.6411180791,415.3504166667,0.0,0.13754555022270812
1.0071231432,2016-04-02,0.64544693,418.3104166667,0.0,0.1378557939987207
1.0095598168,2016-04-03,0.6456051165,418.5958333333,0.0,0.13809959696297414
1.0070844942,2016-04-04,0.6455803271,418.7891666667,0.0,0.13786061632962487
1.0115240078,2016-04-05,0.6485745438,421.0045833333,0.0,0.13847782777505607
1.028127245,2016-04-06,0.6487559337,421.5279166667,0.0,0.14008175781697207
1.069146075,2016-04-07,0.6459002141,420.1895833333,0.0,0.14383308144066356
1.0017505149,2016-04-08,0.6469115352,420.7208333333,0.0,0.13743417428932747
1.0083836715,2016-04-09,0.6406550491,416.7979166667,0.0,0.13767030817613662
1.0518347793,2016-04-10,0.6437444201,419.4033333333,0.0,0.1420350083389015
1.0080200526,2016-04-11,0.645613989,420.6375,0.0,0.1379524932368286
1.0178862138,2016-04-12,0.6501855227,423.9191666667,0.0,0.1391909953678852
1.0059910385,2016-04-13,0.6508194043,424.4558333333,0.0,0.1380907174659976
1.0086236735,2016-04-14,0.6495244249,423.8591666667,0.0,0.1382604035655612
1.0043964717,2016-04-15,0.6534013363,426.695,0.0,0.13810287065596025
1.0078144919,2016-04-16,0.6573417855,429.52625,0.0,0.1386826147495337
1.0067596106,2016-04-17,0.6539376994,427.4420833333,0.0,0.1383638006165506
1.0075884352,2016-04-18,0.65288933,426.9754166667,0.0,0.13837625978804963
1.0089945376,2016-04-19,0.656022319,429.3616666667,0.0,0.13871142472666567
1.00844757,2016-04-20,0.6667298509,436.8141666667,0.0,0.13934357134718578
1.0181017257,2016-04-21,0.6762101409,443.5770833333,0.0,0.14087559044368705
1.0328215267,2016-04-22,0.6789780809,445.8591666667,0.0,0.14246426493684203
1.0221885999,2016-04-23,0.6796587115,446.5929166667,0.0,0.1414880318839531
1.0417015058,2016-04-24,0.6895455034,453.6379166667,0.0,0.14399154425741745
1.0473853398,2016-04-25,0.6956413125,458.48375,0.0,0.14492639755450007
1.0298924034,2016-04-26,0.7029036694,463.9066666667,0.0,0.14371306905262293
1.0248255281,2016-04-27,0.6962316454,459.7004166667,0.0,0.1428005439073218
1.0283401479,2016-04-28,0.6729037041,444.3129166667,0.0,0.14164610335098043
1.0022894483,2016-04-29,0.681530928,450.3333333333,0.0,0.1396993080215977
1.0100375119,2016-04-30,0.6850895447,452.9325,0.0,0.14066991161394263
1.0439842234,2016-05-01,0.6819522999,451.4066666667,0.0,0.14372498431519953
1.0148398858,2016-05-02,0.675127714,447.04375,0.0,0.14049355713152895
1.0066029138,2016-05-03,0.6743678329,446.86375,0.0,0.13965500653117324
1.0067092172,2016-05-04,0.6749754018,447.5716666667,0.0,0.13970404746185625
1.0102866335,2016-05-05,0.6735693751,446.8708333333,0.0,0.1399572427715932
1.0148348109,2016-05-06,0.6799125507,451.7825,0.0,0.14079899676341207
0.9809757961,2016-05-07,0.6896907462,458.1370833333,0.0,0.13817693462587505
1.0157443365,2016-05-08,0.6886307187,457.7920833333,0.0,0.14144363506081453
1.0146166626,2016-05-09,0.6895659688,458.8325,0.0,0.1413952822960783
1.0258646034,2016-05-10,0.6836279956,455.1079166667,0.0,0.14209436145859514
1.0198873522,2016-05-11,0.6804405278,453.2241666667,0.0,0.1413173175458945
1.0118465211,2016-05-12,0.6779805482,451.7670833333,0.0,0.1403888792571858
1.0027337112,2016-05-13,0.6823708331,454.93875,0.0,0.13979561573415336
1.0230844816,2016-05-14,0.6834703709,455.9495833333,0.0,0.1418176560325422
1.0100630254,2016-05-15,0.6849275834,457.1758333333,0.0,0.14066200322488417
1.0028512159,2016-05-16,0.6840546887,456.7333333333,0.0,0.13991454507082499
1.1084240611,2016-05-17,0.6784284431,454.06,0.0,0.1496797799979151
1.010924168,2016-05-18,0.6808877792,454.66125,0.0,0.1404862995886056
1.0245098105,2016-05-19,0.6738110037,450.0741666667,0.0,0.1413367647258571
1.0272297347,2016-05-20,0.662288964,442.315,0.0,0.14086093850787476
1.0025875185,2016-05-21,0.6639756113,443.4295833333,0.0,0.13860546661718579
1.0059927673,2016-05-22,0.6617507339,442.15,0.0,0.13878979565667762
1.0140458903,2016-05-23,0.6616108862,442.4466666667,0.0,0.1395531885998909
0.9998360812,2016-05-24,0.6660389184,445.6175,0.0,0.13847351107421313
1.0168209906,2016-05-25,0.6703405334,448.8341666667,0.0,0.1403774786812943
1.0119806933,2016-05-26,0.6734683172,451.2104166667,0.0,0.14011325018513973
1.0606127525,2016-05-27,0.7022329625,471.3779166667,0.0,0.1466164197633762
1.0373254559,2016-05-28,0.7346788815,494.6541666667,0.0,0.14645753557864744
1.0374370966,2016-05-29,0.7682642689,518.8370833333,0.0,0.1486155790051771
1.0661898743,2016-05-30,0.7836521665,530.9633333333,0.0,0.15235696296024662
1.0676905964,2016-05-31,0.7874797237,534.8858333333,0.0,0.15274561074708415
1.0585362408,2016-06-01,0.7830496289,532.8766666667,0.0,0.15158441742112988
1.078309775,2016-06-02,0.7855550529,536.0220833333,0.0,0.15364098553999703
1.0318333192,2016-06-03,0.8090333167,553.20875,0.0,0.15068478460841428
1.0345496978,2016-06-04,0.8356866332,572.7866666667,0.0,0.15264942202379614
1.0623760451,2016-06-05,0.8386627188,576.08375,0.0,0.15550838727295024
1.069353727,2016-06-06,0.8432605032,580.9925,0.0,0.15647154833131968
1.04447462,2016-06-07,0.8419535115,580.69125,0.0,0.1540019542480496
1.0592858342,2016-06-08,0.8346950204,576.75375,0.0,0.15495833949084742
1.0362963194,2016-06-09,0.8324129604,576.045,0.0,0.1526076240648782
1.0428117652,2016-06-10,0.830268135,575.60625,0.0,0.15309535463784785
1.0442456144,2016-06-11,0.8385133343,582.3704166667,0.0,0.1537600381369033
1.0962339036,2016-06-12,0.9145900827,639.79375,0.0,0.16361006326695263
1.1389325969,2016-06-13,0.9696661438,685.3070833333,0.0,0.1712264569942266
1.0855747344,2016-06-14,0.9686385349,686.7891666667,0.0,0.16604347217078166
1.110573538,2016-06-15,0.960002052,683.82625,0.0,0.167888793480825
1.1115051837,2016-06-16,1.0205700568,735.65125,0.0,0.17185065710347186
1.0800910193,2016-06-17,1.0307990845,746.46875,0.0,0.16949189290597966
1.0909128589,2016-06-18,1.0309265085,749.2575,0.0,0.17053790791995665
1.0718858391,2016-06-19,1.0345064047,753.925,0.0,0.1689420090989583
1.0725253092,2016-06-20,1.0248868349,748.8995833333,0.0,0.16838829455744433
1.1236017602,2016-06-21,0.9313782094,680.77,0.0,0.1673081523691018
1.0235472222,2016-06-22,0.8905395646,649.1041666667,0.0,0.15510134183554328
1.0451114571,2016-06-23,0.8091066008,588.8358333333,0.0,0.15196290925770586
0.9606046409,2016-06-24,0.8945702135,652.9716666667,0.0,0.14932254302807205
1.0550240582,2016-06-25,0.9151196214,669.6441666667,0.0,0.1596916921509281
1.0231712886,2016-06-26,0.8762698426,640.3291666667,0.0,0.1541529299893738
1.0316884301,2016-06-27,0.8697222506,636.53,0.0,0.15455113501746376
1.0080152374,2016-06-28,0.8829025098,646.95,0.0,0.15312346010043643
1.0129203192,2016-06-29,0.8648078246,633.8445833333,0.0,0.15243696849417426
1.0264511757,2016-06-30,0.8863645353,651.4641666667,0.0,0.1551129080328845
1.0110672449,2016-07-01,0.9150760886,673.6970833333,0.0,0.15547323296299656
1.0534192668,2016-07-02,0.9282809617,684.8583333333,0.0,0.16037927647897474
1.0350395473,2016-07-03,0.9130416777,674.0904166667,0.0,0.15764222197316843
1.0384600382,2016-07-04,0.9029793152,667.66875,0.0,0.15732691041032731
1.0445158364,2016-07-05,0.9045812746,669.9329166667,0.0,0.1580101153029084
1.0295855218,2016-07-06,0.9052090972,671.4158333333,0.0,0.15661836513543867
1.0280339004,2016-07-07,0.8633511513,639.87375,0.0,0.15379330091358842
1.0093628794,2016-07-08,0.8710958716,646.31125,0.0,0.15249782896150949
1.0407067561,2016-07-09,0.8748436299,649.5820833333,0.0,0.15574348083404424
1.0400618432,2016-07-10,0.8693722263,646.025,0.0,0.1553318073819429
1.0379250323,2016-07-11,0.8704585352,647.4141666667,0.0,0.1551963315775624
1.0144370051,2016-07-12,0.8809829796,655.8945833333,0.0,0.1536166110963309
1.0171964928,2016-07-13,0.8888967285,662.5816666667,0.0,0.15438723806337767
1.0211526179,2016-07-14,0.8798612027,656.38,0.0,0.15418894894955762
1.0075569551,2016-07-15,0.8871852252,662.5158333333,0.0,0.1533533309562442
1.0219984549,2016-07-16,0.8861415659,662.3720833333,0.0,0.15467161416848754
1.0570052641,2016-07-17,0.8924179795,668.5245833333,0.0,0.15843023308968318
1.0139325034,2016-07-18,0.8997192364,674.6791666667,0.0,0.15476616003044388
1.0534923397,2016-07-19,0.8911555206,669.2091666667,0.0,0.15801260889226873
1.0143751589,2016-07-20,0.8879981204,667.18375,0.0,0.15405920421061875
1.0184075426,2016-07-21,0.8811636251,662.4870833333,0.0,0.15400895514933494
1.0152656667,2016-07-22,0.8771581033,659.8566666667,0.0,0.15345153413736812
1.0070672923,2016-07-23,0.8694538238,654.2004166667,0.0,0.1521726837977208
1.0669531983,2016-07-24,0.871210933,656.8108333333,0.0,0.15802838207839037
1.0272331072,2016-07-25,0.8701729496,656.5454166667,0.0,0.1541526636869108
1.0194060414,2016-07-26,0.8640988794,652.41125,0.0,0.15301365376979525
1.0280530337,2016-07-27,0.8643161721,653.2191666667,0.0,0.15385683607079212
1.0141333571,2016-07-28,0.8656521316,654.7641666667,0.0,0.15260728697497383
1.0192340757,2016-07-29,0.8653878954,655.0979166667,0.0,0.15307957674918699
1.0300983151,2016-07-30,0.865138824,655.44125,0.0,0.15410558626615903
1.0119534638,2016-07-31,0.838841508,635.2041666667,0.0,0.15068404346777164
0.9977019238,2016-08-01,0.8186302799,619.5616666667,0.0,0.14802501244114183
0.9989993513,2016-08-02,0.7851507439,592.3941666667,0.0,0.1460088734075071
1.025005836,2016-08-03,0.7303796795,550.315,0.0,0.1450011465926319
0.982427353,2016-08-04,0.7605817608,573.42625,0.0,0.14284867877601853
1.0011088209,2016-08-05,0.7596476091,572.51125,0.0,0.14458059745098045
0.9771403935,2016-08-06,0.7625377565,574.7658333333,0.0,0.1424666929815648
0.9863866997,2016-08-07,0.7813648555,589.2316666667,0.0,0.14455720077423256
1.0039815359,2016-08-08,0.7820083865,590.005,0.0,0.14628577781075028
0.9923551682,2016-08-09,0.7770620947,586.2379166667,0.0,0.14485450239823644
0.9799793892,2016-08-10,0.7824450027,590.3091666667,0.0,0.14401176897395007
0.9974787035,2016-08-11,0.7852055146,592.5570833333,0.0,0.14586653761497984
1.0089219613,2016-08-12,0.7775352224,587.02125,0.0,0.14647359000282917
1.0081157746,2016-08-13,0.7765389951,586.64875,0.0,0.14633257729257212
1.0115344068,2016-08-14,0.7617934109,575.6366666667,0.0,0.14571765805209685
0.9896641915,2016-08-15,0.7531036205,568.9808333333,0.0,0.1430646002892617
1.0063978164,2016-08-16,0.7573629276,572.5141666667,0.0,0.1449417634450994
0.9937661812,2016-08-17,0.7614038893,575.6458333333,0.0,0.14398869261972502
1.0050911157,2016-08-18,0.7603101949,575.0641666667,0.0,0.14500488272648482
1.006251782,2016-08-19,0.7599401362,574.92875,0.0,0.14509253605974595
1.0876565872,2016-08-20,0.7638186732,578.2804166667,0.0,0.15314764017354654
1.0092630706,2016-08-21,0.7679184068,581.6654166667,0.0,0.14589143727889106
1.0038489918,2016-08-22,0.7699417299,583.6095833333,0.0,0.1455015648018652
0.9996737204,2016-08-23,0.7714017199,584.93125,0.0,0.14519448246209835
1.0003266663,2016-08-24,0.7665445134,581.34125,0.0,0.144946549782877
1.0746414764,2016-08-25,0.7585933829,576.1679166667,0.0,0.1515653392034823
1.0078344494,2016-08-26,0.7631499145,579.3679166667,0.0,0.14544954410448066
1.0013321436,2016-08-27,0.7568811228,574.6858333333,0.0,0.14442513538812735
1.0030660837,2016-08-28,0.7540474849,572.8241666667,0.0,0.1444102555597833
0.982334061,2016-08-29,0.7574229989,575.3645833333,0.0,0.14263777101675684
1.0162739935,2016-08-30,0.7588182123,576.8866666667,0.0,0.14598198368717533
1.0329060595,2016-08-31,0.7551603257,574.4395833333,0.0,0.14734320814760274
1.000698018,2016-09-01,0.7537738393,573.23375,0.0,0.1441656503666328
1.0026842248,2016-09-02,0.7536680409,573.3829166667,0.0,0.14434937303111345
1.0039821384,2016-09-03,0.7620631043,580.2466666667,0.0,0.14501060143936934
1.0039227402,2016-09-04,0.793375805,604.84,0.0,0.14700693345768046
1.0255809947,2016-09-05,0.7937866748,605.7358333333,0.0,0.14911033683730834
1.0303592542,2016-09-06,0.7959226703,608.0458333333,0.0,0.14970516391787178
1.0196049345,2016-09-07,0.7993695886,611.23125,0.0,0.1488941558020819
1.0204508782,2016-09-08,0.8113289242,621.2458333333,0.0,0.14973992561854732
1.0276690852,2016-09-09,0.8121016339,622.40125,0.0,0.1504815918330982
1.0224783932,2016-09-10,0.8139707027,624.29,0.0,0.15010328075496937
1.0335152262,2016-09-11,0.808097178,620.23875,0.0,0.15078623425510984
1.0214333868,2016-09-12,0.7908920534,607.2220833333,0.0,0.1485274883805231
1.0362241247,2016-09-13,0.792153836,608.86125,0.0,0.15002666744295173
1.0145533303,2016-09-14,0.7929571419,609.5983333333,0.0,0.1479996917289389
1.0121106811,2016-09-15,0.7917280872,609.0108333333,0.0,0.14768684796981468
1.0294893732,2016-09-16,0.7896959796,608.0066666667,0.0,0.14922362439924078
1.011384124,2016-09-17,0.7892258477,607.89875,0.0,0.14745718278536246
1.0138704225,2016-09-18,0.7901680137,609.0433333333,0.0,0.14775587003125243
1.0072591987,2016-09-19,0.7911895885,610.14125,0.0,0.14718713701480945
1.0515119989,2016-09-20,0.7887039817,609.1208333333,0.0,0.15127227814458077
1.0124784067,2016-09-21,0.7745192204,597.9829166667,0.0,0.1466218377023629
1.0012558705,2016-09-22,0.7741061185,597.88,0.0,0.14551912861966074
0.9999959854,2016-09-23,0.7755777245,599.2841666667,0.0,0.1454923889362248
0.9537971666,2016-09-24,0.7819840488,603.9204166667,0.0,0.14147129246508144
1.0459091534,2016-09-25,0.779404184,602.2695833333,0.0,0.15014033980749963
1.0129982393,2016-09-26,0.7817369535,604.36375,0.0,0.14713316976029145
1.0143197868,2016-09-27,0.7831303743,605.8791666667,0.0,0.14734900333509193
1.0083982421,2016-09-28,0.7814423,604.8633333333,0.0,0.14667316812069497
1.0049366124,2016-09-29,0.7810483215,604.8479166667,0.0,0.14631599104988494
0.9995884875,2016-09-30,0.7809313181,604.98375,0.0,0.14579559861185623
1.0051363852,2016-10-01,0.7894394867,612.0654166667,0.0,0.146871653085204
1.010869086,2016-10-02,0.7879362532,611.2604166667,0.0,0.1473253357652309
1.0378679066,2016-10-03,0.7869367465,611.2045833333,0.0,0.14985075113105964
1.0323967908,2016-10-04,0.783909679,609.4866666667,0.0,0.14913250356188312
1.0102976291,2016-10-05,0.7853216958,610.6433333333,0.0,0.14710336422907042
1.012080025,2016-10-06,0.7850653022,610.8841666667,0.0,0.1472579118702227
1.0093971726,2016-10-07,0.7883185268,613.8529166667,0.0,0.14720861327491558
1.0173395322,2016-10-08,0.7925217768,617.6225,0.0,0.14823906649645496
1.0135304283,2016-10-09,0.7903823202,616.3754166667,0.0,0.14773696494121508
1.0156623903,2016-10-10,0.7898007245,616.3516666667,0.0,0.14790424537387686
1.0256256181,2016-10-11,0.8087060057,632.3041666667,0.0,0.15006850820105067
1.0556209958,2016-10-12,0.8136922848,637.3729166667,0.0,0.15326401919627858
1.0208164695,2016-10-13,0.8114971657,635.8345833333,0.0,0.149785744427531
1.0182339604,2016-10-14,0.8116690882,636.385,0.0,0.14954906117480796
1.0121749249,2016-10-15,0.8142026515,638.8004166667,0.0,0.14912995719922734
1.0206084148,2016-10-16,0.8148143687,639.7883333333,0.0,0.14997788173771037
1.0567997533,2016-10-17,0.8116973519,638.2270833333,0.0,0.15324951858248842
1.03980618,2016-10-18,0.8094347937,636.8370833333,0.0,0.1514750904873502
1.0261217446,2016-10-19,0.8029757462,631.8933333333,0.0,0.1497497156978299
1.0145521474,2016-10-20,0.7983968346,628.5208333333,0.0,0.14834737390949934
1.039721371,2016-10-21,0.7996115258,630.2508333333,0.0,0.15083889022686295
1.013204223,2016-10-22,0.8138309974,641.8395833333,0.0,0.14920490966773575
1.0187663391,2016-10-23,0.8291977962,654.5283333333,0.0,0.1507208454662726
1.036831892,2016-10-24,0.8231694885,650.43125,0.0,0.15206799167190255
1.0385135465,2016-10-25,0.827863673,654.6929166667,0.0,0.15252940100111345
1.0413953768,2016-10-26,0.839265419,664.9495833333,0.0,0.1535347720132656
1.0398561385,2016-10-27,0.8591022852,682.2416666667,0.0,0.15465545384606338
1.0298285678,2016-10-28,0.8611329789,684.6204166667,0.0,0.15382359592447767
1.0436820714,2016-10-29,0.8846552795,704.8870833333,0.0,0.15665615211290987
1.0291482739,2016-10-30,0.8821432268,703.4470833333,0.0,0.1551016768475071
1.0598342232,2016-10-31,0.8743556913,698.6458333333,0.0,0.1575467024010731
1.036615477,2016-11-01,0.8983253125,719.5329166667,0.0,0.15685244661162756
1.0440283219,2016-11-02,0.903917284,725.1308333333,0.0,0.15792090692847555
1.0512337797,2016-11-03,0.9005358325,723.3154166667,0.0,0.1583957473586893
1.0547441249,2016-11-04,0.8687302305,698.22,0.0,0.1566988637806352
1.0163155677,2016-11-05,0.8719315602,701.3283333333,0.0,0.15321805727793306
1.0222695277,2016-11-06,0.8788734343,707.6475,0.0,0.15423291154067106
1.0300457609,2016-11-07,0.8742353372,704.6875,0.0,0.15468214646894188
1.050209956,2016-11-08,0.8752606627,706.7704166667,0.0,0.15668154838862056
1.0344905051,2016-11-09,0.896781621,725.5425,0.0,0.1565499528600314
1.0477770999,2016-11-10,0.8827577629,714.8758333333,0.0,0.15692756478470332
1.0349550645,2016-11-11,0.8822861745,715.1016666667,0.0,0.1556677163863025
1.0240998315,2016-11-12,0.8745290194,709.18125,0.0,0.1541306794758437
1.0211043975,2016-11-13,0.858517801,696.5504166667,0.0,0.15281969916956362
1.015918905,2016-11-14,0.8645987363,702.1833333333,0.0,0.1527111793046839
1.0304690918,2016-11-15,0.8743661439,711.0775,0.0,0.15473110933619488
1.0486950207,2016-11-16,0.886532987,722.9595833333,0.0,0.15725697304166644
1.0379121526,2016-11-17,0.9089711847,742.555,0.0,0.157657465421922
1.0520687821,2016-11-18,0.9076354898,742.53625,0.0,0.15892975639067555
1.0311235798,2016-11-19,0.9126399919,747.36125,0.0,0.1572409788809565
1.0333764372,2016-11-20,0.9028305202,739.7929166667,0.0,0.15682985447508596
1.0415201286,2016-11-21,0.8947720085,734.0141666667,0.0,0.1570956406753729
1.0252889331,2016-11-22,0.9034875527,742.2383333333,0.0,0.15609623126817068
1.0322251663,2016-11-23,0.9029780703,742.24,0.0,0.15672887575684502
1.1438847457,2016-11-24,0.8940180487,737.2816666667,0.0,0.1668647081975116
1.0201258352,2016-11-25,0.8915739154,735.3120833333,0.0,0.15483934680256464
1.0313967324,2016-11-26,0.89069977,735.2358333333,0.0,0.15586439168839936
1.0363225633,2016-11-27,0.8871194251,733.0754166667,0.0,0.15610788804773426
1.0310600617,2016-11-28,0.8869593938,733.68625,0.0,0.1555929562487715
1.019446006,2016-11-29,0.8856689695,733.30125,0.0,0.15439660547037812
1.0284166428,2016-11-30,0.8913578225,738.9616666667,0.0,0.15562066001348976
1.0399119375,2016-12-01,0.9016485474,748.7591666667,0.0,0.15738106992549247
1.0389333847,2016-12-02,0.9226793117,768.0191666667,0.0,0.15863185809404423
1.2396921389,2016-12-03,0.9125949272,764.4395833333,0.0,0.17724085419044838
1.0291049888,2016-12-04,0.9131735434,764.42375,0.0,0.15708149950373337
1.0426744124,2016-12-05,0.9028007613,756.695,0.0,0.15771967360950828
1.022381824,2016-12-06,0.9028493215,757.3229166667,0.0,0.1557766187712599
1.0261673955,2016-12-07,0.9067801831,761.695,0.0,0.15639099985391272
1.0476502153,2016-12-08,0.9119199267,767.43,0.0,0.15877992643853983
1.0246659515,2016-12-09,0.913840902,769.6166666667,0.0,0.15669844252774623
1.0624375406,2016-12-10,0.9168422737,773.4695833333,0.0,0.16051282237212375
1.0357121148,2016-12-11,0.9095458486,767.8254166667,0.0,0.15748321298733223
1.0335656102,2016-12-12,0.9167634712,775.2029166667,0.0,0.15773882305256315
1.0397772081,2016-12-13,0.9200837365,779.1541666667,0.0,0.1585468325978882
1.0463346183,2016-12-14,0.9170454858,777.3504166667,0.0,0.15898146516041697
1.0434050287,2016-12-15,0.9154756941,777.0004166667,0.0,0.15860013583212823
1.0378973779,2016-12-16,0.9172684553,779.4595833333,0.0,0.15818654798621581
1.0366503398,2016-12-17,0.9252308684,787.0491666667,0.0,0.1585760407339979
1.060635946,2016-12-18,0.9252382937,788.1145833333,0.0,0.1608768537726887
1.0266613709,2016-12-19,0.9276389286,790.8425,0.0,0.157772012458767
1.0466513998,2016-12-20,0.9264325251,791.0958333333,0.0,0.1596120217440502
1.0918754743,2016-12-21,0.9494608421,813.9683333333,0.0,0.1654215872229398
1.0740382285,2016-12-22,0.9960038091,856.6225,0.0,0.16668670763136006
1.1094925948,2016-12-23,1.0385188122,898.7895833333,0.0,0.17280522282802574
1.0637045343,2016-12-24,1.0413305413,902.4791666667,0.0,0.1685936938018906
1.0696026111,2016-12-25,1.0069256362,873.61875,0.0,0.16695961481231958
1.0452971164,2016-12-26,1.0314309616,897.16625,0.0,0.16619538558755942
1.0645881076,2016-12-27,1.0493858989,916.27125,0.0,0.16919346528117474
1.0938104647,2016-12-28,1.0867681093,953.5541666667,0.0,0.17438612649178448
1.1069449161,2016-12-29,1.0991911523,968.56625,0.0,0.17644007287629804
1.0961032792,2016-12-30,1.0789180249,953.4841666667,0.0,0.17410411079283517
1.0497545724,2016-12-31,1.0789863522,954.9308333333,0.0,0.16966340914366163
1.0916308619,2017-01-01,1.0974338011,974.405,0.0,0.17485902020502314
1.1256753597,2017-01-02,1.1339276618,1012.0920833333,0.0,0.1804573504763907
1.1130691489,2017-01-03,1.1381979764,1020.98625,0.0,0.17952138202855328
1.1357631438,2017-01-04,1.1912966503,1079.9820833333,0.0,0.18509279874081602
1.2498535816,2017-01-05,1.1472238806,1049.5616666667,0.0,0.19321677169831117
1.1158967104,2017-01-06,1.0203839475,929.7770833333,0.0,0.17225992703694215
1.032752757,2017-01-07,0.9504726257,864.8575,0.0,0.15981611619210281
0.9945082177,2017-01-08,0.9973877807,908.8408333333,0.0,0.1591478726470707
1.0432369937,2017-01-09,0.9773084923,891.4,0.0,0.16253740126486774
1.0154968103,2017-01-10,0.9867970453,900.9720833333,0.0,0.16048364656237485
1.0440783692,2017-01-11,0.9260313566,842.8883333333,0.0,0.15933960601840086
1.0316377731,2017-01-12,0.86032701,781.78875,0.0,0.15394557672638917
0.9660367308,2017-01-13,0.887112522,806.38875,0.0,0.14936668764997163
0.9796943908,2017-01-14,0.9100321291,827.4254166667,0.0,0.1521419272762427
1.0140170066,2017-01-15,0.8993279055,818.0966666667,0.0,0.1547492439258885
1.0044070239,2017-01-16,0.9099506763,828.4379166667,0.0,0.15450678322489464
1.0177931005,2017-01-17,0.9579456218,874.78,0.0,0.15885920932549547
1.0181025678,2017-01-18,0.9661274724,883.1,0.0,0.159412008735612
1.0278402852,2017-01-19,0.9729814023,890.77125,0.0,0.16078412119515467
1.0254178636,2017-01-20,0.9740332867,892.9575,0.0,0.16061905292518008
1.0419345508,2017-01-21,0.9980768677,916.96625,0.0,0.16374035050820807
1.0600062218,2017-01-22,1.001724274,922.1454166667,0.0,0.16570671602843523
1.0497150367,2017-01-23,0.9983921495,920.52375,0.0,0.16450669565184428
1.0658071127,2017-01-24,0.9836103274,908.3720833333,0.0,0.16510490543735018
1.0515774736,2017-01-25,0.9689179977,896.0116666667,0.0,0.16280083458753253
1.033243728,2017-01-26,0.9782941989,906.19,0.0,0.1616420204075654
1.0261729197,2017-01-27,0.9883360649,916.6470833333,0.0,0.16160593799666867
1.0269024077,2017-01-28,0.9894438261,918.5904166667,0.0,0.16174672602401285
1.1313614088,2017-01-29,0.9872339139,918.1391666667,0.0,0.1716235666407682
1.0302451605,2017-01-30,0.9860013833,917.7054166667,0.0,0.16184721435788224
1.0274165623,2017-01-31,1.0076205931,939.8433333333,0.0,0.16295819724347482
1.0287709253,2017-02-01,1.0378583664,970.7195833333,0.0,0.16502138871781946
1.0591081118,2017-02-02,1.0560582741,990.7404166667,0.0,0.1690945157677537
1.0777921122,2017-02-03,1.0761638557,1013.19875,0.0,0.17217188699255717
1.0530434956,2017-02-04,1.0789988271,1017.46375,0.0,0.16997963075174116
1.0601295522,2017-02-05,1.08030256,1020.6116666667,0.0,0.17074257492373937
1.0697274601,2017-02-06,1.0796542316,1022.5983333333,0.0,0.17162160983778957
1.0740854733,2017-02-07,1.0975595601,1042.4545833333,0.0,0.1731843712490495
1.0615610423,2017-02-08,1.1056545275,1052.7320833333,0.0,0.17250078130450008
1.0824492349,2017-02-09,1.0691473645,1019.2833333333,0.0,0.17216991728716635
1.0907715345,2017-02-10,1.0207953854,974.645,0.0,0.16987660432861607
0.9996981873,2017-02-11,1.0504631237,1003.8995833333,0.0,0.16303907504248544
1.051004841,2017-02-12,1.0447571093,999.9683333333,0.0,0.16759481360457928
1.0536808549,2017-02-13,1.0394581368,996.7479166667,0.0,0.16751265812470034
1.0402840841,2017-02-14,1.0436415314,1002.4508333333,0.0,0.16649531369001497
1.0212565779,2017-02-15,1.0464355301,1006.2458333333,0.0,0.16484912058215662
1.0322106515,2017-02-16,1.0619435726,1023.2895833333,0.0,0.16689120242502317
1.0761278931,2017-02-17,1.0791810944,1043.71375,0.0,0.17220519222636227
1.0536357412,2017-02-18,1.0899983994,1056.01,0.0,0.17073970563314303
1.0550824099,2017-02-19,1.0813915508,1049.2133333333,0.0,0.17032815541250487
1.0463519911,2017-02-20,1.0842158721,1053.8116666667,0.0,0.16967144265031386
1.0503030341,2017-02-21,1.1244540754,1096.7220833333,0.0,0.17262306238799732
1.1143136775,2017-02-22,1.1375672668,1115.2191666667,0.0,0.17960041303075625
1.0724024832,2017-02-23,1.1580365481,1139.87625,0.0,0.176889659056437
1.1263598971,2017-02-24,1.1908565136,1179.5004166667,0.0,0.1841628400070468
1.0698152706,2017-02-25,1.1712210249,1161.7025,0.0,0.17748450360129128
1.0477658842,2017-02-26,1.165975529,1158.54,0.0,0.17503447903113734
1.0577937104,2017-02-27,1.1851524014,1181.7141666667,0.0,0.1772223017908534
1.0624092584,2017-02-28,1.1912955362,1191.2308333333,0.0,0.1780577270216171
1.0887460349,2017-03-01,1.199000344,1204.4825,0.0,0.18107617363002992
1.0725008797,2017-03-02,1.2254997388,1238.0629166667,0.0,0.18121246491737109
1.1109704982,2017-03-03,1.2517489799,1271.7945833333,0.0,0.18658017968856075
1.0877609498,2017-03-04,1.248071595,1270.65875,0.0,0.18411914957818865
1.0835848168,2017-03-05,1.2352747917,1260.6783333333,0.0,0.18290045327003737
1.0961972209,2017-03-06,1.2423275529,1273.7058333333,0.0,0.18456097500854132
1.0814633917,2017-03-07,1.2188024419,1252.435,0.0,0.18164381155263937
1.0998018943,2017-03-08,1.1594701621,1193.1058333333,0.0,0.17960905857400838
1.0383810982,2017-03-09,1.1420935281,1176.2583333333,0.0,0.17260749694158123
1.0404428196,2017-03-10,1.1677980265,1204.9245833333,0.0,0.17444868525990437
1.0590981851,2017-03-11,1.1346651273,1171.5983333333,0.0,0.17411942113848605
1.0280458365,2017-03-12,1.156677407,1196.7154166667,0.0,0.17254873830468542
1.1363587176,2017-03-13,1.1820632019,1231.3195833333,0.0,0.18455956162856674
1.0520641738,2017-03-14,1.1884987996,1239.7791666667,0.0,0.17688676831510092
1.0933361942,2017-03-15,1.1910388071,1247.7333333333,0.0,0.18100735876483637
1.0928908184,2017-03-16,1.162737798,1220.82375,0.0,0.17915517383824242
1.0938287298,2017-03-17,1.0777381385,1130.5433333333,0.0,0.17381053229157975
1.0890520514,2017-03-18,0.9912456635,1037.8154166667,0.0,0.1678223877191272
1.0383034045,2017-03-19,0.9695173585,1014.7020833333,0.0,0.16156610680525332
0.9639074882,2017-03-20,0.9945182062,1039.9675,0.0,0.1560296403811538
1.0238675412,2017-03-21,1.0400012491,1090.4804166667,0.0,0.16468813862696458
1.0597120749,2017-03-22,1.0096575831,1058.935,0.0,0.16618573494447916
1.0159868083,2017-03-23,0.9951595726,1043.2904166667,0.0,0.16106531161924825
1.0686222231,2017-03-24,0.9493515519,994.1095833333,0.0,0.16318449775311464
1.0346411026,2017-03-25,0.8979428822,933.8441666667,0.0,0.15663864303446123
1.0073645409,2017-03-26,0.9358113088,973.6008333333,0.0,0.1564438654610925
0.9867153962,2017-03-27,0.9653588828,1005.6191666667,0.0,0.15635268267872965
1.004877456,2017-03-28,1.0019621858,1045.5441666667,0.0,0.16043480594835452
1.0245288944,2017-03-29,0.9920304604,1035.7254166667,0.0,0.16168447504044237
1.023415755,2017-03-30,0.9918603334,1036.4958333333,0.0,0.16156684211807204
1.0392299134,2017-03-31,1.010141957,1058.5108333333,0.0,0.1642523635679839
1.0252420151,2017-04-01,1.0329635889,1083.55125,0.0,0.1643699931880272
1.0347688106,2017-04-02,1.0364597709,1088.9770833333,0.0,0.16550719410447468
1.035515363,2017-04-03,1.0765536852,1134.5125,0.0,0.16814226198859067
1.0426559573,2017-04-04,1.0826496359,1143.12375,0.0,0.1692168348583814
1.0576579591,2017-04-05,1.0658043951,1127.5266666667,0.0,0.16957857309494095
1.0400619105,2017-04-06,1.0976535281,1164.9504166667,0.0,0.16992735126125094
1.0743205252,2017-04-07,1.1156593834,1187.5854166667,0.0,0.1743641556178987
1.0505039392,2017-04-08,1.1127596273,1185.9029166667,0.0,0.17189462656457632
1.0658728198,2017-04-09,1.1163222869,1192.3120833333,0.0,0.17359636269638024
1.0558263272,2017-04-10,1.127113499,1206.71,0.0,0.17332280810587952
1.0593049788,2017-04-11,1.1297500705,1212.9229166667,0.0,0.17382500150289346
1.0738879705,2017-04-12,1.1299757328,1216.41375,0.0,0.17523801063543418
1.0486870672,2017-04-13,1.1041482798,1189.0216666667,0.0,0.17116979900174562
1.03944336,2017-04-14,1.0953016116,1180.9466666667,0.0,0.16971765559026752
1.0207860969,2017-04-15,1.0977964251,1184.4008333333,0.0,0.16808784173344943
1.0226799115,2017-04-16,1.0933602833,1180.595,0.0,0.1679858359595412
1.0631457575,2017-04-17,1.0953983676,1186.2175,0.0,0.17199701901764014
1.0421411602,2017-04-18,1.1110866475,1206.0791666667,0.0,0.1709856299956419
1.0412854776,2017-04-19,1.1094211853,1206.2866666667,0.0,0.17079708175866987
1.0465190198,2017-04-20,1.124464162,1225.8966666667,0.0,0.17226080160054702
1.0314017521,2017-04-21,1.1405182445,1246.0620833333,0.0,0.17183742479743985
1.0321239293,2017-04-22,1.1362327728,1242.8745833333,0.0,0.17163268653947839
1.052487245,2017-04-23,1.130755424,1238.8445833333,0.0,0.1732354260205799
1.0700924248,2017-04-24,1.1332111039,1244.7995833333,0.0,0.17508085775557913
1.0526029337,2017-04-25,1.1426168529,1258.1629166667,0.0,0.1740049009454357
1.0524816377,2017-04-26,1.1619987608,1283.575,0.0,0.17523248195820207
1.0582099994,2017-04-27,1.1814226942,1309.9691666667,0.0,0.17702376105122403
1.108296554,2017-04-28,1.1883303218,1323.2679166667,0.0,0.18226895985171726
1.0534656186,2017-04-29,1.1934018224,1331.3775,0.0,0.1773346565652877
1.0710990561,2017-04-30,1.1861687389,1326.5145833333,0.0,0.17856333146028847
1.1071504638,2017-05-01,1.2354160566,1390.0566666667,0.0,0.18516954739709163
1.1027089312,2017-05-02,1.2683276387,1433.6879166667,0.0,0.18684783813882827
1.0852204997,2017-05-03,1.281527089,1455.195,0.0,0.18601453943083096
1.1363619372,2017-05-04,1.3298869495,1525.1904166667,0.0,0.19401122285119415
1.1645583552,2017-05-05,1.3354278459,1542.7170833333,0.0,0.19706966507366017
1.0990600443,2017-05-06,1.3245975495,1535.45,0.0,0.19009560037414588
1.0760740413,2017-05-07,1.3252725324,1541.7475,0.0,0.18793428510879243
1.1136773125,2017-05-08,1.3659499939,1603.485,0.0,0.1941414046961097
1.1194696653,2017-05-09,1.4365063796,1702.8716666667,0.0,0.19920805760213572
1.1125647911,2017-05-10,1.4466368458,1726.645,0.0,0.19919355389061577
1.1604765417,2017-05-11,1.5002435866,1811.86625,0.0,0.20721596221138394
1.1516693075,2017-05-12,1.4493223965,1757.0808333333,0.0,0.20311557552614706
1.1034010342,2017-05-13,1.397386233,1700.1066666667,0.0,0.19516578599963236
1.0367076352,2017-05-14,1.451379801,1771.8591666667,0.0,0.19222172595660442
1.1112764062,2017-05-15,1.4015159261,1717.9975,0.0,0.1961851117985533
1.0746552665,2017-05-16,1.3914433493,1712.0966666667,0.0,0.19202895670954867
1.1111377215,2017-05-17,1.4409486027,1790.1445833333,0.0,0.19869300375453747
1.0689694683,2017-05-18,1.4683176626,1833.4079166667,0.0,0.19639874516042297
1.1063111305,2017-05-19,1.5278585135,1925.5004166667,0.0,0.20378683672353162
1.1321130128,2017-05-20,1.5679334593,1991.02625,0.0,0.20882362191037218
1.1502603562,2017-05-21,1.5959678083,2042.2708333333,0.0,0.2123564637519474
1.2301351426,2017-05-22,1.6466678389,2146.7283333333,0.0,0.2232584400669317
1.1926634227,2017-05-23,1.6722000033,2216.1620833333,0.0,0.22129715733946048
1.1810832797,2017-05-24,1.7647674936,2378.9629166667,0.0,0.22610501783673143
1.2680290453,2017-05-25,1.8656165729,2577.79875,0.0,0.24089149727329698
1.2488147603,2017-05-26,1.7246317198,2400.1566666667,0.0,0.23003465571886864
1.1493756952,2017-05-27,1.4972078479,2082.07625,0.0,0.2059572412107996
1.0581035848,2017-05-28,1.5652378501,2186.8445833333,0.0,0.20155340347316397
1.0744658289,2017-05-29,1.5893042435,2232.5479166667,0.0,0.20466134774688838
1.1013160097,2017-05-30,1.6034600641,2266.09125,0.0,0.20814148839433122
1.1474568452,2017-05-31,1.5795816475,2249.7883333333,0.0,0.21103991725681365
1.112588519,2017-06-01,1.6655804412,2397.77625,0.0,0.21319434544726648
1.1036372841,2017-06-02,1.6782052456,2432.5783333333,0.0,0.2131430652032058
1.1082226924,2017-06-03,1.72355896,2520.0983333333,0.0,0.2164825922584188
1.1305137431,2017-06-04,1.713743968,2523.0175,0.0,0.2179928767684457
1.1247144518,2017-06-05,1.7525702764,2608.23875,0.0,0.21991911940875505
1.1033916401,2017-06-06,1.8813963228,2838.1925,0.0,0.2261108597139456
1.1464434961,2017-06-07,1.8467189035,2808.8070833333,0.0,0.2280225883073786
1.1664271335,2017-06-08,1.7959373632,2756.17875,0.0,0.2266923173731744
1.1357884964,2017-06-09,1.8219757989,2821.3108333333,0.0,0.22541873037054255
1.2031332422,2017-06-10,1.8234602423,2853.0808333333,0.0,0.23197233495377076
1.1370076834,2017-06-11,1.8458604454,2911.3904166667,0.0,0.22706276027199224
1.267650696,2017-06-12,1.7543830563,2798.7841666667,0.0,0.23374331536516815
1.2045436719,2017-06-13,1.6905733478,2712.5516666667,0.0,0.22361126176163054
1.1400132929,2017-06-14,1.6523732573,2663.4475,0.0,0.21498009408561802
1.0983247616,2017-06-15,1.4778685615,2377.0491666667,0.0,0.1998247153083874
1.0752956784,2017-06-16,1.5275311097,2470.6825,0.0,0.2007913683394022
1.029821511,2017-06-17,1.5902837959,2582.5741666667,0.0,0.20044236608798685
1.1807791789,2017-06-18,1.5798972122,2585.7558333333,0.0,0.21425587004622476
1.1202715,2017-06-19,1.5670859352,2581.6825,0.0,0.20763377441765957
1.09333018,2017-06-20,1.616919529,2685.2441666667,0.0,0.2082361606654013
1.0809801492,2017-06-21,1.6302685224,2721.9795833333,0.0,0.20790522128596026
1.119296187,2017-06-22,1.6081802664,2701.80875,0.0,0.21016767017842175
1.0859570185,2017-06-23,1.6201953688,2734.03625,0.0,0.2077384841644134
1.0968842684,2017-06-24,1.5824833361,2677.34625,0.0,0.20637528115615902
1.0754588443,2017-06-25,1.5288060063,2590.4970833333,0.0,0.20088852935023913
1.0536024005,2017-06-26,1.4670618673,2486.39,0.0,0.19484467601730535
1.0433283558,2017-06-27,1.4344143372,2434.9670833333,0.0,0.19177197121073383
1.0393281832,2017-06-28,1.4967225292,2553.1595833333,0.0,0.19537211076837543
1.0823036246,2017-06-29,1.5020257275,2573.2954166667,0.0,0.19983273683011807
1.1161722109,2017-06-30,1.472607498,2536.3375,0.0,0.20119999930936033
1.0546777795,2017-07-01,1.4305641125,2466.3075,0.0,0.19261426669147363
1.0552042646,2017-07-02,1.4245601514,2462.5483333333,0.0,0.1922808861698909
1.0596349596,2017-07-03,1.4687496162,2551.7216666667,0.0,0.19553113725686444
1.0445409053,2017-07-04,1.5029463008,2619.4654166667,0.0,0.19626996359486626
1.1034891841,2017-07-05,1.4817863251,2595.4333333333,0.0,0.20057049758104173
1.0490830903,2017-07-06,1.4868416007,2610.5129166667,0.0,0.19567590133387686
1.118136787,2017-07-07,1.4489101499,2555.5895833333,0.0,0.1998732832678404
1.0408286707,2017-07-08,1.4306000671,2528.1920833333,0.0,0.19128836746279632
1.017174583,2017-07-09,1.4421030143,2551.725,0.0,0.18975528313086837
1.0494402786,2017-07-10,1.3883528734,2457.14625,0.0,0.18941312001466748
1.0576781194,2017-07-11,1.3269197937,2350.2066666667,0.0,0.18627534553337916
0.9976627127,2017-07-12,1.3317079425,2360.28,0.0,0.18082570924242863
1.0352755413,2017-07-13,1.3436407813,2385.4945833333,0.0,0.18519591108837993
1.0485961419,2017-07-14,1.2926661615,2294.64125,0.0,0.18321427711058585
1.018053161,2017-07-15,1.1721452903,2073.1541666667,0.0,0.17257935564251087
0.975516774,2017-07-16,1.0974223279,1934.14875,0.0,0.16372237120780453
1.0062677771,2017-07-17,1.1657499445,2062.87125,0.0,0.17104018215844716
0.9661661288,2017-07-18,1.2902190497,2289.6141666667,0.0,0.1751523709927694
1.0548482237,2017-07-19,1.3067161107,2326.3820833333,0.0,0.18471218910562698
1.0537564113,2017-07-20,1.3965200256,2510.1645833333,0.0,0.19034923869121062
1.0378804781,2017-07-21,1.5059346995,2723.13,0.0,0.19582226382347484
1.115298283,2017-07-22,1.5329337056,2788.44375,0.0,0.2049732397932716
1.0890353644,2017-07-23,1.5210190473,2776.3320833333,0.0,0.20169271286361085
1.1106515722,2017-07-24,1.5048601412,2759.3879166667,0.0,0.2027326681043342
1.2503098685,2017-07-25,1.4276447191,2632.6291666667,0.0,0.21118969562807205
1.0789519773,2017-07-26,1.3698817346,2527.77,0.0,0.19106245552163953
1.1049968263,2017-07-27,1.4005787383,2604.25,0.0,0.19552294839059187
1.2200411236,2017-07-28,1.4607627772,2766.8,0.0,0.2104042303243581
1.3239921044,2017-07-29,1.4290557292,2745.4954166667,0.0,0.21834640178526976
1.3026673079,2017-07-30,1.3919570992,2712.3470833333,0.0,0.2139292868804648
1.3180806203,2017-07-31,1.4039074174,2793.4616666667,0.0,0.21617156287703335
1.1502209738,2017-08-01,1.3965106922,2795.1658333333,0.0,0.1996000706935615
1.1217206523,2017-08-02,1.3541731422,2730.8345833333,0.0,0.19415982854791064
1.1231506744,2017-08-03,1.3589606174,2764.6154166667,0.0,0.19460306977823943
1.2929820626,2017-08-04,1.3752217527,2847.8341666667,0.0,0.21193042226505454
1.2161022086,2017-08-05,1.5083515337,3168.4891666667,0.0,0.21306913366843222
1.2409531418,2017-08-06,1.5149383263,3235.4541666667,0.0,0.21587359842836645
1.1885141079,2017-08-07,1.5239859449,3316.8270833333,0.0,0.21142290991894336
1.1797674477,2017-08-08,1.5505963536,3430.8779166667,0.0,0.21228544182620984
1.2208940493,2017-08-09,1.5000347369,3351.5141666667,0.0,0.21299694692596474
1.1170924907,2017-08-10,1.5100879259,3402.8333333333,0.0,0.20368463099420264
1.0861444995,2017-08-11,1.5495269601,3521.1495833333,0.0,0.2032381645284606
1.1188480102,2017-08-12,1.6420330868,3779.6920833333,0.0,0.21228912310243314
1.1704307383,2017-08-13,1.7345129448,4044.3975,0.0,0.22314901248730384
1.1799608032,2017-08-14,1.7641194118,4183.0904166667,0.0,0.22595593062045735
1.147939154,2017-08-15,1.744670997,4176.9816666667,0.0,0.2216414299265282
1.1283653577,2017-08-16,1.7297699723,4184.8166666667,0.0,0.2188114847087177
1.1912160339,2017-08-17,1.7736309164,4355.93125,0.0,0.22764349648625765
1.1902194159,2017-08-18,1.7081853702,4229.4679166667,0.0,0.22336354813250486
1.2344846422,2017-08-19,1.6330526447,4081.8333333333,0.0,0.22280506894371543
1.286562828,2017-08-20,1.6250476673,4107.7645833333,0.0,0.22728781330123154
1.1172201402,2017-08-21,1.5892922386,4035.03125,0.0,0.20876093015086233
1.1410609408,2017-08-22,1.5367343581,3926.2975,0.0,0.20768700704028398
1.1078208057,2017-08-23,1.6125981375,4158.0216666667,0.0,0.20934958813932
1.0855443477,2017-08-24,1.6214533972,4202.4404166667,0.0,0.2077793410912046
1.0999747208,2017-08-25,1.6730322574,4364.4979166667,0.0,0.21246106382500074
1.1392376806,2017-08-26,1.6485966939,4322.90125,0.0,0.21466424828746677
1.1092406626,2017-08-27,1.6520708431,4352.8925,0.0,0.21200951126417578
1.134525158,2017-08-28,1.6289846135,4319.5758333333,0.0,0.21295836370406518
1.1589359068,2017-08-29,1.6680377191,4477.2579166667,0.0,0.21779639928628608
1.1262807466,2017-08-30,1.6951424621,4583.0308333333,0.0,0.2163975938394261
1.1760494161,2017-08-31,1.7098171649,4680.37625,0.0,0.22210890650957854
1.1725185004,2017-09-01,1.7356149869,4805.0979166667,0.0,0.22341970006015544
1.1886093431,2017-09-02,1.6745766004,4663.7866666667,0.0,0.22106030266303842
1.1263319408,2017-09-03,1.6383434765,4581.5208333333,0.0,0.21277096781618
1.1419143192,2017-09-04,1.5553050677,4368.6733333333,0.0,0.20895619886305486
1.0704233705,2017-09-05,1.5134920305,4266.1620833333,0.0,0.199426478478217
1.0568694929,2017-09-06,1.6033603904,4554.49875,0.0,0.2038724747581901
1.1706073216,2017-09-07,1.6012418415,4601.3770833333,0.0,0.21464504230524883
1.0766705529,2017-09-08,1.5591281983,4488.3633333333,0.0,0.20294343700921688
1.0753707632,2017-09-09,1.4954281631,4312.2395833333,0.0,0.19874601508289047
1.1276835734,2017-09-10,1.4518113324,4205.0608333333,0.0,0.20097435914683903
1.0313128317,2017-09-11,1.4573388428,4229.5041666667,0.0,0.19208533867160815
1.0434187282,2017-09-12,1.4665577084,4266.7566666667,0.0,0.1938357772439785
1.0487851077,2017-09-13,1.3539745577,3931.525,0.0,0.18715225218878345
1.0219947457,2017-09-14,1.2530849668,3618.7291666667,0.0,0.17813238336761772
1.0149617255,2017-09-15,1.18929776,3431.5829166667,0.0,0.1733795428159244
0.9793555205,2017-09-16,1.2872455241,3718.9083333333,0.0,0.17622718169404125
1.0239558387,2017-09-17,1.2649546533,3656.7404166667,0.0,0.17907936965708116
0.9944179687,2017-09-18,1.3650038311,3960.8,0.0,0.18264334919434613
1.0558341071,2017-09-19,1.3636390951,3966.3941666667,0.0,0.1884462040666343
1.0565434026,2017-09-20,1.3551303469,3949.4375,0.0,0.18797020831747724
1.0559871138,2017-09-21,1.2998488389,3789.4316666667,0.0,0.1843823440751577
1.0676172795,2017-09-22,1.2413495007,3620.0508333333,0.0,0.18175748388202212
1.0229676801,2017-09-23,1.275884778,3725.31,0.0,0.17968343571193696
1.0185051141,2017-09-24,1.2663826987,3699.9579166667,0.0,0.1786479226157271
1.1999791233,2017-09-25,1.3038669607,3833.74125,0.0,0.19844879527859363
1.0358425828,2017-09-26,1.3324971366,3926.755,0.0,0.18453780607087733
1.0475262539,2017-09-27,1.3706179791,4053.9054166667,0.0,0.18809564617943658
1.0540706786,2017-09-28,1.4126628412,4198.0258333333,0.0,0.19141149572903604
1.0732166963,2017-09-29,1.3937800582,4153.015,0.0,0.1920403920062278
1.1140804114,2017-09-30,1.43526111,4298.3158333333,0.0,0.19861158314951127
1.0720101262,2017-10-01,1.4407903307,4325.89,0.0,0.19493035442474968
1.1108720209,2017-10-02,1.4636024437,4417.3729166667,0.0,0.20011593203204156
1.0909894268,2017-10-03,1.4269329205,4318.3654166667,0.0,0.1958645671151487
1.0808206237,2017-10-04,1.4030614833,4254.7383333333,0.0,0.19336306931460617
1.1851760072,2017-10-05,1.3973795374,4263.5141666667,0.0,0.2030079823524077
1.0651377043,2017-10-06,1.4292778306,4368.8383333333,0.0,0.19353518469286957
1.0799416494,2017-10-07,1.423546439,4361.7316666667,0.0,0.19458851039070096
1.1198298056,2017-10-08,1.4648124622,4509.6870833333,0.0,0.20105239240512332
1.1674798273,2017-10-09,1.50086646,4657.4683333333,0.0,0.20792743637220296
1.1301542208,2017-10-10,1.5432485879,4824.7579166667,0.0,0.2070574965462532
1.1082736398,2017-10-11,1.5288393029,4796.63125,0.0,0.20403775944407115
1.1060190796,2017-10-12,1.6223709361,5136.1270833333,0.0,0.20980163351410852
1.1688630963,2017-10-13,1.7560564925,5638.5966666667,0.0,0.22437608973056494
1.1724219537,2017-10-14,1.7585181513,5685.02,0.0,0.22487479193176357
1.1919703438,2017-10-15,1.7318648623,5632.6008333333,0.0,0.22504545773552534
1.1974114081,2017-10-16,1.7332539337,5683.77,0.0,0.22565609526447916
1.1886688851,2017-10-17,1.7041474569,5620.2920833333,0.0,0.22295667398452995
1.1360977111,2017-10-18,1.6340728811,5409.78,0.0,0.21343450601516217
1.177782398,2017-10-19,1.6920237077,5653.03875,0.0,0.2211374543342789
1.1205794702,2017-10-20,1.7244173112,5794.5916666667,0.0,0.21772254846191902
1.1340096477,2017-10-21,1.7953021273,6071.38125,0.0,0.2235427052739546
1.2855652341,2017-10-22,1.7312941876,5906.365,0.0,0.2339851837060604
1.2742942482,2017-10-23,1.6926037292,5874.2725,0.0,0.23043050282793304
1.1672752472,2017-10-24,1.6173130553,5650.44875,0.0,0.21535301915791066
1.1074761932,2017-10-25,1.5824382978,5548.1633333333,0.0,0.2073882195449529
1.0664810001,2017-10-26,1.6518112327,5820.6041666667,0.0,0.2078920494863593
1.1279704333,2017-10-27,1.6438699634,5821.3645833333,0.0,0.21328145230774626
1.091770008,2017-10-28,1.6183589178,5743.9566666667,0.0,0.20817856212351515
1.1007801337,2017-10-29,1.6487469692,5882.1895833333,0.0,0.21098558738888806
1.1364600569,2017-10-30,1.7049519467,6126.30625,0.0,0.21800102545374236
1.1367907522,2017-10-31,1.7276360507,6250.795,0.0,0.2194830859626663
1.1612763582,2017-11-01,1.7797686273,6513.46875,0.0,0.22516455803555224
1.1828909969,2017-11-02,1.8726570358,6959.7204166667,0.0,0.23317648073919744
1.171711736,2017-11-03,1.9242415455,7233.1916666667,0.0,0.23540247409297566
1.1898937301,2017-11-04,1.9126693521,7246.2791666667,0.0,0.23640633020976687
1.2549841077,2017-11-05,1.9493776528,7460.2391666667,0.0,0.24499582450738755
1.1896077199,2017-11-06,1.8766219247,7227.6408333333,0.0,0.23407414934187565
1.1740682675,2017-11-07,1.8301211544,7105.3320833333,0.0,0.22961073637827978
1.1217637193,2017-11-08,1.8853781114,7378.3204166667,0.0,0.22812741514448215
1.1943937158,2017-11-09,1.8288522183,7233.26875,0.0,0.23147891591953373
1.1873415709,2017-11-10,1.7391003048,6925.3858333333,0.0,0.22506414533552083
1.2107082339,2017-11-11,1.6325184095,6534.4641666667,0.0,0.22049063656818563
1.483385796,2017-11-12,1.5047738396,6086.8579166667,0.0,0.23847420622837845
1.100979413,2017-11-13,1.5553566289,6338.4225,0.0,0.2050336355052339
1.0616559775,2017-11-14,1.6050434802,6574.0720833333,0.0,0.20443913340178002
1.0908847316,2017-11-15,1.6999973737,7043.24,0.0,0.21331334759177706
1.1674449662,2017-11-16,1.7795486359,7483.21875,0.0,0.2257420925494784
1.2053007347,2017-11-17,1.8304948177,7825.6575,0.0,0.2326299752606561
1.1699349915,2017-11-18,1.7894905215,7702.1166666667,0.0,0.22661654896775518
1.1837043446,2017-11-19,1.8073767548,7842.4145833333,0.0,0.2290806835500314
1.1945647797,2017-11-20,1.8492510959,8122.5595833333,0.0,0.23279955730974594
1.2074898859,2017-11-21,1.835670851,8165.9733333333,0.0,0.2331708638230205
1.1331943475,2017-11-22,1.8323661316,8210.9083333333,0.0,0.22583426152880437
1.1386893158,2017-11-23,1.8115403847,8171.4529166667,0.0,0.2250297280710686
1.2290303521,2017-11-24,1.7899071202,8170.6091666667,0.0,0.2323107223081946
1.2319158433,2017-11-25,1.8334966612,8477.4625,0.0,0.23537442359990585
1.2154037595,2017-11-26,1.9313694371,9063.8225,0.0,0.24004848866574952
1.2315174293,2017-11-27,2.0142025056,9618.9616666667,0.0,0.24688993667276793
1.2980027595,2017-11-28,2.017773661,9856.4783333333,0.0,0.25349453638424
1.2518594105,2017-11-29,2.082187176,10419.45625,0.0,0.25318754410561206
1.2050236799,2017-11-30,1.9630963763,9916.3166666667,0.0,0.2410815012962143
1.1878501221,2017-12-01,1.991273502,10198.2783333333,0.0,0.241236022643427
1.2171689578,2017-12-02,2.1097261152,10957.9808333333,0.0,0.2516213050818742
1.1906098003,2017-12-03,2.1537567084,11307.39,0.0,0.25188931829413097
1.2471788822,2017-12-04,2.1370722329,11387.9041666667,0.0,0.2562478239339949
1.1888463051,2017-12-05,2.1617417253,11690.7933333333,0.0,0.25223072546196534
1.2253019009,2017-12-06,2.2838352653,12667.9016666667,0.0,0.2635332470935391
1.494833264,2017-12-07,2.5228494309,15006.4641666667,0.0,0.3046643987517292
1.3580423047,2017-12-08,2.5514068706,15728.2283333333,0.0,0.29337133555054107
1.2659148207,2017-12-09,2.3993331753,15009.6666666667,0.0,0.2748127742992871
1.2518955243,2017-12-10,2.2658653726,14378.6579166667,0.0,0.2649347727307712
1.1534448529,2017-12-11,2.5328595146,16511.6479166667,0.0,0.27256357232877154
1.3914786872,2017-12-12,2.4996781758,16900.6629166667,0.0,0.2932706915533523
1.2950368336,2017-12-13,2.4124348451,16668.0358333333,0.0,0.2784433960327156
1.2312684797,2017-12-14,2.3432692192,16438.07125,0.0,0.26790547831374234
1.2125584357,2017-12-15,2.4490141028,17519.5158333333,0.0,0.27287206417075627
1.2032221729,2017-12-16,2.5154060837,18316.3229166667,0.0,0.27622154998606935
1.2624820486,2017-12-17,2.5955181749,19322.33125,0.0,0.287026962458353
1.2546758793,2017-12-18,2.4773949238,18722.4083333333,0.0,0.2787259094527649
1.2267625825,2017-12-19,2.3807681272,18192.45875,0.0,0.2698708943366328
1.367679337,2017-12-20,2.163338829,16806.27,0.0,0.26948381132851595
1.1527846546,2017-12-21,2.0736419205,16204.2754166667,0.0,0.24313943004733524
1.19791415,2017-12-22,1.7470316095,13645.015,0.0,0.22658520887746225
1.0394801999,2017-12-23,1.8586292497,14588.3458333333,0.0,0.21852578647399346
1.1313176312,2017-12-24,1.7002211678,13366.5229166667,0.0,0.21720537132355106
1.0235229357,2017-12-25,1.7479341639,13773.1220833333,0.0,0.20991793501047826
1.0933170044,2017-12-26,1.9110747408,15218.0645833333,0.0,0.2270421903807682
1.1708440498,2017-12-27,1.9367796797,15619.7520833333,0.0,0.2361209047574832
1.1424985876,2017-12-28,1.7524722379,14155.6695833333,0.0,0.22161843775766554
1.0735651141,2017-12-29,1.7847712422,14506.6083333333,0.0,0.21707246616815573
1.2099235647,2017-12-30,1.6042610739,13105.855,0.0,0.21860870406253327
1.023786894,2017-12-31,1.6276070169,13312.93875,0.0,0.2022499374846241
0.997875242,2018-01-01,1.640508505,13422.6083333333,0.0,0.20058975956215813
1.089706949,2018-01-02,1.6855093694,13887.6379166667,0.0,0.21227407822487224
1.042199231,2018-01-03,1.8070101283,14978.68875,0.0,0.21548620227461368
1.1436727909,2018-01-04,1.7712322211,14804.1941666667,0.0,0.22293049979182633
1.153006803,2018-01-05,1.8699248895,15865.4425,0.0,0.23013575447813484
1.1432508452,2018-01-06,1.9479080782,16707.3633333333,0.0,0.2341860922461217
1.2715492425,2018-01-07,1.9026487656,16533.31875,0.0,0.24359681524972798
1.108380946,2018-01-08,1.7640231131,15303.4866666667,0.0,0.21908491119898071
1.1114578016,2018-01-09,1.7093759017,14891.6275,0.0,0.2158860382654282
1.0888509776,2018-01-10,1.6286933693,14225.88,0.0,0.2085593626830758
1.0914732539,2018-01-11,1.5620474849,13674.5370833333,0.0,0.20454973861423556
1.0820284274,2018-01-12,1.5601124148,13706.1683333333,0.0,0.20352021116634583
1.0459032281,2018-01-13,1.620118782,14278.5670833333,0.0,0.20389223081921537
1.0800973754,2018-01-14,1.5514160374,13691.0704166667,0.0,0.20277899665130772
1.0219914586,2018-01-15,1.5656044625,13836.6333333333,0.0,0.19811351188777765
1.0793221522,2018-01-16,1.3719157475,12070.14375,0.0,0.19122800505862203
1.0376603278,2018-01-17,1.208157728,10581.78,0.0,0.17676229388546705
0.913723476,2018-01-18,1.3042317047,11417.2695833333,0.0,0.1710187831146107
0.9936725372,2018-01-19,1.3045217165,11419.93625,0.0,0.17870483596471978
0.9573699247,2018-01-20,1.4258098919,12507.2095833333,0.0,0.18297799319007774
1.0219650329,2018-01-21,1.3530162588,11855.8833333333,0.0,0.18451880393462414
1.0330032267,2018-01-22,1.2722452801,11131.6454166667,0.0,0.18041319704082648
0.9720001917,2018-01-23,1.2286692061,10725.2316666667,0.0,0.1717765968290943
0.9620578961,2018-01-24,1.2645873648,11039.67375,0.0,0.17311956756670305
0.9842551928,2018-01-25,1.2946542824,11308.13125,0.0,0.17717077555380062
1.0776681015,2018-01-26,1.2607716237,11034.16875,0.0,0.18396319254990434
1.0068513698,2018-01-27,1.2868840741,11271.3545833333,0.0,0.17884105976694664
1.1423877182,2018-01-28,1.3332037378,11734.5033333333,0.0,0.19480118932891646
1.0338665677,2018-01-29,1.289434104,11348.1925,0.0,0.181594991209728
0.967737671,2018-01-30,1.2193861352,10684.02125,0.0,0.17077427172608878
1.0083945133,2018-01-31,1.1522631087,10078.59125,0.0,0.17038184383298013
0.9836670382,2018-02-01,1.100401921,9590.1708333333,0.0,0.16469452700892842
0.9139715452,2018-02-02,1.0032161411,8666.5808333333,0.0,0.1517966530738933
0.9002816436,2018-02-03,1.0413230884,8981.5570833333,0.0,0.15292015362660888
1.0780908325,2018-02-04,1.0142369324,8753.1879166667,0.0,0.1682411368847661
0.9790699243,2018-02-05,0.8921563014,7612.5891666667,0.0,0.1509391176449305
0.9145572176,2018-02-06,0.8096630535,6862.3091666667,0.0,0.1394776895563025
0.7949726548,2018-02-07,0.9352754089,7905.3404166667,0.019663136663404572,0.05979835897884024
0.9109847908,2018-02-08,0.977293047,8244.09625,0.0,0.14985277324211033
0.9374161795,2018-02-09,0.984647969,8289.7091666667,0.0,0.15285792310915408
0.9619220116,2018-02-10,1.0267923727,8645.2175,0.0,0.15790272483706172
1.0180297074,2018-02-11,0.976054545,8213.7554166667,0.0,0.16003972464348826
0.9579107972,2018-02-12,1.0277276204,8657.35,0.0,0.15757782612021523
0.9572829616,2018-02-13,1.025762585,8631.87875,0.0,0.15739197583645495
0.9940028707,2018-02-14,1.0737407207,9053.30375,0.0,0.16398115714297565
1.046758862,2018-02-15,1.1595149368,9814.9541666667,0.0,0.17452483211903153
1.03156468,2018-02-16,1.1830103625,10029.0345833333,0.0,0.17456985327058738
1.019323041,2018-02-17,1.2599702796,10706.9166666667,0.0,0.17831637737596473
1.0734009632,2018-02-18,1.2577785586,10705.9533333333,0.0,0.18336258637789868
1.0703486711,2018-02-19,1.2750192307,10886.4383333333,0.0,0.18417216696134064
1.1025239362,2018-02-20,1.342697608,11517.855,0.0,0.19158506150978033
1.1088071455,2018-02-21,1.2577140936,10800.96625,0.0,0.1867540927379211
1.5269510342,2018-02-22,1.1815005759,10273.8295833333,0.0,0.22198332461756987
1.047814161,2018-02-23,1.1551071572,10027.4358333333,0.0,0.174344221934518
1.0004024688,2018-02-24,1.1444760976,9935.3025,0.0,0.1691174919716395
1.0075938317,2018-02-25,1.1069123573,9608.7870833333,0.0,0.16740548023536542
0.9754046071,2018-02-26,1.1430651495,9932.0820833333,0.0,0.166629862103149
0.9960616577,2018-02-27,1.2139934285,10569.6358333333,0.0,0.17314589066782096
1.0712438823,2018-02-28,1.2156431721,10609.5554166667,0.0,0.1804617169774757
1.0308275491,2018-03-01,1.2228949737,10685.0166666667,0.0,0.1770492464514019
1.0279607183,2018-03-02,1.2575869833,11007.9083333333,0.0,0.17899239342233597
1.0231144434,2018-03-03,1.2975686197,11375.2195833333,0.0,0.18108390283028547
1.11632087,2018-03-04,1.2832263649,11273.5766666667,0.0,0.1891058647710686
1.0935460459,2018-03-05,1.3079933697,11535.1195833333,0.0,0.1885051653283052
1.0831717736,2018-03-06,1.2507237395,11040.5641666667,0.0,0.18384859406325213
1.0016149872,2018-03-07,1.1799199643,10399.265,0.0,0.17149993992135407
1.0039581765,2018-03-08,1.1019365114,9696.3770833333,0.0,0.16673866409161114
0.8792825285,2018-03-09,1.0203823361,8923.1095833333,0.0,0.1495673534482185
0.9139636495,2018-03-10,1.0573215611,9238.3170833333,0.0,0.1552552141268465
1.0150147961,2018-03-11,1.0385836315,9080.8083333333,0.0,0.1637484788840338
0.94819508,2018-03-12,1.0801442023,9441.6829166667,0.0,0.15999738044835451
0.9942945805,2018-03-13,1.0482095179,9157.97375,0.0,0.16237675445590644
0.9550578426,2018-03-14,1.0066002765,8774.28375,0.0,0.15595340246347633
0.9810381166,2018-03-15,0.9344827021,8131.4829166667,0.0,0.15383408449866987
0.9113024418,2018-03-16,0.9565280612,8314.9791666667,0.0,0.14855559430345538
0.9562177228,2018-03-17,0.9316949082,8090.1879166667,0.0,0.1512754437974473
0.9573087802,2018-03-18,0.8882577666,7704.6604166667,0.0,0.14860285709248544
0.9109216402,2018-03-19,0.9639894728,8363.0041666667,0.0,0.14899613106862653
0.9481111991,2018-03-20,0.9968138933,8648.1479166667,0.0,0.15466147661279478
0.9772733834,2018-03-21,1.0357464828,8991.45375,0.0,0.1599474929710985
0.9816747599,2018-03-22,1.0145983362,8802.0966666667,0.0,0.15901746549905693
0.989495262,2018-03-23,0.9865104715,8554.5545833333,0.0,0.15797164688882082
1.0022664849,2018-03-24,1.0222182877,8871.5054166667,0.0,0.16147950782220744
0.9703301715,2018-03-25,0.985634917,8545.73,0.0,0.1560776398960021
0.9476996293,2018-03-26,0.9493635129,8214.0079166667,0.0,0.15158818755648334
0.9672634706,2018-03-27,0.9222893149,7971.5416666667,0.0,0.15173342370321924
0.9313043334,2018-03-28,0.9188360454,7932.95125,0.0,0.1480639741391272
0.9196240754,2018-03-29,0.8731061355,7515.79125,0.0,0.14401996322688387
0.9238611959,2018-03-30,0.8045444574,6903.95875,0.0,0.14004272130993126
0.9298395949,2018-03-31,0.8185677268,7021.4845833333,0.0,0.14151267995402333
0.9321461095,2018-04-01,0.7954539069,6814.5229166667,0.0,0.14025606633357793
0.9209983537,2018-04-02,0.8189722139,7011.60875,0.0,0.14069062272839786
0.9131190514,2018-04-03,0.8594410179,7355.4783333333,0.0,0.14252239765969216
0.9426330815,2018-04-04,0.8297402501,7091.2266666667,0.0,0.1434539721104962
0.9428022153,2018-04-05,0.7937875883,6775.0595833333,0.0,0.14117150079700344
0.9033208402,2018-04-06,0.7818191332,6661.2395833333,0.0,0.1366198189118667
0.9096687462,2018-04-07,0.8118429523,6914.5895833333,0.0,0.1391482363518876
0.9601746688,2018-04-08,0.8241424925,7019.77625,0.0,0.1447783953460559
0.9355120544,2018-04-09,0.8125363507,6911.5941666667,0.0,0.14167107101149903
0.9520599877,2018-04-10,0.8006441972,6805.87125,0.0,0.14249775544302049
0.9521477553,2018-04-11,0.8134776995,6910.655,0.0,0.14332670369483036
0.9280600524,2018-04-12,0.8667774549,7366.9320833333,0.0,0.14442438063537588
0.9832014848,2018-04-13,0.9403609816,8005.6016666667,0.0,0.15441739960015544
0.9908503812,2018-04-14,0.9425157863,8025.3595833333,0.0,0.15528873755719325
0.9990453476,2018-04-15,0.9674623152,8243.2695833333,0.0,0.15766967239537888
1.0121016727,2018-04-16,0.9501475517,8097.0925,0.0,0.15781479091150052
0.9981309839,2018-04-17,0.9461510875,8063.5791666667,0.0,0.15621941228532807
1.0073785616,2018-04-18,0.948231602,8085.5054166667,0.0,0.1572393218224959
1.1449881055,2018-04-19,0.9649756255,8245.8829166667,0.0,0.17150731428609325
1.0177715665,2018-04-20,0.9913822539,8475.0595833333,0.0,0.16099496972671798
1.0253131133,2018-04-21,1.0312134901,8822.7783333333,0.0,0.16426491643541924
1.0398528895,2018-04-22,1.0404072337,8910.7429166667,0.0,0.16624716989523391
1.0553206898,2018-04-23,1.0410251942,8928.9220833333,0.0,0.16777011877498432
1.0214158308,2018-04-24,1.0869556607,9343.5675,0.0,0.16745511437331043
1.0525446287,2018-04-25,1.0700062634,9205.13,0.0,0.16935683271847407
1.1100152211,2018-04-26,1.0333500591,8901.47375,0.0,0.172524872614385
0.9822613974,2018-04-27,1.0690435643,9210.4670833333,0.0,0.16255477141221342
1.0235924672,2018-04-28,1.0732048291,9254.8170833333,0.0,0.16678468272174862
1.0074290594,2018-04-29,1.0850604792,9363.38625,0.0,0.16599254228347632
1.0512819336,2018-04-30,1.0763063961,9297.2929166667,0.0,0.1696385432734569
1.0308503062,2018-05-01,1.0411572777,8996.5125,0.0,0.16543173290817517
1.0822337073,2018-05-02,1.0544013644,9131.23625,0.0,0.17120643755264237
1.0182262352,2018-05-03,1.0853325568,9407.9804166667,0.0,0.1670454405809117
1.0297265296,2018-05-04,1.1140933195,9673.0091666667,0.0,0.16998724198571513
1.0308626439,2018-05-05,1.1325211749,9843.6116666667,0.0,0.17127441596366014
1.0303785442,2018-05-06,1.1099124952,9651.3320833333,0.0,0.16978246558955312
1.0318207086,2018-05-07,1.0761423212,9361.0220833333,0.0,0.16776162512598713
1.0069379288,2018-05-08,1.0658220906,9272.91375,0.0,0.16471540267069795
1.0493068984,2018-05-09,1.0572990256,9209.005,0.0,0.16823386038782845
1.0289951358,2018-05-10,1.0644987825,9276.7858333333,0.0,0.16674619007567779
1.031043715,2018-05-11,0.999156309,8699.6508333333,0.0,0.1627648813190405
1.0059913981,2018-05-12,0.969783259,8443.3741666667,0.0,0.15848422632804812
0.9790633972,2018-05-13,0.9831559229,8563.3229166667,0.0,0.15675670091165148
1.2198416438,2018-05-14,0.9824047507,8594.86125,0.0,0.17980049845701987
1.0023867677,2018-05-15,0.9884300763,8643.8341666667,0.0,0.15933073912333434
0.9834261677,2018-05-16,0.9471379142,8274.78375,0.0,0.1548722420427216
1.1854322139,2018-05-17,0.9437168275,8274.895,0.0,0.17402688842686145
0.9748181494,2018-05-18,0.9272895935,8112.2308333333,0.0,0.15277765574193394
1.0039287916,2018-05-19,0.9439983747,8262.93875,0.0,0.1566378135206068
0.9961396441,2018-05-20,0.9561455745,8374.1708333333,0.0,0.15666744677777164
1.0137795663,2018-05-21,0.9663895107,8469.0908333333,0.0,0.15901416535228965
0.9938287403,2018-05-22,0.9400281775,8235.3795833333,0.0,0.1554153276020042
1.0008554439,2018-05-23,0.8891111055,7782.2133333333,0.0,0.15283375717882677
1.0145106917,2018-05-24,0.8621695664,7544.4075,0.0,0.15242081174261096
0.9524854529,2018-05-25,0.8568073582,7492.55625,0.0,0.14612944297771485
0.9547193543,2018-05-26,0.8574097487,7497.8554166667,0.0,0.14638219999225377
0.9605965193,2018-05-27,0.8388466175,7334.9245833333,0.0,0.14575898511452848
0.9248059032,2018-05-28,0.831102116,7258.9291666667,0.0,0.14183133063940218
0.9423032881,2018-05-29,0.8378763522,7314.7675,0.0,0.14394253825211928
0.9673237179,2018-05-30,0.8524950377,7442.0875,0.0,0.14727679074943806
0.9544958988,2018-05-31,0.8612023169,7516.7441666667,0.0,0.14660325353904946
0.9654969475,2018-06-01,0.858248868,7489.2379166667,0.0,0.14746947495757734
0.9818229214,2018-06-02,0.8721468694,7613.5916666667,0.0,0.14992380800952027
0.9979071934,2018-06-03,0.8820268676,7704.0533333333,0.0,0.15209806306442386
0.9863430705,2018-06-04,0.8685313656,7584.785,0.0,0.15012614953572412
0.9602678664,2018-06-05,0.8603129639,7509.6545833333,0.0,0.14709995155063518
0.9735662918,2018-06-06,0.8726379255,7617.995,0.0,0.14916335285861007
0.9766901456,2018-06-07,0.882700833,7706.55375,0.0,0.15010633429814976
0.9723525843,2018-06-08,0.8758590857,7643.7441666667,0.0,0.14925290243726946
0.9701432344,2018-06-09,0.87558623,7640.3154166667,0.0,0.14902356937804218
0.9597805282,2018-06-10,0.8179961316,7124.3033333333,0.0,0.1443476177020505
0.9346931218,2018-06-11,0.7781877699,6763.99875,0.0,0.13939639877780302
0.9248695971,2018-06-12,0.7782807809,6756.69375,0.0,0.1384602209726633
0.9124411905,2018-06-13,0.7444367324,6442.9683333333,0.0,0.13510440084659542
0.9294194457,2018-06-14,0.7531083905,6513.7616666667,0.0,0.13728713611740995
0.928285517,2018-06-15,0.7584634404,6554.9545833333,0.0,0.13752077059662532
0.9651959067,2018-06-16,0.7490223,6473.175,0.0,0.14045702484970707
0.9374817587,2018-06-17,0.7546295402,6520.8566666667,0.0,0.13815760900543267
0.939461537,2018-06-18,0.756960165,6538.4020833333,0.0,0.13849649183678076
0.9403674845,2018-06-19,0.7785158891,6723.9383333333,0.0,0.13996157706779705
0.9588380088,2018-06-20,0.7742186561,6685.2845833333,0.0,0.14145824111889704
1.0109595718,2018-06-21,0.7802523317,6739.0779166667,0.0,0.1468427297452279
0.9567722864,2018-06-22,0.7366490621,6351.45,0.0,0.13885805484221492
0.9430938469,2018-06-23,0.7117286621,6133.0633333333,0.0,0.1359528984011523
0.9189774048,2018-06-24,0.6998794432,6026.09125,0.0,0.13288241316112986
0.9200070972,2018-06-25,0.7217789776,6212.2645833333,0.0,0.134381348212602
0.9431140869,2018-06-26,0.7224699349,6215.11625,0.0,0.13664160031593933
0.6732783987,2018-06-27,0.7164879651,6111.73375,0.031334217838022725,0.04580982685245554
0.9112080359,2018-06-28,0.7156899922,6095.0041666667,0.0,0.1331481654909864
0.942263632,2018-06-29,0.6963879148,5925.6058333333,0.0,0.13489244098129427
0.9276272857,2018-06-30,0.7483782361,6369.8454166667,0.0,0.13681282896985053
0.8684827718,2018-07-01,0.7467641286,6341.5425,0.0,0.13103737690616352
0.9760054868,2018-07-02,0.7603742066,6457.9479166667,0.0,0.142219519722469
0.960828873,2018-07-03,0.777184413,6599.3620833333,0.0,0.14183879534979824
1.0059705496,2018-07-04,0.7739315922,6573.5291666667,0.0,0.14596013104490807
0.9703111766,2018-07-05,0.7756544039,6586.79875,0.0,0.142650371545754
0.9444730652,2018-07-06,0.7715467796,6547.285,0.0,0.1399097411824421
0.9709629696,2018-07-07,0.7753614621,6580.7441666667,0.0,0.14269415200697952
0.904763095,2018-07-08,0.7945183559,6739.3295833333,0.0,0.1375700838014527
0.9929739221,2018-07-09,0.7909081622,6709.35375,0.0,0.14579911487083097
0.9876870873,2018-07-10,0.7640637634,6478.0366666667,0.0,0.14357574083140487
0.9550290601,2018-07-11,0.7514240924,6366.3608333333,0.0,0.13963553648107757
0.9365333621,2018-07-12,0.7361557163,6231.09,0.0,0.13688549901251085
0.9206010589,2018-07-13,0.7387439813,6247.65125,0.0,0.13552299726442535
0.9541326289,2018-07-14,0.7389260379,6248.0470833333,0.0,0.13875048079192198
0.9784785892,2018-07-15,0.7493322877,6337.6420833333,0.0,0.14175071937942013
0.95961476,2018-07-16,0.7737117039,6545.4958333333,0.0,0.14150032258562548
0.9801423846,2018-07-17,0.814840077,6901.2229166667,0.0,0.14609863296045733
0.9667786394,2018-07-18,0.874899418,7417.56125,0.0,0.14865697562746674
1.0369800609,2018-07-19,0.8715432892,7395.4058333333,0.0,0.15517505966212675
1.0173847401,2018-07-20,0.8741477827,7422.0916666667,0.0,0.15346229400108058
1.0338203448,2018-07-21,0.864977225,7348.3975,0.0,0.15445221523137947
1.0232214936,2018-07-22,0.8762345543,7448.26375,0.0,0.15415548868220894
1.0151065556,2018-07-23,0.9031206184,7685.8108333333,0.0,0.15509623035122405
1.0126238897,2018-07-24,0.9483349963,8084.77125,0.0,0.15774898541886564
1.0387991717,2018-07-25,0.9667577031,8253.8345833333,0.0,0.16143721026245256
1.0316262124,2018-07-26,0.9588455077,8191.6866666667,0.0,0.16024340886132715
1.0401671166,2018-07-27,0.9382277582,8022.24875,0.0,0.15974429437754895
1.021653646,2018-07-28,0.9558160384,8179.5291666667,0.0,0.15909329634818714
1.0497341749,2018-07-29,0.9573527812,8201.3041666667,0.0,0.16188461214029143
1.0232518903,2018-07-30,0.9496766986,8139.6858333333,0.0,0.1588540471777896
1.0345791296,2018-07-31,0.9234560515,7916.8929166667,0.0,0.15826392561590497
1.0189251992,2018-08-01,0.8835399689,7574.2920833333,0.0,0.15421053639546556
0.978955827,2018-08-02,0.8855819842,7591.1029166667,0.0,0.15050783545458976
0.9805734311,2018-08-03,0.8641793684,7404.8258333333,0.0,0.14929456053480644
0.9494993881,2018-08-04,0.8463123062,7247.6170833333,0.0,0.1451720463213466
0.9895499175,2018-08-05,0.8181658993,7006.2983333333,0.0,0.14721350377825287
0.9317125259,2018-08-06,0.8178524636,6998.2554166667,0.0,0.14164657178270962
0.9612806732,2018-08-07,0.8176186675,6993.5216666667,0.0,0.14446735524569423
0.9807694174,2018-08-08,0.7548555491,6447.6933333333,0.0,0.14232355986408013
0.9157948668,2018-08-09,0.7510880338,6407.4225,0.0,0.13585129679946198
0.9607681405,2018-08-10,0.749696238,6391.3858333333,0.0,0.14007546949263938
0.9403911079,2018-08-11,0.7272122889,6196.0220833333,0.0,0.13668366329858767
0.9366085335,2018-08-12,0.7415471237,6318.1104166667,0.0,0.1372374167487386
0.9741454364,2018-08-13,0.7457015802,6352.7729166667,0.0,0.14110301338326708
0.9302371804,2018-08-14,0.7130255311,6060.8220833333,0.0,0.13480279791768945
0.9077779977,2018-08-15,0.7506555518,6376.6854166667,0.0,0.1350547879515962
0.9824141911,2018-08-16,0.7478025479,6350.5316666667,0.0,0.1420303566612599
0.994428149,2018-08-17,0.7629439817,6480.1558333333,0.0,0.14415064692640264
0.9709498287,2018-08-18,0.7603012173,6456.1166666667,0.0,0.1417299904106606
1.0339777205,2018-08-19,0.7555312658,6418.9341666667,0.0,0.14746970239935586
0.9807964528,2018-08-20,0.7604425341,6459.0975,0.0,0.14268336569268272
0.9966480117,2018-08-21,0.7557989511,6418.0533333333,0.0,0.14390671355379914
0.9846508046,2018-08-22,0.7752243076,6582.9291666667,0.0,0.143998113899731
1.0233998656,2018-08-23,0.7594711796,6447.1829166667,0.0,0.1467071386023614
0.9717405774,2018-08-24,0.7742238618,6571.885,0.0,0.14269599411083844
1.055791419,2018-08-25,0.7926052085,6732.525,0.0,0.1519321270017337
1.0563736441,2018-08-26,0.7873949578,6689.6666666667,0.0,0.151654839391094
1.0226290456,2018-08-27,0.7930461378,6739.2216666667,0.0,0.14877988287436258
1.0138457617,2018-08-28,0.8231877429,7001.1558333333,0.0,0.14986467518988345
1.044682161,2018-08-29,0.8303997319,7066.635,0.0,0.15328314871028548
1.0441358219,2018-08-30,0.8163284481,6943.73,0.0,0.15233108160370798
0.9853511134,2018-08-31,0.822113212,6994.2029166667,0.0,0.1470631955705246
1.0082081521,2018-09-01,0.8363095095,7119.3279166667,0.0,0.15016296209335972
1.0137070941,2018-09-02,0.8514399219,7253.0620833333,0.0,0.15165772543308773
1.0071990674,2018-09-03,0.8532458673,7271.9541666667,0.0,0.15114903954289644
1.0077931839,2018-09-04,0.8603470046,7336.6908333333,0.0,0.15166004105163802
0.9978236303,2018-09-05,0.8355550604,7120.5745833333,0.0,0.1491187981471574
1.0089961199,2018-09-06,0.7567073001,6439.55375,0.0,0.14514903499067555
0.9530784772,2018-09-07,0.7592337633,6457.7458333333,0.0,0.13994778998041849
0.9657390852,2018-09-08,0.7495697294,6374.575,0.0,0.14054411914663878
0.9696864758,2018-09-09,0.7417204338,6307.3520833333,0.0,0.14042083591398893
0.959928069,2018-09-10,0.7421767944,6309.0183333333,0.0,0.13951413458700046
0.9271180614,2018-09-11,0.7430543402,6309.5183333333,0.0,0.13642359987116126
0.9532305806,2018-09-12,0.7403562628,6283.7216666667,0.0,0.1387554136596712
0.9179760544,2018-09-13,0.7608600518,6450.37125,0.0,0.13668527339239575
0.9847550193,2018-09-14,0.7671186884,6500.2570833333,0.0,0.14348986261879093
0.9829140679,2018-09-15,0.7696190763,6522.66625,0.0,0.14347317265170678
0.9884008815,2018-09-16,0.7659272643,6492.7804166667,0.0,0.14376334319624723
0.9856107011,2018-09-17,0.7554266435,6402.6308333333,0.0,0.1428243767725557
0.9810412174,2018-09-18,0.7444951154,6309.1741666667,0.0,0.14168721559911823
0.9662308359,2018-09-19,0.748986468,6347.3304166667,0.0,0.14055398870235092
0.9572652503,2018-09-20,0.7586741994,6428.58125,0.0,0.14031354560167839
0.8961643567,2018-09-21,0.788182425,6672.2391666667,0.0,0.13634032418314004
0.9791504746,2018-09-22,0.7926423697,6709.4945833333,0.0,0.14458425725728294
1.0014560776,2018-09-23,0.7920684699,6707.1370833333,0.0,0.14668678170963087
0.9948388138,2018-09-24,0.7839808251,6639.3904166667,0.0,0.14553505661235094
0.9606252128,2018-09-25,0.7586555097,6417.49875,0.0,0.14063458767051562
0.9788328222,2018-09-26,0.7645334693,6467.2391666667,0.0,0.14275660441971005
0.9811909813,2018-09-27,0.7718720277,6530.6325,0.0,0.14345196624574355
0.9964604649,2018-09-28,0.7888633906,6677.6666666667,0.0,0.1460027557652085
0.9787010926,2018-09-29,0.7753441596,6561.37125,0.0,0.14343517001917502
0.9858681894,2018-09-30,0.7806065107,6607.6895833333,0.0,0.14445898705954865
0.9604079301,2018-10-01,0.7802620567,6602.0408333333,0.0,0.14199519901381408
0.979936755,2018-10-02,0.776437987,6567.9770833333,0.0,0.14362361179526228
0.9782495579,2018-10-03,0.7660436922,6477.4691666667,0.0,0.14279722505269618
0.9724246598,2018-10-04,0.777608944,6575.6220833333,0.0,0.14297803174964283
0.9866288105,2018-10-05,0.7781943619,6581.2970833333,0.0,0.14437770971733224
0.98985338,2018-10-06,0.7796115526,6594.055,0.0,0.14477757228340757
0.9883500379,2018-10-07,0.7769850358,6573.22,0.0,0.14446546370283514
0.9984056848,2018-10-08,0.782666736,6623.7629166667,0.0,0.1457931187560843
0.9899907906,2018-10-09,0.7833012033,6628.8141666667,0.0,0.14502665447612614
1.0037518769,2018-10-10,0.7759242698,6566.6533333333,0.0,0.1458747544503318
0.8445164971,2018-10-11,0.7441822034,6269.7379166667,0.0,0.12857381300307727
0.9762151814,2018-10-12,0.7434446399,6262.6358333333,0.0,0.14115721100786133
0.9697726994,2018-10-13,0.7431834826,6259.7020833333,0.0,0.14052264759546557
0.9632904169,2018-10-14,0.7483657253,6302.9720833333,0.0,0.14023229977702434
0.971445995,2018-10-15,0.7812305042,6583.52375,0.0,0.14311572331314604
0.9622755046,2018-10-16,0.7841527899,6603.8020833333,0.0,0.14242306902122853
0.9753347581,2018-10-17,0.7788264412,6556.5883333333,0.0,0.14333496724228517
0.9837750391,2018-10-18,0.777062059,6540.86625,0.0,0.14403162328959349
1.0278464643,2018-10-19,0.7688506572,6474.2329166667,0.0,0.14773328161582278
0.7133619306,2018-10-20,0.7742932013,6486.21625,0.027490008837838892,0.04950569892633987
0.9851061572,2018-10-21,0.7793091637,6528.835,0.0,0.14430295640503663
0.9852314815,2018-10-22,0.7751967491,6493.75875,0.0,0.14405204168936334
0.9804227904,2018-10-23,0.772814007,6472.50875,0.0,0.1434385199214288
0.9823805249,2018-10-24,0.7758481324,6497.9558333333,0.0,0.143820268101786
0.979126229,2018-10-25,0.7729121227,6471.90625,0.0,0.14332044645648784
0.9420454068,2018-10-26,0.7724998236,6462.5679166667,0.0,0.1397378511552294
0.9873980128,2018-10-27,0.7726188554,6464.48375,0.0,0.144095000919725
0.9847630165,2018-10-28,0.7727017056,6466.1891666667,0.0,0.14384758890206695
0.9923054773,2018-10-29,0.7636577734,6389.8675,0.0,0.14399270964638022
0.9832544861,2018-10-30,0.7547186238,6314.3304166667,0.0,0.1425531357034838
0.9684419405,2018-10-31,0.7553718879,6317.92375,0.0,0.14117430680951576
0.9531011531,2018-11-01,0.7595230019,6350.1429166667,0.0,0.1399684576531296
0.9906040114,2018-11-02,0.764929892,6396.2025,0.0,0.14391086562740696
0.9898733399,2018-11-03,0.7619073529,6371.6766666667,0.0,0.1436475396479525
0.9879126126,2018-11-04,0.7660597279,6408.2770833333,0.0,0.14372498506965176
0.9851060545,2018-11-05,0.76964243,6438.62,0.0,0.14368488816718727
0.9901532267,2018-11-06,0.7697933556,6440.5883333333,0.0,0.14417858662368405
0.9952609707,2018-11-07,0.7806838131,6533.53875,0.0,0.1453647437068256
1.0069065589,2018-11-08,0.7747339007,6484.69125,0.0,0.14610119586991333
1.006578046,2018-11-09,0.7659424871,6411.3641666667,0.0,0.14550759648775669
0.9931995236,2018-11-10,0.7647955996,6402.4570833333,0.0,0.14415120188357494
0.9941959031,2018-11-11,0.7628103667,6387.3858333333,0.0,0.14411983050269467
0.9926903228,2018-11-12,0.764444011,6402.1570833333,0.0,0.1440798876171813
0.9785675545,2018-11-13,0.7595560838,6358.9341666667,0.0,0.1424129266734853
1.0011607737,2018-11-14,0.730984745,6110.9858333333,0.0,0.1427529730076655
0.8873971181,2018-11-15,0.6733391641,5578.85625,0.0,0.1281568114013974
0.9243151053,2018-11-16,0.6757260718,5587.40875,0.0,0.13185003984263188
0.9514297492,2018-11-17,0.6723748464,5557.4841666667,0.0,0.1342362022644687
0.9609922656,2018-11-18,0.6776463188,5600.85375,0.0,0.13549033507968317
0.9204688897,2018-11-19,0.6365016091,5244.1925,0.0,0.12897328873015543
0.8999823534,2018-11-20,0.5632455836,4601.7666666667,0.0,0.12232478506065761
0.8838511815,2018-11-21,0.5538187067,4513.3083333333,0.0,0.1201750031228232
0.8698999666,2018-11-22,0.55466099,4512.0741666667,0.0,0.11889086535483784
0.892869466,2018-11-23,0.5303452846,4306.0533333333,0.030028140374849802,0.08563059876434015
0.882572903,2018-11-24,0.5259776992,4263.3145833333,0.03030738907222239,0.08464310743612316
0.8543240349,2018-11-25,0.4732275053,3823.7283333333,0.033680058770387086,0.08193390123977433
0.7852043821,2018-11-26,0.4854004275,3909.9725,0.05350172547032283,0.0
0.8187598993,2018-11-27,0.4683732025,3759.2604166667,0.051372248780405014,0.0
0.8469876003,2018-11-28,0.5131677154,4114.4929166667,0.031126416283347787,0.08123030086870572
1.0050923927,2018-11-29,0.531012664,4258.8916666667,0.029985470384217606,0.09639333259536541
0.9211371172,2018-11-30,0.5161205214,4115.4983333333,0.030937623814837847,0.08834160635289792
1.1893997643,2018-12-01,0.5187506278,4124.4866666667,0.030769463671672395,0.11406932128998805
0.9053804524,2018-12-02,0.5253013211,4174.2629166667,0.030350634409418622,0.08683046425124495
1.2226538188,2018-12-03,0.4988581442,3969.09625,0.03204132206116276,0.11725854962247198
1.4032170306,2018-12-04,0.4978602957,3948.01375,0.032105121132796295,0.13457545487012704
0.6241426619,2018-12-05,0.4961685509,3844.2475,0.06825986366518458,0.0
0.7412316647,2018-12-06,0.4866210656,3734.3154166667,0.05764088311139291,0.0
0.8705849139,2018-12-07,0.4432040329,3389.3975,0.03559965845544463,0.08349339997752653
0.8682117159,2018-12-08,0.4490734956,3430.7229166667,0.03522438478289045,0.08326579854924974
0.8950920672,2018-12-09,0.4629811054,3536.1708333333,0.03433517906290241,0.08584375721450306
0.8538498001,2018-12-10,0.4624336088,3526.2879166667,0.03437018415115229,0.08188841977644148
0.7338635908,2018-12-11,0.4505595302,3419.1025,0.06065317094067853,0.0
0.8586652945,2018-12-12,0.4553938445,3451.1829166667,0.03482028296561052,0.08235024951138095
0.9033373671,2018-12-13,0.4501591077,3407.33,0.03515497440232253,0.08663452226394709
0.8446740845,2018-12-14,0.4334991701,3273.7541666667,0.036220154690064274,0.08100842325865341
0.8641558381,2018-12-15,0.4275961982,3226.4066666667,0.03659757082798386,0.08287681980403079
0.8565898907,2018-12-16,0.4342286848,3274.1691666667,0.03617351197766552,0.08215120802005531
0.8699962526,2018-12-17,0.4505893991,3395.4045833333,0.03512746301973098,0.08343694444678225
0.803153092,2018-12-18,0.4734399092,3557.59125,0.05254507064830967,0.0
0.8927206634,2018-12-19,0.5062225373,3800.6879166667,0.03157046757481094,0.08561632785888208
0.940024163,2018-12-20,0.5311626228,3987.9670833333,0.02997588252371245,0.09015296747826933
0.9197275943,2018-12-21,0.5368449256,4026.3758333333,0.02961257522467793,0.08820642613395756
0.9849228948,2018-12-22,0.5226395582,3919.8670833333,0.030520818562552687,0.09445897796938574
0.9127701791,2018-12-23,0.5393523818,4044.8491666667,0.029452256922128234,0.08753917559833657
0.9412218334,2018-12-24,0.5582182107,4185.6933333333,0.0,0.1259584219145479
0.9665598547,2018-12-25,0.5097059509,3818.8345833333,0.031347749843817066,0.09269787158287103
0.9381106761,2018-12-26,0.5118651417,3834.08,0.031209698457740253,0.08996945461864744
0.9419509678,2018-12-27,0.5028788477,3764.1720833333,0.03178425182393364,0.0903377575903841
0.8580357075,2018-12-28,0.5037049907,3764.6708333333,0.031731431023545066,0.08228986900354955
0.8244581112,2018-12-29,0.5265825592,3927.84125,0.047104051893169935,0.0
0.9226262249,2018-12-30,0.5171179526,3855.4179166667,0.030873851423960545,0.08848441914785982
0.8942777401,2018-12-31,0.5126947035,3818.8483333333,0.031156659070796594,0.0857656592171828
0.9223639966,2019-01-01,0.5042655706,3754.83375,0.03169558943316694,0.08845927015666119
0.9459336307,2019-01-02,0.5225194934,3891.2658333333,0.030528495101401883,0.09071971466450307
0.9178296001,2019-01-03,0.5221408814,3885.80125,0.030552702277250036,0.08802439910090719
0.9651022352,2019-01-04,0.5157467299,3837.25875,0.030961522784154837,0.09255807866205949
0.9679820339,2019-01-05,0.5230551967,3892.35125,0.03049424403702586,0.0928342656035914
0.9099044602,2019-01-06,0.5291809138,3937.2070833333,0.030102586321380964,0.08726433897927664
0.9483270143,2019-01-07,0.5461331034,4062.6379166667,0.0,0.12586716286217756
0.9305216613,2019-01-08,0.5450548728,4051.6116666667,0.0,0.12409060299507547
0.9933158372,2019-01-09,0.5456926644,4057.0445833333,0.0,0.1301536533495083
0.8294006168,2019-01-10,0.5180175862,3838.7120833333,0.04717765667659243,0.0
0.7547329232,2019-01-11,0.5000325431,3674.4095833333,0.05548856093922882,0.0
0.9301203757,2019-01-12,0.4989694204,3665.5825,0.03203420743579137,0.08920314528272157
0.9413100681,2019-01-13,0.4930855999,3621.2625,0.03241039909771036,0.09027629213865938
0.9455640849,2019-01-14,0.4935774707,3623.41875,0.032378950535725606,0.09068427339416081
1.0102901998,2019-01-15,0.502105486,3678.68125,0.03183369796580481,0.09689182800951428
1.0080231587,2019-01-16,0.4995758917,3642.48,0.031995431703891804,0.09667440755309968
0.930963069,2019-01-17,0.4995488695,3640.425,0.03199715941233,0.08928396373894784
0.948743725,2019-01-18,0.5017831155,3655.5325,0.031854309249603946,0.09098921660925124
0.9174080447,2019-01-19,0.5098069365,3713.3258333333,0.03134129316474369,0.08798396985263639
0.9529492501,2019-01-20,0.500855968,3647.5179166667,0.03191358793746824,0.09139254727083694
0.9673563209,2019-01-21,0.4906390996,3572.3766666667,0.03256682008535645,0.09277425663152444
0.8202911377,2019-01-22,0.4937157073,3586.7875,0.04960508105738605,0.0
0.9406286278,2019-01-23,0.4946817565,3592.4191666667,0.03230834622168585,0.09021093864284263
0.9599197297,2019-01-24,0.4922321189,3574.2075,0.0324649677977253,0.09206105074704678
0.921227165,2019-01-25,0.4932453167,3580.0125,0.03240018734355703,0.08835024238237932
0.9185390157,2019-01-26,0.4967608717,3604.7995833333,0.032175414599722015,0.08809243556638618
0.9274987272,2019-01-27,0.4934887814,3580.4504166667,0.03238462103079959,0.08895171622242416
0.9225362112,2019-01-28,0.4780295481,3464.4466666667,0.03337303233041698,0.08847578638873711
0.9068950713,2019-01-29,0.4722571853,3419.1291666667,0.033742097762466006,0.08697572369648932
0.8893111178,2019-01-30,0.4774679566,3453.0229166667,0.033408938599091324,0.08528933556901211
0.9376291826,2019-01-31,0.477768576,3452.2195833333,0.033389718007353165,0.08992327701007623
0.9324834488,2019-02-01,0.4762256818,3438.8645833333,0.03348836546494695,0.08942977568300105
0.9443316573,2019-02-02,0.4795071881,3462.4108333333,0.0332785570065491,0.09056607749057093
0.9446189592,2019-02-03,0.4796877878,3463.4904166667,0.03326701007011807,0.09059363116404723
0.8924234417,2019-02-04,0.4772999252,3443.5608333333,0.033419681960759236,0.08558782282751308
0.9403006319,2019-02-05,0.4764735357,3436.455,0.033472518521527425,0.0901794822134554
0.9064395821,2019-02-06,0.4710683491,3394.48875,0.033818107944256465,0.0869320400289299
0.9071104738,2019-02-07,0.4706599039,3388.9566666667,0.03384422255441339,0.08699638186182335
0.9159522092,2019-02-08,0.4848520777,3490.7941666667,0.0329368227708773,0.08784434802625019
0.9579988583,2019-02-09,0.506179527,3645.0683333333,0.03157321750850396,0.09187682967734419
0.9816701967,2019-02-10,0.505573081,3641.3454166667,0.03161199162280676,0.09414702813068151
0.9588099748,2019-02-11,0.5037496494,3627.5095833333,0.03172857569670901,0.09195461976224181
0.9460456069,2019-02-12,0.5006583954,3603.47,0.03192622006394859,0.09073045373602301
0.8434593944,2019-02-13,0.5027354831,3610.5616666667,0.031793418073504706,0.08089192846905993
0.9680391456,2019-02-14,0.5011410197,3598.1666666667,0.03189536269202511,0.09283974289814975
0.9578229559,2019-02-15,0.5013093045,3598.5133333333,0.03188460312881483,0.09185995976700494
0.8915271425,2019-02-16,0.5046901993,3620.5004166667,0.03166844010453744,0.08550186330029144
0.9369257693,2019-02-17,0.5059102705,3628.9308333333,0.03159043286206845,0.08985581619486027
0.9302834872,2019-02-18,0.5303831689,3804.9945833333,0.0300257181803288,0.08921878848247497
0.9405281979,2019-02-19,0.5491893335,3938.8945833333,0.0,0.12531462284617098
1.0555555053,2019-02-20,0.549658981,3944.68375,0.0,0.13637633833848603
0.9553069824,2019-02-21,0.549949187,3942.8054166667,0.0,0.1267805638626035
0.9886089556,2019-02-22,0.5530284651,3964.89875,0.0,0.1301712665040054
0.9182462482,2019-02-23,0.5616273336,4024.8354166667,0.0,0.12397291746884173
0.9770638903,2019-02-24,0.561578321,4023.4104166667,0.0,0.1296106866132581
0.9880425478,2019-02-25,0.5345962031,3827.4770833333,0.02975635096604693,0.09475816812483336
0.97915012,2019-02-26,0.5340800369,3823.3241666667,0.02978935289406367,0.09390534030847407
0.9688236141,2019-02-27,0.5339960452,3822.2454166667,0.029794723040418476,0.09291497730802122
0.975265153,2019-02-28,0.5375495092,3843.6304166667,0.02956752652282768,0.09353275275446123
0.9833798594,2019-03-01,0.5377490479,3841.5008333333,0.029554768690536543,0.09431099324121656
0.981092036,2019-03-02,0.5369481582,3834.7004166667,0.029605974879994026,0.09409157965942311
0.9806248929,2019-03-03,0.5360061497,3827.9541666667,0.029666203730136002,0.09404677832520252
0.926865742,2019-03-04,0.5259781176,3753.185,0.030307362321135855,0.08889100981040204
0.9787793149,2019-03-05,0.531980416,3796.0975,0.029923595581407864,0.09386977826503214
0.9623700869,2019-03-06,0.5417455294,3865.7166666667,0.0,0.12693343629368556
0.9829274215,2019-03-07,0.5445358827,3885.99,0.0,0.12908339216792855
0.9643233157,2019-03-08,0.5464339993,3898.44875,0.0,0.127420525569456
0.9818932333,2019-03-09,0.5494134291,3920.2708333333,0.0,0.12929606228928262
0.9675912933,2019-03-10,0.5496014352,3921.8075,0.0,0.12793645596908834
0.9644703494,2019-03-11,0.5456489728,3892.0583333333,0.0,0.1273844348787655
0.9542104754,2019-03-12,0.5434996851,3874.91,0.0,0.12626304399192348
0.982540884,2019-03-13,0.5443049438,3880.5945833333,0.0,0.12903155585419818
0.9738539203,2019-03-14,0.5444595036,3881.0583333333,0.0,0.12820831509439395
0.9767859387,2019-03-15,0.5479285225,3905.8004166667,0.0,0.12871130754585114
0.927631148,2019-03-16,0.563449889,4014.8666666667,0.0,0.12498950383885818
1.0069087248,2019-03-17,0.5608150469,3997.0558333333,0.0,0.1324241527078135
0.977044833,2019-03-18,0.5603543389,3993.6179166667,0.0,0.1295306016316724
1.0020507736,2019-03-19,0.5610332538,3999.5225,0.0,0.1319722025698341
0.9854336077,2019-03-20,0.5639791063,4021.0591666667,0.0,0.13056688204098493
0.9775441237,2019-03-21,0.5652200637,4028.9820833333,0.0,0.12988958413228965
0.9842081633,2019-03-22,0.5615633295,4002.1108333333,0.0,0.13029489923026605
0.9773295885,2019-03-23,0.5616935506,4003.5254166667,0.0,0.1296435357774817
0.9808401393,2019-03-24,0.5604580077,3995.4020833333,0.0,0.1299012185148513
0.9744710973,2019-03-25,0.5571415228,3971.1704166667,0.0,0.12907835100751008
0.977647439,2019-03-26,0.5511457971,3927.3704166667,0.0,0.12899963138629203
0.982337753,2019-03-27,0.5634879083,4015.7325,0.0,0.13023856871481693
0.9911944169,2019-03-28,0.5656509254,4031.8979166667,0.0,0.13122626262305334
1.0252046891,2019-03-29,0.5722589633,4080.9645833333,0.0,0.13491051165673443
0.9917896478,2019-03-30,0.5760617374,4108.17,0.0,0.13194898045927067
0.9171389929,2019-03-31,0.5771127812,4112.7520833333,0.0,0.12485681356169333
0.9978007242,2019-04-01,0.5812610298,4143.3516666667,0.0,0.13285789766366463
1.0061970293,2019-04-02,0.6546188761,4681.2441666667,0.0,0.13835339843033778
1.0216469587,2019-04-03,0.704162448,5042.49,0.0,0.1430027721793738
1.0683760499,2019-04-04,0.6942493199,4975.49125,0.0,0.14685051117531758
0.9983207507,2019-04-05,0.6961550845,4989.6533333333,0.0,0.1402537095909864
1.0141729581,2019-04-06,0.7050805779,5055.50125,0.0,0.14234468068127187
1.0076078619,2019-04-07,0.7168229806,5142.4891666667,0.0,0.14246582515048722
1.0238011641,2019-04-08,0.7310108229,5249.2458333333,0.0,0.14492596578083844
1.047864039,2019-04-09,0.7270941865,5225.265,0.0,0.1469832979840084
1.0417182038,2019-04-10,0.7339024234,5279.27125,0.0,0.14682917771767748
1.0364241814,2019-04-11,0.7126637141,5127.09375,0.0,0.1449635232545748
1.0431329401,2019-04-12,0.7024759902,5056.6725,0.0,0.1449555576550187
1.0199987803,2019-04-13,0.7075917254,5094.8579166667,0.0,0.14306396016210282
0.9113708128,2019-04-14,0.7078865094,5090.1341666667,0.0,0.13266484819833807
0.9939276377,2019-04-15,0.7133649194,5129.3358333333,0.0,0.1409327271904663
1.0226405626,2019-04-16,0.7100283177,5108.40875,0.0,0.14347310765692423
1.0185393239,2019-04-17,0.7264988937,5231.1020833333,0.0,0.14413285172193843
1.0186364027,2019-04-18,0.7319174004,5272.3895833333,0.0,0.14448860312415335
1.11897126,2019-04-19,0.729360311,5267.1741666667,0.0,0.15394772060795098
1.0087054619,2019-04-20,0.7369271981,5323.0145833333,0.0,0.14385648636204004
0.999545343,2019-04-21,0.7331843298,5296.9820833333,0.0,0.14273867925445224
1.013354631,2019-04-22,0.7372846505,5329.4633333333,0.0,0.14432521898021222
1.0297728541,2019-04-23,0.7660340795,5543.3641666667,0.0,0.14773794943746377
0.9752272008,2019-04-24,0.7599429513,5492.8716666667,0.0,0.14211730523382154
1.0215631973,2019-04-25,0.7519056123,5434.6754166667,0.0,0.14604727613949334
0.9693800766,2019-04-26,0.7244047355,5229.2891666667,0.0,0.13928434329713346
0.9868563007,2019-04-27,0.7245941788,5230.7441666667,0.0,0.14097251200864294
1.0009008677,2019-04-28,0.7296406463,5269.0225,0.0,0.14264210959351817
0.9763861046,2019-04-29,0.7271366069,5249.9041666667,0.0,0.1401309226952085
1.0215448411,2019-04-30,0.7329271786,5295.1416666667,0.0,0.14483209857105817
0.8278466998,2019-05-01,0.7471439968,5380.435,0.01651035312185622,0.04776987024824989
0.9960115692,2019-05-02,0.7585845323,5463.6616666667,0.0,0.14402377624773277
1.0180833022,2019-05-03,0.7941633819,5727.7758333333,0.0,0.14841535641885517
1.0363395321,2019-05-04,0.7993189961,5768.45375,0.0,0.1504958517830145
1.0640520807,2019-05-05,0.80258076,5797.2329166667,0.0,0.15336216848201914
1.0688964034,2019-05-06,0.7922798198,5732.33125,0.0,0.1531681555779734
1.0078837414,2019-05-07,0.8195829334,5936.6945833333,0.0,0.14906240857344194
1.0582762189,2019-05-08,0.8148954161,5908.5766666667,0.0,0.15359559238913617
1.0129129873,2019-05-09,0.8392660468,6091.1845833333,0.0,0.1508032100988567
1.0116191577,2019-05-10,0.8695295896,6316.6758333333,0.0,0.15261407441742192
1.115142941,2019-05-11,0.9346382618,6816.61,0.0,0.1667053465308235
1.1374592074,2019-05-12,0.976373642,7141.73,0.0,0.1715140064917322
1.1681880243,2019-05-13,1.0072173726,7411.44,0.0,0.17643309627732628
1.1648408785,2019-05-14,1.0778571245,7977.7191666667,0.0,0.18062855620901958
1.2016492586,2019-05-15,1.0814403827,8046.6908333333,0.0,0.18438776340796295
1.203531186,2019-05-16,1.0650365502,7972.02125,0.0,0.1835194437650217
1.0749886999,2019-05-17,0.9714274693,7267.5554166667,0.0,0.16520653416415634
1.0230508433,2019-05-18,0.9788716002,7328.56125,0.0,0.16070138943523687
1.0495809291,2019-05-19,1.0588430856,7944.7491666667,0.0,0.16835886328249142
1.0723507844,2019-05-20,1.0507470775,7896.5745833333,0.0,0.17002497356209537
1.0690082127,2019-05-21,1.0561807088,7948.9916666667,0.0,0.17005181248157675
1.0558157531,2019-05-22,1.0466828489,7884.2333333333,0.0,0.16817932917705725
1.0387333044,2019-05-23,1.0223827216,7709.9404166667,0.0,0.16498736956119564
1.0526383303,2019-05-24,1.0558019024,7981.1054166667,0.0,0.1684576401734016
1.0855220575,2019-05-25,1.0622339376,8040.2145833333,0.0,0.17202259494889105
1.0802579489,2019-05-26,1.0722996538,8131.4091666667,0.0,0.17216130887830966
1.0704508689,2019-05-27,1.1534869427,8774.43,0.0,0.17641160314754
1.1323941736,2019-05-28,1.1442973968,8729.4816666667,0.0,0.18176472389032433
1.445608016,2019-05-29,1.1181029102,8647.8879166667,0.0,0.21012869359598862
1.074048752,2019-05-30,1.1148505675,8632.1158333333,0.0,0.1742863782595875
1.0699261903,2019-05-31,1.0771398459,8351.2683333333,0.0,0.17147990769564042
1.0388170887,2019-06-01,1.1006568386,8544.81,0.0,0.16999998824867285
1.0606716848,2019-06-02,1.1156335192,8672.6616666667,0.0,0.17305351063367508
1.1292589446,2019-06-03,1.0933006915,8522.8725,0.0,0.17820348237535796
0.9669380496,2019-06-04,1.0120530809,7848.44,0.0,0.1574414070299417
0.9848689412,2019-06-05,1.0052006694,7779.7908333333,0.0,0.15872294812992976
0.9953769826,2019-06-06,1.0028184655,7761.56,0.0,0.15957841119045285
1.0267597211,2019-06-07,1.0236870825,7933.68625,0.0,0.16392244013202362
1.0161148405,2019-06-08,1.0242982257,7942.0783333333,0.0,0.1629406178603064
1.0521985179,2019-06-09,1.0062410061,7806.5095833333,0.0,0.1652467032350934
1.0718119733,2019-06-10,1.0072328744,7827.9516666667,0.0,0.16719114735240326
1.0087941343,2019-06-11,1.0160482297,7900.7975,0.0,0.1617110489681617
1.0381372869,2019-06-12,1.033069103,8044.8570833333,0.0,0.16561345976193845
1.0283115965,2019-06-13,1.0480322011,8170.4491666667,0.0,0.1656278175317038
1.0790030953,2019-06-14,1.0689949492,8355.6904166667,0.0,0.17182967053082798
1.0270686455,2019-06-15,1.1154932466,8727.2083333333,0.0,0.16982184437495593
1.0778458678,2019-06-16,1.1594156992,9094.0166666667,0.0,0.17749988484307577
1.0941087303,2019-06-17,1.1736026324,9235.7575,0.0,0.17996663852551636
1.0697493701,2019-06-18,1.1612058884,9153.3691666667,0.0,0.17683784932755792
1.0881419302,2019-06-19,1.1586038813,9154.8883333333,0.0,0.17843542325952472
1.0663825441,2019-06-20,1.1815590498,9359.12125,0.0,0.1778162666347945
1.0826631771,2019-06-21,1.2356192715,9819.6554166667,0.0,0.18283408834146914
1.0988416174,2019-06-22,1.3419589196,10728.1179166667,0.0,0.19118467967276342
1.1307880341,2019-06-23,1.3426111856,10762.4183333333,0.0,0.19429020276216563
1.1480580892,2019-06-24,1.3491621756,10860.7341666667,0.0,0.1963653347124974
1.1184761568,2019-06-25,1.3997347707,11326.8075,0.0,0.19676172242176357
1.2239455191,2019-06-26,1.5442041929,12686.2379166667,0.0,0.21611364419804066
1.2311339305,2019-06-27,1.4322316241,11808.4070833333,0.0,0.20964389956536095
1.2053938217,2019-06-28,1.4121765705,11723.5620833333,0.0,0.2058930432289329
1.1187277729,2019-06-29,1.4238155112,11850.7845833333,0.0,0.19832549507716185
1.2515237127,2019-06-30,1.380793752,11536.2495833333,0.0,0.20831061628234793
1.0974081655,2019-07-01,1.2815180251,10704.7470833333,0.0,0.18718281735751457
1.0652715316,2019-07-02,1.2346098503,10326.7458333333,0.0,0.18110160451144225
1.0351748982,2019-07-03,1.3529647831,11358.4545833333,0.0,0.18578240418250186
1.1545851585,2019-07-04,1.3930322222,11749.7258333333,0.0,0.1997962159418039
1.0755308417,2019-07-05,1.3201907825,11141.555,0.0,0.187557279610281
1.036560474,2019-07-06,1.3522184603,11426.0916666667,0.0,0.1858675703903961
1.0685066205,2019-07-07,1.3384270413,11323.45375,0.0,0.18804958700388433
1.0730195776,2019-07-08,1.3912198492,11816.3433333333,0.0,0.19185779620888954
1.0988839488,2019-07-09,1.4668613897,12513.535,0.0,0.19917458264214916
1.2086009072,2019-07-10,1.4699574966,12643.1208333333,0.0,0.20989493636163803
1.1330947023,2019-07-11,1.3452023537,11580.7625,0.0,0.19467709421293827
1.0956345668,2019-07-12,1.3424636396,11588.2579166667,0.0,0.1909093777516724
1.0436587352,2019-07-13,1.3214168274,11414.50375,0.0,0.18457897610813928
1.0354772334,2019-07-14,1.2547112334,10833.3291666667,0.0,0.17952939864314751
1.0485844778,2019-07-15,1.2069861554,10430.2075,0.0,0.17773506750625917
1.0264625885,2019-07-16,1.1964888913,10338.8295833333,0.0,0.17494230918227321
1.1220021369,2019-07-17,1.1076918454,9582.4929166667,0.0,0.1784276405187341
1.0394287986,2019-07-18,1.1604984511,10064.48375,0.0,0.17388472536873412
1.015312329,2019-07-19,1.2055262918,10469.6775,0.0,0.17445076508015842
1.0504899277,2019-07-20,1.2286024191,10680.5775,0.0,0.1792998806600015
1.1003494402,2019-07-21,1.2143751625,10571.235,0.0,0.18317201170136604
1.0238437783,2019-07-22,1.1986303131,10438.1129166667,0.0,0.17482806762506203
1.0227180095,2019-07-23,1.1558985533,10065.165,0.0,0.17198797605707516
1.2030391195,2019-07-24,1.1121650758,9711.25375,0.0,0.18648549131824693
1.0146591401,2019-07-25,1.1489947981,10029.4525,0.0,0.17077368776406368
1.0458896462,2019-07-26,1.1201526301,9784.9075,0.0,0.17192477673342102
1.0072965541,2019-07-27,1.1130493796,9724.5716666667,0.0,0.1677693503749589
1.0191512002,2019-07-28,1.086603265,9496.9745833333,0.0,0.16721539410182934
1.6204127751,2019-07-29,1.0755479354,9541.69125,0.0,0.22417251300938423
1.0109045118,2019-07-30,1.0813682292,9540.88625,0.0,0.16608978533460172
0.9976120864,2019-07-31,1.1171674306,9866.7558333333,0.0,0.16710385632245703
1.0248392369,2019-08-01,1.1417683677,10096.0020833333,0.0,0.17128797579147959
1.0222119352,2019-08-02,1.183145364,10477.5533333333,0.0,0.1736815103178957
1.0394764332,2019-08-03,1.2167823478,10790.2558333333,0.0,0.17748789651371694
1.057585025,2019-08-04,1.2188248891,10820.6345833333,0.0,0.17935519325952476
1.0921120669,2019-08-05,1.310044765,11692.815,0.0,0.18849879895332985
1.1589763231,2019-08-06,1.3122393349,11757.6,0.0,0.19505172530316695
1.1231916377,2019-08-07,1.305048815,11723.1183333333,0.0,0.19116005932881333
1.1262325086,2019-08-08,1.3106242306,11808.0725,0.0,0.19180816718267824
1.0687921109,2019-08-09,1.310515019,11826.4675,0.0,0.18629236626703483
1.0612755194,2019-08-10,1.2824988784,11582.1583333333,0.0,0.18378023030615753
1.0856860924,2019-08-11,1.2602274229,11393.65625,0.0,0.1846973631758631
1.0531361346,2019-08-12,1.2593904867,11400.4195833333,0.0,0.1815221503187984
1.0962332091,2019-08-13,1.2282953903,11138.4704166667,0.0,0.18366725724851443
1.1070837388,2019-08-14,1.1499406037,10437.3783333333,0.0,0.1796981356226005
1.0022746042,2019-08-15,1.105438824,10029.95875,0.0,0.16680112724889254
0.9935257889,2019-08-16,1.1279970105,10241.4741666667,0.0,0.16740436703467793
0.986873493,2019-08-17,1.1342896406,10299.8870833333,0.0,0.1671687085199193
1.0130409008,2019-08-18,1.1333683782,10297.3704166667,0.0,0.16961938996223586
0.9880735098,2019-08-19,1.1689013086,10629.04625,0.0,0.1694967495229024
1.0613435688,2019-08-20,1.1816644499,10762.1666666667,0.0,0.17733974290332985
1.0478622308,2019-08-21,1.1181789211,10183.88,0.0,0.17198776505020774
0.9954896076,2019-08-22,1.1032826196,10047.9879166667,0.0,0.16601255206423554
1.1660664173,2019-08-23,1.1237048046,10274.7495833333,0.0,0.1836774376609311
1.0210297867,2019-08-24,1.1109628616,10160.6745833333,0.0,0.1689530303867688
1.0244330385,2019-08-25,1.1047689575,10110.2833333333,0.0,0.16888340170736066
1.0147639246,2019-08-26,1.1297106335,10349.0170833333,0.0,0.16955077259409956
1.0615873747,2019-08-27,1.1108455367,10184.7195833333,0.0,0.17283520235319833
1.0338033053,2019-08-28,1.0958199838,10049.0408333333,0.0,0.1692098894157301
1.0033872062,2019-08-29,1.0394548221,9525.27,0.0,0.16268903648377225
0.9875018188,2019-08-30,1.0416173814,9547.3316666667,0.0,0.16130381600461516
0.9814940205,2019-08-31,1.0487995421,9615.9466666667,0.0,0.16118684158798835
1.0240072412,2019-09-01,1.0516801185,9649.0370833333,0.0,0.1654482441148319
0.9852586693,2019-09-02,1.0851004885,9963.1679166667,0.0,0.16386885025707815
1.0078894878,2019-09-03,1.144561763,10528.2079166667,0.0,0.16984101128869528
1.0372251716,2019-09-04,1.147332415,10564.5833333333,0.0,0.172831594642463
1.047681314,2019-09-05,1.1464994356,10568.24875,0.0,0.17378113252779556
1.3981945744,2019-09-06,1.1478162407,10649.55875,0.0,0.2074812802516724
1.0491429098,2019-09-07,1.1239891996,10429.9445833333,0.0,0.17248207813593486
1.0342226948,2019-09-08,1.1273309716,10469.5720833333,0.0,0.17126481735221044
1.0305477241,2019-09-09,1.1095403087,10311.2358333333,0.0,0.1697748944278628
1.0123539365,2019-09-10,1.1006600929,10232.4883333333,0.0,0.1674622491099492
1.1212082955,2019-09-11,1.0803861412,10073.5754166667,0.0,0.17660567245967868
1.0038299171,2019-09-12,1.0976576065,10238.11,0.0,0.16645278461571816
1.0299152301,2019-09-13,1.1061384909,10326.1241666667,0.0,0.16949673435393664
1.0262705692,2019-09-14,1.1081697979,10352.1345833333,0.0,0.16927706827040206
1.0237945838,2019-09-15,1.1053389753,10331.2970833333,0.0,0.16885861576114186
1.0120364834,2019-09-16,1.0989947154,10276.15,0.0,0.16732532516005083
1.0234070101,2019-09-17,1.093213236,10229.0258333333,0.0,0.16804616660319383
1.0694743158,2019-09-18,1.0890694956,10203.79625,0.0,0.1721993123100493
1.0083723546,2019-09-19,1.0680655953,10006.8525,0.0,0.1649964133337558
0.9968828345,2019-09-20,1.0859708042,10180.15875,0.0,0.16503931025787028
1.0185715858,2019-09-21,1.0717250307,10050.4758333333,0.0,0.16620854203277835
1.0052356415,2019-09-22,1.0655670395,9997.1725,0.0,0.16453583778936634
0.9991261144,2019-09-23,1.0543188659,9891.9383333333,0.0,0.163230733588776
1.0658731431,2019-09-24,1.0031782884,9408.0141666667,0.0,0.16636234758702584
1.0035842082,2019-09-25,0.9055391479,8454.5029166667,0.0,0.1541458128640801
0.9323123357,2019-09-26,0.8875866809,8258.8758333333,0.0,0.14616266744996415
1.001045345,2019-09-27,0.8658640759,8054.8779166667,0.0,0.15136563287348978
0.9406243546,2019-09-28,0.8800328132,8182.55,0.0,0.1464768623275714
0.9806361606,2019-09-29,0.8703261423,8091.3645833333,0.0,0.14969358062067856
0.9605124905,2019-09-30,0.8712202952,8097.7358333333,0.0,0.14782079023171574
0.9298208708,2019-10-01,0.9013814376,8373.4383333333,0.0,0.1468057139138604
0.9860775523,2019-10-02,0.8902463469,8269.5566666667,0.0,0.1514890677798132
0.9684652939,2019-10-03,0.8893554181,8259.2508333333,0.0,0.14974300208620683
0.9821380488,2019-10-04,0.8787303387,8159.9454166667,0.0,0.15037495513537888
0.9882664291,2019-10-05,0.8760520158,8136.70125,0.0,0.1507914541791526
0.9724714263,2019-10-06,0.861252139,7999.1875,0.0,0.1483303810074593
0.9691825691,2019-10-07,0.8677444109,8060.1258333333,0.0,0.1484300573269302
0.9804896521,2019-10-08,0.8849684603,8221.0791666667,0.0,0.15061571021804065
0.9719130372,2019-10-09,0.8992447314,8355.455,0.0,0.15070594710269916
0.973905687,2019-10-10,0.9222304817,8571.64,0.0,0.15236668351803317
0.9993035662,2019-10-11,0.9053424836,8414.2616666667,0.0,0.1537227040673472
1.0132843484,2019-10-12,0.8989552424,8357.6816666667,0.0,0.15465515155686746
0.9813229667,2019-10-13,0.9020524899,8388.2633333333,0.0,0.15178792451212225
1.2701857034,2019-10-14,0.8918723624,8325.28125,0.0,0.1788404068908235
0.9576605187,2019-10-15,0.8887918716,8278.5625,0.0,0.1486707394291242
0.9757768783,2019-10-16,0.8681392852,8079.2508333333,0.0,0.14908773113341356
0.9821595575,2019-10-17,0.8657128777,8054.9975,0.0,0.14954472532174712
0.9778839501,2019-10-18,0.8586307616,7986.3904166667,0.0,0.14868186677501868
0.9978272076,2019-10-19,0.8590641781,7991.6895833333,0.0,0.15062223501839786
0.9873001871,2019-10-20,0.8654092171,8053.6079166667,0.0,0.15001832209497085
0.9528530639,2019-10-21,0.8860560302,8241.6095833333,0.0,0.14803476024872067
0.9936274079,2019-10-22,0.8839924424,8217.7841666667,0.0,0.15181328269438799
0.961816152,2019-10-23,0.8347071623,7747.05625,0.0,0.14561129110302495
0.9245944923,2019-10-24,0.80551541,7461.19,0.0,0.1401751275006591
0.9473775475,2019-10-25,0.853763626,7917.3308333333,0.0,0.14544496359790016
0.9522581119,2019-10-26,1.0037179184,9335.8125,0.0,0.15550060617213424
1.0484250715,2019-10-27,1.0109807637,9413.1966666667,0.0,0.16518785519240922
1.0718290279,2019-10-28,1.0157163351,9478.03125,0.0,0.16773518687179945
1.0735853717,2019-10-29,1.0046377637,9386.0845833333,0.0,0.16719530239586758
1.03352885,2019-10-30,0.9842976045,9198.6733333333,0.0,0.16205320254821404
1.0146179743,2019-10-31,0.9819044024,9179.49375,0.0,0.16008654273726347
1.0596453461,2019-11-01,0.979756707,9170.8804166667,0.0,0.16426757403182932
1.0129933317,2019-11-02,0.9938602907,9300.1291666667,0.0,0.1606951506969586
1.0037095264,2019-11-03,0.9877884261,9245.0270833333,0.0,0.15941657327401884
1.0138266691,2019-11-04,0.9903804576,9275.4120833333,0.0,0.16055258307020626
0.8941999596,2019-11-05,1.0024940042,9354.6033333333,0.0,0.149854289205213
1.0058969464,2019-11-06,1.0020763197,9346.53,0.0,0.16053987745815873
1.0288799333,2019-11-07,0.9913317185,9246.6958333333,0.0,0.16205708599206547
1.0059472614,2019-11-08,0.9636601241,8983.6395833333,0.0,0.1580885007817008
0.9980338966,2019-11-09,0.9459811208,8819.0525,0.0,0.1561992340347422
0.9982466927,2019-11-10,0.9551312723,8909.0625,0.0,0.15680467209617846
1.0096699213,2019-11-11,0.9440266885,8807.65125,0.0,0.15719022654887313
0.9864172474,2019-11-12,0.9375097615,8746.5254166667,0.0,0.15454350973341505
1.1342847237,2019-11-13,0.9372746271,8761.2766666667,0.0,0.16870969850122106
0.9943703175,2019-11-14,0.9283975031,8671.3825,0.0,0.15472364139380212
1.0031441759,2019-11-15,0.9150995181,8547.7091666667,0.0,0.15471486945422358
0.9881962446,2019-11-16,0.9086017579,8487.7566666667,0.0,0.15286584399782394
0.9911686543,2019-11-17,0.9135195416,8536.8370833333,0.0,0.1534653393156165
0.9891611612,2019-11-18,0.8992870858,8400.9854166667,0.0,0.1523628355174533
1.0011291342,2019-11-19,0.8705759446,8128.23125,0.0,0.1516749296840562
0.9647462076,2019-11-20,0.8693783907,8114.44,0.0,0.14810905947666717
0.9633763784,2019-11-21,0.8427949424,7856.8333333333,0.0,0.14627802994739203
0.970337348,2019-11-22,0.7912700173,7355.44875,0.0,0.14365129122889556
0.9146478099,2019-11-23,0.7824235849,7259.4029166667,0.0,0.1377447779454566
1.0246382357,2019-11-24,0.7712904466,7156.0516666667,0.0,0.14758158853746375
0.9428700943,2019-11-25,0.75436909,6985.8433333333,0.0,0.13865772473685697
0.9096170514,2019-11-26,0.7735702623,7154.5416666667,0.0,0.13669625169560903
0.9315593884,2019-11-27,0.7870931491,7272.2658333333,0.0,0.1396652381887999
0.9574734094,2019-11-28,0.8151397655,7531.9633333333,0.0,0.1439437271697624
0.9715719328,2019-11-29,0.8260237353,7633.6745833333,0.0,0.14599172967256016
0.9518683813,2019-11-30,0.8297001825,7664.3404166667,0.0,0.14433712126045584
0.9923167245,2019-12-01,0.7977090611,7366.9920833333,0.0,0.14617091293532058
0.9539553214,2019-12-02,0.7937964299,7327.02875,0.0,0.14224170414790016
0.9468218108,2019-12-03,0.7950100438,7333.0875,0.0,0.14163515957674488
0.988594053,2019-12-04,0.789488321,7281.5620833333,0.0,0.14528828389387238
0.9475089091,2019-12-05,0.7963756708,7342.1279166667,0.0,0.14178836929273803
0.9468306855,2019-12-06,0.8054054964,7420.755,0.0,0.1423006609244164
0.9881367989,2019-12-07,0.8186100436,7544.89875,0.0,0.14710637580424601
0.9909870873,2019-12-08,0.8154469084,7517.9425,0.0,0.14717749235300104
0.9922310339,2019-12-09,0.8106225901,7473.8454166667,0.0,0.14698834232527425
0.9921171223,2019-12-10,0.7926744824,7306.4341666667,0.0,0.14582987609484832
0.9654732672,2019-12-11,0.7846726494,7229.6516666667,0.0,0.14276298833889703
0.9723940523,2019-12-12,0.7804920402,7188.7066666667,0.0,0.14315943179770887
0.9794804369,2019-12-13,0.786257878,7242.385,0.0,0.14420769938232403
0.9683527191,2019-12-14,0.7792680291,7177.4620833333,0.0,0.1426935888051786
0.9974990942,2019-12-15,0.7717759223,7109.7795833333,0.0,0.14500985029264385
0.959488585,2019-12-16,0.7663422811,7056.5783333333,0.0,0.14101704571051862
0.9810311482,2019-12-17,0.7396279657,6804.22,0.0,0.14137506075719625
0.8882790971,2019-12-18,0.7407972934,6805.9791666667,0.0,0.13255444309155434
0.9526008388,2019-12-19,0.7789553776,7155.7533333333,0.0,0.1411629156770647
1.0027521581,2019-12-20,0.7804215382,7170.40875,0.0,0.14606641666338815
0.9904174474,2019-12-21,0.7803824699,7168.265,0.0,0.14488095899264686
0.9778716601,2019-12-22,0.7893076403,7253.1875,0.0,0.14424840125639068
0.9803350767,2019-12-23,0.816469302,7506.0083333333,0.0,0.14622128024420716
1.0274427271,2019-12-24,0.7949462115,7309.11625,0.0,0.1493630230548154
0.8954255494,2019-12-25,0.7873695565,7227.4620833333,0.0,0.1362174968346555
0.9842960291,2019-12-26,0.7885271839,7235.6195833333,0.0,0.1448146302713929
0.9739226788,2019-12-27,0.7857221348,7207.965,0.0,0.14364042927117024
0.9787740875,2019-12-28,0.7977978115,7320.1320833333,0.0,0.14487778145396055
0.9998433138,2019-12-29,0.8033482737,7374.0245833333,0.0,0.14725330233960843
0.9519222104,2019-12-30,0.7976526269,7312.9525,0.0,0.14229327099110747
0.9881647037,2019-12-31,0.7876748029,7220.4641666667,0.0,0.14513115693392767
0.9920228684,2020-01-01,0.7875137959,7221.0495833333,0.0,0.14549087976958602
1.0089050032,2020-01-02,0.77435371,7101.5341666667,0.0,0.1462685484518667
0.9798608355,2020-01-03,0.7896228192,7243.8570833333,0.0,0.14445932449471083
0.9638651978,2020-01-04,0.7992934572,7333.2854166667,0.0,0.14354357172596324
0.9947550901,2020-01-05,0.8105881941,7439.7245833333,0.0,0.14722821263684802
1.0003187578,2020-01-06,0.8220634088,7549.8770833333,0.0,0.14849548246374233
0.9836656802,2020-01-07,0.8629633431,7931.7933333333,0.0,0.1495133739594261
1.0206043872,2020-01-08,0.8952989051,8236.8816666667,0.0,0.15512340559976387
1.0737510418,2020-01-09,0.8573307936,7892.6941666667,0.0,0.15779287954343746
1.007488524,2020-01-10,0.85742328,7896.50125,0.0,0.1514438895583321
0.9954821528,2020-01-11,0.8805558502,8113.3183333333,0.0,0.1517714377772112
1.0232565494,2020-01-12,0.8804643191,8117.0029166667,0.0,0.15442928761933344
1.027701865,2020-01-13,0.8789251895,8107.9504166667,0.0,0.15475720861434764
0.9986080798,2020-01-14,0.9282466227,8585.5320833333,0.0,0.1551204169778389
1.0290275947,2020-01-15,0.9443669459,8745.4675,0.0,0.1590684781011822
1.0396162192,2020-01-16,0.9365462464,8679.7079166667,0.0,0.15958395039165446
1.0124137621,2020-01-17,0.9536655419,8849.2404166667,0.0,0.15806965027116873
1.0305072325,2020-01-18,0.9575959285,8891.1225,0.0,0.16005619926880138
1.0269470291,2020-01-19,0.9528195542,8849.8083333333,0.0,0.15940937286806606
1.0216233525,2020-01-20,0.9306845667,8645.8375,0.0,0.1574835694116739
1.0134788588,2020-01-21,0.9307630913,8650.98875,0.0,0.15670749277389032
1.0080503403,2020-01-22,0.9328337451,8674.2695833333,0.0,0.15631926162371695
1.0316338314,2020-01-23,0.9076361345,8441.0091666667,0.0,0.15696998474794202
1.0348286612,2020-01-24,0.9022904803,8394.4970833333,0.0,0.15693460160878492
1.0201811095,2020-01-25,0.8950608821,8328.0354166667,0.0,0.15506759278561202
1.0011755973,2020-01-26,0.9074443041,8447.9433333333,0.0,0.15403662443302796
1.0057924158,2020-01-27,0.9375497744,8735.8708333333,0.0,0.1564042425208758
1.0150079136,2020-01-28,0.9704509933,9052.4525,0.0,0.15939164745043494
1.0956413589,2020-01-29,0.9986634399,9335.3041666667,0.0,0.1689286025400314
1.068091805,2020-01-30,1.0016042667,9377.9841666667,0.0,0.1664744905937468
1.064897994,2020-01-31,0.9959664587,9343.5245833333,0.0,0.16580772586783143
1.0234216156,2020-02-01,0.9990908185,9378.02625,0.0,0.16202969703853237
1.0002533085,2020-02-02,0.9998444803,9386.1595833333,0.0,0.15985592837196083
1.0286159714,2020-02-03,0.9943574231,9337.0366666667,0.0,0.16222522409947093
1.0286173065,2020-02-04,0.9814406891,9208.9454166667,0.0,0.16139949968286205
1.0214252043,2020-02-05,1.0020507328,9411.8458333333,0.0,0.16202747826799432
1.0443508987,2020-02-06,1.0292382319,9693.0195833333,0.0,0.16596444287888357
1.1582860164,2020-02-07,1.0353310117,9772.1020833333,0.0,0.17728093611256018
1.0459163395,2020-02-08,1.0387339711,9812.0333333333,0.0,0.1667217019718622
1.0519088938,2020-02-09,1.0652726768,10075.2158333333,0.0,0.16899321301546855
1.1323823249,2020-02-10,1.044997609,9907.6083333333,0.0,0.17541469362106263
1.0548472816,2020-02-11,1.0498567749,9966.3345833333,0.0,0.16828937810565536
1.0318249452,2020-02-12,1.0877860247,10342.2829166667,0.0,0.16850649061448214
1.0667861493,2020-02-13,1.0797775817,10278.5829166667,0.0,0.17134741017143473
1.0529005735,2020-02-14,1.0765981658,10259.2025,0.0,0.16981243361891946
1.0289328522,2020-02-15,1.0620893476,10124.2291666667,0.0,0.16658616561949185
1.0427473563,2020-02-16,1.0384873696,9904.8354166667,0.0,0.1664020139370184
1.0193760901,2020-02-17,1.018856042,9720.4995833333,0.0,0.16290543293749365
1.0239708901,2020-02-18,1.0314296929,9855.23125,0.0,0.16415001386934538
1.0299416746,2020-02-19,1.0542822877,10084.4433333333,0.0,0.16618375956790915
1.0378790646,2020-02-20,1.0029755571,9589.86875,0.0,0.16366461501736662
1.0112665123,2020-02-21,1.0138861298,9697.88625,0.0,0.16180992486494544
1.0174448893,2020-02-22,1.0098285403,9663.0754166667,0.0,0.16214303317951728
1.028897583,2020-02-23,1.0308379457,9872.3520833333,0.0,0.16458467376798086
1.0319261144,2020-02-24,1.0157937935,9733.3666666667,0.0,0.16391325249884622
1.088599372,2020-02-25,0.9897857427,9497.57,0.0,0.16768563110737708
1.0131446379,2020-02-26,0.9433690311,9042.89375,0.0,0.15748142066133763
0.9740409595,2020-02-27,0.9197129879,8809.7116666667,0.0,0.15221869674708863
0.9929992062,2020-02-28,0.9095085797,8710.8229166667,0.0,0.1533844509063219
0.9854346378,2020-02-29,0.9087128323,8703.0491666667,0.0,0.15260809396714992
0.9840197919,2020-03-01,0.8959680364,8580.23875,0.0,0.15165754392977882
0.9942091221,2020-03-02,0.9154101122,8771.2079166667,0.0,0.15387781193405023
1.0187172446,2020-03-03,0.9189876261,8804.5620833333,0.0,0.15645699630928112
0.9471183386,2020-03-04,0.9176830929,8778.6433333333,0.0,0.14950689956990584
0.9825207008,2020-03-05,0.9445349939,9039.3091666667,0.0,0.15461898133220445
1.0106853918,2020-03-06,0.9508204921,9104.41375,0.0,0.15772198810916754
1.0079398981,2020-03-07,0.9461663912,9062.6075,0.0,0.1571611141482783
1.028548751,2020-03-08,0.8950549621,8572.5495833333,0.0,0.1558697124948558
0.9758725507,2020-03-09,0.8268735083,7902.5904166667,0.0,0.1464585118270707
0.9330359622,2020-03-10,0.8330053283,7951.8204166667,0.0,0.142742318994243
0.9379849229,2020-03-11,0.8259700533,7863.7466666667,0.0,0.1427671370238634
0.9424630851,2020-03-12,0.7071017915,6628.0841666667,0.0,0.13559657870458378
0.9210711283,2020-03-13,0.572963654,5306.6129166667,0.0,0.12496864358261994
0.8547877234,2020-03-14,0.586922057,5420.5333333333,0.0,0.11950419041852937
0.9005278845,2020-03-15,0.5770828159,5321.0545833333,0.0,0.12326181021157824
0.8722365864,2020-03-16,0.5452917893,5004.3295833333,0.0,0.11851592362209236
0.8346230649,2020-03-17,0.5814878483,5321.3154166667,0.0,0.11722285491691377
0.9451544843,2020-03-18,0.5796855827,5299.4975,0.0,0.12770813403891348
0.8943930441,2020-03-19,0.6319352469,5777.9808333333,0.0,0.12618052832503213
0.8848168368,2020-03-20,0.697622179,6374.25,0.0,0.1294619238306322
1.0019415034,2020-03-21,0.6757055629,6173.22125,0.0,0.13929348416386192
1.037415468,2020-03-22,0.6724947485,6146.3529166667,0.0,0.1424903242002541
0.962657442,2020-03-23,0.670004656,6122.3725,0.0,0.13516145155704679
0.968756603,2020-03-24,0.7284897204,6665.94875,0.0,0.1394857292680048
0.9753540979,2020-03-25,0.7283851225,6662.4866666667,0.0,0.14011177402898373
1.0095493169,2020-03-26,0.7300477989,6678.3495833333,0.0,0.14349757062085639
0.9956189075,2020-03-27,0.7308112444,6685.1116666667,0.0,0.1422103875798939
0.9940988959,2020-03-28,0.6812457513,6228.76125,0.0,0.1388955602907144
0.9241564223,2020-03-29,0.6688493792,6111.9008333333,0.0,0.13139514879863548
0.9298976243,2020-03-30,0.6873063427,6278.1775,0.0,0.1331258345419773
0.9516764813,2020-03-31,0.7070144595,6457.265,0.0,0.13647460526443134
0.8528170022,2020-04-01,0.6947185751,6320.8429166667,0.0,0.12620733473913018
0.9482104817,2020-04-02,0.7396638427,6732.3729166667,0.0,0.1382296903323793
1.0006608385,2020-04-03,0.7493469717,6822.8416666667,0.0,0.1438790456671215
0.9869084202,2020-04-04,0.7443814392,6778.41375,0.0,0.14224264129907338
1.0044721353,2020-04-05,0.7463382375,6799.1166666667,0.0,0.14405219955529966
1.0104826147,2020-04-06,0.7787584556,7104.9575,0.0,0.14670147379445075
0.9761323176,2020-04-07,0.8016014523,7315.2783333333,0.0,0.14486761463127484
1.03341929,2020-04-08,0.7997612429,7303.0233333333,0.0,0.1502440618899447
1.0119763389,2020-04-09,0.7999903208,7308.3170833333,0.0,0.14820222327161411
0.9099479186,2020-04-10,0.7662429019,6975.1129166667,0.0,0.1362594967566044
0.993101562,2020-04-11,0.7555835217,6877.7625,0.0,0.14355281765336422
0.9885285908,2020-04-12,0.7635795408,6952.91,0.0,0.143625485618084
0.9991457979,2020-04-13,0.7416768824,6752.14375,0.0,0.14324334610718129
0.9775712879,2020-04-14,0.7558105045,6882.6929166667,0.0,0.14207790005537738
0.9917176642,2020-04-15,0.7466642486,6799.0633333333,0.0,0.1428498267326588
0.9647511205,2020-04-16,0.7605424836,6926.6558333333,0.0,0.14115092938408758
0.9842559422,2020-04-17,0.7763706909,7072.0904166667,0.0,0.1440335405285847
1.0046191367,2020-04-18,0.7859746355,7162.7416666667,0.0,0.1466005154815857
0.9983086684,2020-04-19,0.7868114867,7172.0904166667,0.0,0.14604881580070841
0.9994004522,2020-04-20,0.7733270343,7048.5,0.0,0.1452913728067972
0.9925553589,2020-04-21,0.7538333601,6869.3670833333,0.0,0.14338853463711104
0.9803478035,2020-04-22,0.768701374,7007.1458333333,0.0,0.143168380406987
0.9876617281,2020-04-23,0.8001206062,7300.73,0.0,0.1458786618224675
1.0003733112,2020-04-24,0.82384041,7522.9379166667,0.0,0.14861432987521148
1.0204653938,2020-04-25,0.8260129099,7546.09875,0.0,0.15068016231604842
1.0111910209,2020-04-26,0.8322720944,7606.3525,0.0,0.15019089524672694
1.0643759298,2020-04-27,0.8422992996,7713.8475,0.0,0.15593269683478403
1.0161278309,2020-04-28,0.8435836429,7729.1933333333,0.0,0.15138758205367658
1.0240975652,2020-04-29,0.8964353304,8261.4795833333,0.0,0.1555310778559199
1.0560088876,2020-04-30,0.961942134,8897.2904166667,0.0,0.16277981588673143
1.0806370845,2020-05-01,0.9490832101,8791.7154166667,0.0,0.16431962552748916
1.053824101,2020-05-02,0.9572402187,8876.3983333333,0.0,0.16226965941885518
1.0546561506,2020-05-03,0.9661793169,8974.1041666667,0.0,0.16292099291732776
1.0625536336,2020-05-04,0.9433040637,8770.2675,0.0,0.1622158339757854
1.0021166494,2020-05-05,0.9602352347,8936.0045833333,0.0,0.15750215025028247
1.07252754,2020-05-06,0.9822047146,9160.7095833333,0.0,0.16565955751365716
1.0793153186,2020-05-07,1.0140842289,9504.2333333333,0.0,0.16834880781184278
1.0598795274,2020-05-08,1.0554636611,9919.0329166667,0.0,0.16913048078779852
1.0431601685,2020-05-09,1.0335964782,9718.8670833333,0.0,0.16612889754900764
1.0675354024,2020-05-10,0.9227018976,8671.8595833333,0.0,0.16137637715040504
0.9717271264,2020-05-11,0.9263255715,8702.15375,0.0,0.15241957502594233
0.9729077288,2020-05-12,0.9343172592,8773.0408333333,0.0,0.15304376222638172
1.0061838945,2020-05-13,0.9635309948,9058.50875,0.0,0.15810293897415784
1.0183326841,2020-05-14,1.0179695838,9586.6725,0.0,0.16274868798933045
1.0464593645,2020-05-15,1.0090837521,9511.0575,0.0,0.16487804563563443
1.0368294604,2020-05-16,0.9977647412,9407.53625,0.0,0.16323079076730534
1.0329525941,2020-05-17,1.0207001489,9631.3845833333,0.0,0.16432539281622927
1.079520443,2020-05-18,1.027658147,9715.6558333333,0.0,0.16923635085334032
1.0525761026,2020-05-19,1.0212175891,9667.825,0.0,0.16624046774105516
1.0434856941,2020-05-20,1.0197538379,9663.415,0.0,0.16527506527538333
1.0366960053,2020-05-21,0.9783097428,9265.9420833333,0.0,0.1619741047034599
1.0103473901,2020-05-22,0.9635701513,9127.4041666667,0.0,0.1585047423334793
1.0148926964,2020-05-23,0.9721762244,9212.725,0.0,0.1594909030157226
1.0322757817,2020-05-24,0.9616752569,9117.24125,0.0,0.16048663040183977
0.9884912013,2020-05-25,0.9315303344,8824.0620833333,0.0,0.15436010774630549
0.9889903638,2020-05-26,0.9351899689,8859.4745833333,0.0,0.15464196460108803
0.9997351323,2020-05-27,0.952828745,9033.2229166667,0.0,0.15680020497801675
1.0002227676,2020-05-28,0.9831470159,9328.3841666667,0.0,0.15878541972364968
1.00296627,2020-05-29,0.9954779736,9448.5933333333,0.0,0.15983693507175012
1.0188969218,2020-05-30,1.0020377745,9516.3075,0.0,0.16178417495892394
1.0212729868,2020-05-31,1.0044782898,9544.9275,0.0,0.1621680896735914
1.0435240749,2020-06-01,1.0080698546,9592.5645833333,0.0,0.16453171165165298
1.0313295514,2020-06-02,1.0351673472,9862.7929166667,0.0,0.1650947189157884
1.055570387,2020-06-03,1.0023917168,9556.26875,0.0,0.16532397157150502
1.0088129644,2020-06-04,1.0168622011,9702.9016666667,0.0,0.16176489745719025
1.0148630649,2020-06-05,1.0202209691,9740.4054166667,0.0,0.16255988033587054
1.0445298226,2020-06-06,1.0088049844,9636.7483333333,0.0,0.16467516955443728
1.023735146,2020-06-07,1.0070608511,9625.2954166667,0.0,0.16256934319067107
1.0841182956,2020-06-08,1.0154595864,9723.6895833333,0.0,0.16889737279157674
1.0294597727,2020-06-09,1.014131024,9715.7733333333,0.0,0.16357040624851146
1.0203797603,2020-06-10,1.0207231649,9786.865,0.0,0.16312106742321475
1.0253889528,2020-06-11,1.0039259839,9627.9558333333,0.0,0.1625275185957525
1.029360396,2020-06-12,0.9813984795,9416.2670833333,0.0,0.1614680669023016
1.009988425,2020-06-13,0.9823573088,9429.5825,0.0,0.15967150336678226
1.0232190841,2020-06-14,0.9793969987,9405.5908333333,0.0,0.16075111677041248
1.0020044524,2020-06-15,0.9628504181,9246.10125,0.0,0.15765859601976687
1.0059352748,2020-06-16,0.9881937041,9497.1254166667,0.0,0.15965594566628905
1.0161818932,2020-06-17,0.9815615858,9437.0504166667,0.0,0.1602146117578359
1.1410767557,2020-06-18,0.9757693032,9405.7891666667,0.0,0.17182230788247646
1.0075414151,2020-06-19,0.9676884758,9327.8258333333,0.0,0.15849894724509192
1.0195616442,2020-06-20,0.965116871,9306.6054166667,0.0,0.15948732693124196
1.030338946,2020-06-21,0.9694472687,9352.6091666667,0.0,0.16079779452967569
1.0186607419,2020-06-22,0.9831177494,9492.6920833333,0.0,0.16055184146921986
1.0180228648,2020-06-23,0.9974715102,9638.6475,0.0,0.16140839701176507
1.0167527368,2020-06-24,0.9763918693,9431.5304166667,0.0,0.15993882422524286
1.0093603929,2020-06-25,0.956056844,9232.9766666667,0.0,0.15792970886072782
1.1332065852,2020-06-26,0.9480363551,9183.78625,0.0,0.169294368320822
1.0128590248,2020-06-27,0.9404645337,9110.2404166667,0.0,0.1572683251727724
0.9999749438,2020-06-28,0.9356559127,9064.6704166667,0.0,0.15572523104013153
1.0020515802,2020-06-29,0.9415985151,9124.5033333333,0.0,0.15630434072248095
1.0218907343,2020-06-30,0.9440244282,9152.81875,0.0,0.15836211845527876
1.0081793402,2020-07-01,0.948012423,9195.1429166667,0.0,0.15730210688473176
1.0064153958,2020-07-02,0.9451942436,9170.4204166667,0.0,0.15695275099341505
1.0114782942,2020-07-03,0.9373150182,9096.8741666667,0.0,0.1569345368665521
1.0070548974,2020-07-04,0.9372435029,9099.4975,0.0,0.15650573878376925
1.0009390943,2020-07-05,0.9336481401,9067.4558333333,0.0,0.15568932762622778
1.0002757754,2020-07-06,0.9488999576,9222.0395833333,0.0,0.15660086189440442
1.0086859858,2020-07-07,0.9533808606,9269.8220833333,0.0,0.15769393651958452
1.0672778936,2020-07-08,0.9603531363,9350.3004166667,0.0,0.16375897414919444
1.0250168726,2020-07-09,0.9578774487,9329.1866666667,0.0,0.15954764604712002
1.0104245686,2020-07-10,0.9445727465,9201.6379166667,0.0,0.1572975140671529
1.0057053941,2020-07-11,0.9481687658,9239.9975,0.0,0.15707483924722912
1.0102112901,2020-07-12,0.9491400756,9253.0458333333,0.0,0.15756907924059932
1.000586467,2020-07-13,0.9514984314,9278.87875,0.0,0.1567967964171006
1.0400855206,2020-07-14,0.9450839685,9221.0558333333,0.0,0.1601748319075355
1.0272688917,2020-07-15,0.9447082002,9222.2091666667,0.0,0.15892162843363472
1.0086015695,2020-07-16,0.9357341263,9133.7525,0.0,0.1565575678342983
0.9990005213,2020-07-17,0.9357898702,9136.0475,0.0,0.15564034389325512
1.0043408396,2020-07-18,0.9382724341,9162.595,0.0,0.15631123360922136
1.0223918647,2020-07-19,0.9375589096,9159.4075,0.0,0.15799679586083845
1.0024849509,2020-07-20,0.9391442013,9177.6366666667,0.0,0.15618898255995667
1.0020117472,2020-07-21,0.9525307972,9313.09875,0.0,0.1569994938305784
1.0250470641,2020-07-22,0.9575160197,9366.4508333333,0.0,0.15952743300861305
1.0203463956,2020-07-23,0.9749061272,9544.8579166667,0.0,0.16018848053694218
1.027479146,2020-07-24,0.9755614739,9557.5283333333,0.0,0.1609144472459453
1.0269987851,2020-07-25,0.9815116057,9622.5083333333,0.0,0.16124880964237484
1.0232621265,2020-07-26,1.0026106565,9838.5775,0.0,0.16223944782928562
1.0422052026,2020-07-27,1.0633505294,10472.2283333333,0.0,0.167939685396165
1.0716387282,2020-07-28,1.1119203997,10984.0804166667,0.0,0.17386789999665223
1.0728272326,2020-07-29,1.1211907108,11097.8783333333,0.0,0.17457459591087432
1.0708719007,2020-07-30,1.11309845,11034.5279166667,0.0,0.1738696780136288
1.0675604718,2020-07-31,1.128100768,11202.0720833333,0.0,0.17451129327521447
1.0546463943,2020-08-01,1.1678896718,11617.8054166667,0.0,0.1758167378296742
1.0912017369,2020-08-02,1.1354790514,11305.7525,0.0,0.17725035013565238
1.119596747,2020-08-03,1.1258528796,11246.065,0.0,0.17935810707559108
1.0443000111,2020-08-04,1.1239820606,11237.7779166667,0.0,0.17201716374944703
1.0709346841,2020-08-05,1.1450263571,11476.2404166667,0.0,0.175917062076573
1.1115752364,2020-08-06,1.1677842317,11753.8329166667,0.0,0.18126975392604094
1.131681766,2020-08-07,1.1600255512,11710.5725,0.0,0.1827020056860798
1.1015309261,2020-08-08,1.1557060316,11688.7529166667,0.0,0.1795342154531236
1.0899930017,2020-08-09,1.1517234702,11664.5245833333,0.0,0.17817303986585714
1.0466066227,2020-08-10,1.1732707729,11902.1566666667,0.0,0.17538973343793304
1.1047620684,2020-08-11,1.1443052973,11628.2833333333,0.0,0.17911517343853237
1.0591085037,2020-08-12,1.127349906,11467.5175,0.0,0.17365270013616652
1.0463723214,2020-08-13,1.1349145927,11557.5245833333,0.0,0.1729148978328262
1.0537491378,2020-08-14,1.152505022,11758.9245833333,0.0,0.17474704381076966
1.0386629578,2020-08-15,1.1624886893,11872.6354166667,0.0,0.17393852657342698
1.061245576,2020-08-16,1.159666077,11855.295,0.0,0.1759238430518308
1.1110489606,2020-08-17,1.1761686935,12064.5541666667,0.0,0.1817553557160843
1.0451740246,2020-08-18,1.1838437151,12155.8133333333,0.0,0.17592833850031386
1.0512379914,2020-08-19,1.148440651,11799.0245833333,0.0,0.1742463502584337
1.0387820276,2020-08-20,1.1472635353,11798.7779166667,0.0,0.17297650089855926
1.0706471679,2020-08-21,1.1397270546,11737.1470833333,0.0,0.17555066830059934
1.0362106501,2020-08-22,1.1225944322,11564.5325,0.0,0.1711526337265476
1.0223587575,2020-08-23,1.1272556528,11619.0795833333,0.0,0.1701221914445658
1.0441013971,2020-08-24,1.1371728483,11736.27,0.0,0.17284149021399042
1.0547513128,2020-08-25,1.1139911087,11504.36,0.0,0.1723807074765536
1.0334514332,2020-08-26,1.1040732709,11408.9879166667,0.0,0.16970383051493948
1.0288321591,2020-08-27,1.0974783064,11345.6870833333,0.0,0.16883915946381559
1.0366883047,2020-08-28,1.1065600714,11452.9616666667,0.0,0.17017326015108503
1.0044500525,2020-08-29,1.1115712386,11507.8208333333,0.0,0.16740184943391573
1.0389215466,2020-08-30,1.1212972697,11618.63375,0.0,0.17132968591105663
1.0501031768,2020-08-31,1.1257468688,11682.5,0.0,0.1726865519392019
1.0696052114,2020-09-01,1.1426389142,11882.7816666667,0.0,0.17563691401137949
1.0531791953,2020-09-02,1.1123309097,11570.2416666667,0.0,0.1721237860997863
1.0686968997,2020-09-03,1.0597934074,11020.48875,0.0,0.17025293980319983
1.0389439098,2020-09-04,1.0017033175,10410.39375,0.0,0.16368539622555076
0.9841680262,2020-09-05,0.9892331617,10275.5045833333,0.0,0.15763481826151549
0.9939886324,2020-09-06,0.9837110969,10218.61375,0.0,0.15822360075697206
0.9754488891,2020-09-07,0.9787772136,10163.7795833333,0.0,0.15613009178202814
0.986719422,2020-09-08,0.9770421167,10144.92125,0.0,0.15710005539107158
0.9847139245,2020-09-09,0.9815457155,10191.8529166667,0.0,0.15719566319571815
0.9899582872,2020-09-10,0.9959093404,10343.1841666667,0.0,0.15861698531151697
0.9939056651,2020-09-11,0.9924059892,10306.1475,0.0,0.15877156590560904
0.9858844312,2020-09-12,0.9994765207,10381.2325,0.0,0.1584543558595875
1.0064238087,2020-09-13,1.0009705757,10400.0629166667,0.0,0.16051970861265133
0.9986876022,2020-09-14,1.0119070425,10520.8595833333,0.0,0.1604770089841937
1.010970436,2020-09-15,1.0358639372,10780.265,0.0,0.16318671665152595
1.0460485512,2020-09-16,1.0467631758,10907.83875,0.0,0.1672477420284382
1.029283879,2020-09-17,1.0449726045,10895.3720833333,0.0,0.16552544393355256
1.0341862097,2020-09-18,1.047437002,10931.2220833333,0.0,0.16615316697356003
1.0392778873,2020-09-19,1.0556877318,11027.14,0.0,0.16716900791278583
1.0328203226,2020-09-20,1.0453033333,10922.1554166667,0.0,0.16588575205472425
1.0174040029,2020-09-21,1.0214467827,10671.21,0.0,0.16288194325212824
1.0548365619,2020-09-22,1.0015501118,10471.98875,0.0,0.16519978472564192
0.9974119092,2020-09-23,0.9983343718,10437.4579166667,0.0,0.1594868728724675
0.9874368473,2020-09-24,1.0004627103,10459.2279166667,0.0,0.1586662938841354
1.0043255171,2020-09-25,1.0203261347,10672.6483333333,0.0,0.16155600130738756
1.0193023489,2020-09-26,1.0246360494,10723.07,0.0,0.1632679149936407
1.0099706197,2020-09-27,1.0246931955,10727.7275,0.0,0.16237660972894785
1.0102725757,2020-09-28,1.0385090669,10879.2583333333,0.0,0.16328890907883875
1.0680394162,2020-09-29,1.0233700306,10734.1295833333,0.0,0.16786109587000747
1.0077701493,2020-09-30,1.0239288611,10741.42875,0.0,0.1621167047652653
1.0087816702,2020-10-01,1.0250640408,10755.1958333333,0.0,0.16228629418944557
1.0249543409,2020-10-02,1.0034903655,10530.8933333333,0.0,0.16245798519151547
1.0029551704,2020-10-03,1.0055879621,10555.62875,0.0,0.16048226917233
1.006600015,2020-10-04,1.0105273837,10612.39125,0.0,0.16114763777796443
1.007571018,2020-10-05,1.0190443135,10709.82125,0.0,0.16178530556955611
1.0147382174,2020-10-06,1.0173177237,10695.3966666667,0.0,0.16236228311230608
1.0260489162,2020-10-07,1.0100452614,10624.6408333333,0.0,0.16298205833992824
1.0164812418,2020-10-08,1.0204374329,10742.1170833333,0.0,0.16272891147178
1.0174232999,2020-10-09,1.0424463565,10988.12875,0.0,0.16422643593730832
1.0144811775,2020-10-10,1.0746740308,11337.0654166667,0.0,0.16600480077387386
1.0335006165,2020-10-11,1.0763444957,11361.66875,0.0,0.1679356629604708
1.0432473062,2020-10-12,1.0833342161,11449.2491666667,0.0,0.1693173178951009
1.0338730461,2020-10-13,1.0820431536,11447.0675,0.0,0.16833573379053207
1.0502059452,2020-10-14,1.0768779518,11404.6445833333,0.0,0.1695718940090988
1.0384626659,2020-10-15,1.0768491338,11415.4929166667,0.0,0.1684438129050471
1.022480763,2020-10-16,1.0715861347,11365.36,0.0,0.16657457092239725
1.0211259186,2020-10-17,1.0694042214,11348.4225,0.0,0.16630513045591688
1.0198567727,2020-10-18,1.0768159383,11433.8795833333,0.0,0.1666572932964176
1.097919224,2020-10-19,1.0886369878,11586.0775,0.0,0.17489966663004633
1.0388364179,2020-10-20,1.1111679936,11847.7933333333,0.0,0.170673889856301
1.0446021494,2020-10-21,1.1662456121,12481.6045833333,0.0,0.17474832941658347
1.1035144366,2020-10-22,1.2015609778,12931.9025,0.0,0.1826562547106651
1.1418165234,2020-10-23,1.1975970717,12931.8866666667,0.0,0.1860761755102436
1.0706943932,2020-10-24,1.2041104102,13026.5433333333,0.0,0.1796716523090719
1.0712292113,2020-10-25,1.2053173666,13053.5708333333,0.0,0.17980011273691376
1.0330597546,2020-10-26,1.2052240981,13065.5425,0.0,0.1761335097435361
1.0713536939,2020-10-27,1.2303099382,13379.8375,0.0,0.18140999206958452
1.0765129239,2020-10-28,1.2335693817,13442.9420833333,0.0,0.18211318558629352
1.0821196103,2020-10-29,1.2206345653,13330.8108333333,0.0,0.18182388596096993
1.0469523488,2020-10-30,1.2283699949,13432.0670833333,0.0,0.1789457489229084
1.0668630573,2020-10-31,1.2550528253,13747.9191666667,0.0,0.18256129465442386
1.0924667621,2020-11-01,1.2535943974,13760.0929166667,0.0,0.18492356963791512
1.1216175752,2020-11-02,1.2345984305,13585.7691666667,0.0,0.18650473868984307
1.4042467235,2020-11-03,1.2218030185,13619.3275,0.0,0.21279217662296368
1.0602885289,2020-11-04,1.2475320944,13890.4016666667,0.0,0.18144991465841429
1.1070413988,2020-11-05,1.3151843876,14756.16625,0.0,0.19025920589227918
1.0698513512,2020-11-06,1.3816959363,15574.8770833333,0.0,0.19094502071651176
1.0779621117,2020-11-07,1.3584412207,15332.87125,0.0,0.19023605459473175
1.1812184174,2020-11-08,1.3431267483,15219.93625,0.0,0.19915968933916006
1.0860178453,2020-11-09,1.3537753295,15381.1054166667,0.0,0.19071031793291138
1.0855594263,2020-11-10,1.3454159557,15324.3595833333,0.0,0.1901318830825243
1.0747553455,2020-11-11,1.365182601,15591.48625,0.0,0.19035953099912573
1.0989595734,2020-11-12,1.3896935605,15931.4458333333,0.0,0.1942479843719444
1.0896555516,2020-11-13,1.4165106141,16290.7625,0.0,0.1950702747233149
1.1195136101,2020-11-14,1.3908520402,16022.5816666667,0.0,0.1962932874605784
1.0689415921,2020-11-15,1.3859836836,15985.1445833333,0.0,0.1911319144365043
1.0747213865,2020-11-16,1.414585329,16365.7441666667,0.0,0.19351491816817368
1.1065208383,2020-11-17,1.4688586734,17102.4641666667,0.0,0.20003469771598117
1.1814616911,2020-11-18,1.5226532971,17902.0666666667,0.0,0.21066134324887908
1.1174714452,2020-11-19,1.514018217,17854.2708333333,0.0,0.203972264178365
1.1956496669,2020-11-20,1.5405242519,18350.475,0.0,0.21316464896316695
1.190361682,2020-11-21,1.5634913534,18699.9566666667,0.0,0.21412594415243164
1.1299558967,2020-11-22,1.5367719686,18417.0545833333,0.0,0.20662438306373787
1.1168834118,2020-11-23,1.5334766,18442.2679166667,0.0,0.20515997232581978
1.1771497671,2020-11-24,1.5581915457,18872.4929166667,0.0,0.21252000430406964
1.0987435014,2020-11-25,1.5663260757,19031.6145833333,0.0,0.20552054999743535
1.1885322573,2020-11-26,1.4272922352,17376.5679166667,0.0,0.20524238047047827
1.0890103668,2020-11-27,1.3933068005,16990.52625,0.0,0.19352482463450307
1.0426423894,2020-11-28,1.4199640253,17338.1291666667,0.0,0.19078227937547754
1.0557206022,2020-11-29,1.4720695217,18011.0733333333,0.0,0.19536799459198925
1.0916438551,2020-11-30,1.5363733682,18927.9729166667,0.0,0.2029245835799776
1.1291149845,2020-12-01,1.5550807719,19254.3783333333,0.0,0.2077143386298715
1.1739854949,2020-12-02,1.5252438823,18972.175,0.0,0.21010997233975043
1.1342502426,2020-12-03,1.5445954961,19288.63375,0.0,0.20753644207263489
1.0885575406,2020-12-04,1.5254947249,19099.9770833333,0.0,0.20193304694593334
1.0746432122,2020-12-05,1.5165317074,19011.805,0.0,0.20002552887377972
1.077281698,2020-12-06,1.5251776458,19148.5183333333,0.0,0.20083136489012704
1.0940043892,2020-12-07,1.5250223195,19197.6554166667,0.0,0.20242522266204455
1.0958933901,2020-12-08,1.4996083053,18919.33625,0.0,0.2009815007374847
1.104939016,2020-12-09,1.4462100096,18277.9820833333,0.0,0.19843491386550294
1.1163946082,2020-12-10,1.4429848503,18298.8145833333,0.0,0.19932735600661786
1.0708261305,2020-12-11,1.4132258416,17946.85375,0.0,0.19305442280351667
1.0786602795,2020-12-12,1.4527758935,18490.38375,0.0,0.19633445353376927
1.264414035,2020-12-13,1.4917539726,19126.2233333333,0.0,0.21664128467161559
1.0882201305,2020-12-14,1.4922956395,19176.55125,0.0,0.19977804996561802
1.0883078895,2020-12-15,1.5011316441,19355.85125,0.0,0.20035141085609476
1.1425650277,2020-12-16,1.5471564508,20119.1316666667,0.0,0.20849760991291733
1.1398555732,2020-12-17,1.7128164978,22621.8516666667,0.0,0.2188295051683276
1.2869825183,2020-12-18,1.704288993,22878.1291666667,0.0,0.23239448710185473
1.1630174022,2020-12-19,1.7310178777,23347.215,0.0,0.2222145740654312
1.1993850405,2020-12-20,1.7388385029,23587.91625,0.0,0.22620243491697356
1.1477746298,2020-12-21,1.7057557308,23237.05375,0.0,0.21913754021505008
1.2353374396,2020-12-22,1.6790721956,23115.9841666667,0.0,0.2258291914914064
1.2211266687,2020-12-23,1.6935864544,23529.78875,0.0,0.22539430107564043
1.196361797,2020-12-24,1.6584617141,23242.2779166667,0.0,0.2207734697992647
1.0725838552,2020-12-25,1.7106740326,24033.1120833333,0.0,0.21224083261517263
1.1428686162,2020-12-26,1.7902646678,25309.8379166667,0.0,0.2240702459872037
1.1643948307,2020-12-27,1.8895286253,27010.9241666667,0.0,0.2324813194983605
1.5412549178,2020-12-28,1.8444615253,26957.9,0.0,0.26574262760059786
1.3420604409,2020-12-29,1.8013297462,26699.6033333333,0.0,0.24388119120458676
1.141411039,2020-12-30,1.8809444548,28173.38875,0.0,0.22972821723056944
1.1304484014,2020-12-31,1.9129626433,28878.8991666667,0.0,0.2307239811660619
1.2088356877,2021-01-01,1.9180187216,29267.6304166667,0.0,0.23856497831379017
1.3451212314,2021-01-02,1.9841442917,30789.2754166667,0.0,0.25586328234623223
1.2981625359,2021-01-03,2.1214034399,33461.31375,0.0,0.2601355986961964
1.3823394547,2021-01-04,1.995595844,31929.7883333333,0.0,0.26016486775432524
1.2783253247,2021-01-05,1.989340476,32273.0016666667,0.0,0.24978945097784935
1.2419504085,2021-01-06,2.1153584636,34919.15625,0.0,0.25435808217942457
1.3233456889,2021-01-07,2.2470165459,38174.2829166667,0.0,0.27058206649277394
1.3666642226,2021-01-08,2.2844420478,39815.85,0.0,0.2771293886849888
1.4460183477,2021-01-09,2.2769502211,40343.7495833333,0.0,0.2842608396810148
1.336950476,2021-01-10,2.2210188558,39664.4245833333,0.0,0.27022462815131376
1.3100179459,2021-01-11,1.9095601904,34285.6441666667,0.0,0.24772804742746227
1.1261186702,2021-01-12,1.9301979228,34853.81875,0.0,0.23141070423571664
1.137938789,2021-01-13,1.9106568963,34701.79125,0.0,0.23129492469562696
1.0939124322,2021-01-14,2.0980517744,38517.1945833333,0.0,0.23905397651039606
1.1848237445,2021-01-15,2.0275200153,37430.0945833333,0.0,0.2432632580168869
1.1766382729,2021-01-16,1.9865819041,36803.8266666667,0.0,0.23986078587564041
1.1442124805,2021-01-17,1.9171120778,35605.6933333333,0.0,0.23230932530558812
1.1794662447,2021-01-18,1.9319489189,36083.2866666667,0.0,0.2366389533297579
1.0777742556,2021-01-19,1.9624539423,36818.3379166667,0.0,0.22883657694432225
1.0971598514,2021-01-20,1.8708874102,35165.6875,0.0,0.22484129587908236
1.1043570804,2021-01-21,1.746499971,32824.8045833333,0.0,0.21757863190651322
1.0500898244,2021-01-22,1.6955058387,31905.8391666667,0.0,0.2091137405639426
1.0519815645,2021-01-23,1.7169819999,32360.015,0.0,0.21066828119815723
1.0534772337,2021-01-24,1.710254068,32270.9833333333,0.0,0.21038156197215516
1.0468061402,2021-01-25,1.766134,33400.20625,0.0,0.2133145457130982
1.0651950644,2021-01-26,1.6919544625,32027.1075,0.0,0.21033534477402183
1.2059243131,2021-01-27,1.6341687776,31092.31875,0.0,0.22013735387439098
1.0849599735,2021-01-28,1.6699716657,31913.3058333333,0.0,0.21082539135875206
1.0854819239,2021-01-29,1.8245860094,35178.0220833333,0.0,0.2207609692703557
1.1116414495,2021-01-30,1.7635063996,34079.5845833333,0.0,0.2193645726936228
1.1509435969,2021-01-31,1.7234862366,33400.0004166667,0.0,0.22057508864866388
1.0510397776,2021-02-01,1.7361246357,33713.11375,0.0,0.21180187482265433
1.0956159221,2021-02-02,1.7814183351,34760.51375,0.0,0.2189728741544388
1.06264542,2021-02-03,1.8680198193,36618.9833333333,0.0,0.2213478470647945
1.1186478175,2021-02-04,1.9014139225,37508.3920833333,0.0,0.22885386048950085
1.2040043502,2021-02-05,1.8908521502,37615.1958333333,0.0,0.23636469008801375
1.1072379614,2021-02-06,1.9908805723,39817.6229166667,0.0,0.23347979504712602
1.1940978991,2021-02-07,1.9272292383,38720.4495833333,0.0,0.2377404408903318
1.1393470672,2021-02-08,2.0343548281,41356.5845833333,0.0,0.23933881459922585
1.1940970071,2021-02-09,2.248901128,46719.0108333333,0.0,0.25830697235308175
1.2690938294,2021-02-10,2.1793630019,45773.91375,0.0,0.26105350508725156
1.1816503944,2021-02-11,2.1835129601,46292.46,0.0,0.2529325814403318
1.1641914191,2021-02-12,2.222950265,47566.07875,0.0,0.2537796677631849
1.1833872761,2021-02-13,2.199663339,47275.68375,0.0,0.254131757808634
1.1276039126,2021-02-14,2.2522163662,48602.7891666667,0.0,0.25214192081539083
1.2662260978,2021-02-15,2.1943490717,47852.7983333333,0.0,0.2617366342596802
1.1100212161,2021-02-16,2.22550495,48890.9825,0.0,0.24874781527146467
1.1778138645,2021-02-17,2.2948390072,50974.0708333333,0.0,0.2596824516708728
1.2510075018,2021-02-18,2.3095303186,51913.2395833333,0.0,0.26764139653297564
1.2024252231,2021-02-19,2.3196510736,53147.6808333333,0.0,0.2636292026527201
1.287651306,2021-02-20,2.4214710834,56232.8491666667,0.0,0.2783128340365746
1.2411874708,2021-02-21,2.436489252,57066.22125,0.0,0.2748169334954357
1.2289898191,2021-02-22,2.315661167,54638.27625,0.0,0.26592177763549096
1.3081722349,2021-02-23,2.0482244037,48767.9775,0.0,0.2564167572916141
1.1803041338,2021-02-24,2.0773695354,49873.8666666667,0.0,0.24601701537940218
1.1495961203,2021-02-25,2.0680772598,49923.4691666667,0.0,0.24247784817500373
1.2726547314,2021-02-26,1.9134794382,46568.5058333333,0.0,0.24439531382474072
0.9645422484,2021-02-27,1.9380040099,47115.0066666667,0.0,0.2164138209884173
1.0976152436,2021-02-28,1.8398969003,44778.5516666667,0.0,0.2229035414387177
1.0448692912,2021-03-01,1.9506100687,47702.1120833333,0.0,0.22492357069988045
1.131012049,2021-03-02,1.9758027202,48552.9045833333,0.0,0.23479582058658796
1.0665158007,2021-03-03,2.0448052144,50453.1108333333,0.0,0.23302209834546558
1.1064389446,2021-03-04,1.9926024431,49297.36625,0.0,0.23351325600179346
1.0960825924,2021-03-05,1.9249649009,47772.29875,0.0,0.22819551399612914
1.0564062093,2021-03-06,1.9446388284,48356.19,0.0,0.2256482372287147
1.0563218384,2021-03-07,2.0158827984,50250.4941666667,0.0,0.23019524508396352
1.1457705944,2021-03-08,2.0293299781,50867.2108333333,0.0,0.2396335906527664
1.0909008161,2021-03-09,2.1427778582,54038.02,0.0,0.24162478275733523
1.1366797341,2021-03-10,2.1836017131,55434.4483333333,0.0,0.24862534721807653
1.2417810553,2021-03-11,2.1957962483,56325.4725,0.0,0.25948476135237636
1.1858990307,2021-03-12,2.1993705311,56859.3645833333,0.0,0.2543539263495397
1.1175353938,2021-03-13,2.2644756585,58917.2075,0.0,0.2519601179058078
1.1776952263,2021-03-14,2.3079689455,60398.7391666667,0.0,0.26051055770461967
1.1464143092,2021-03-15,2.1860017906,57399.79,0.0,0.24971239399675987
1.1645423,2021-03-16,2.095664191,55378.7691666667,0.0,0.2456750761948588
1.1460075387,2021-03-17,2.1142652584,56165.6666666667,0.0,0.24508679048383053
1.0598580423,2021-03-18,2.1913798923,58409.2304166667,0.0,0.2417550775175385
1.0991252281,2021-03-19,2.1808122432,58315.1770833333,0.0,0.2448453350041444
1.1408284804,2021-03-20,2.1904842814,58768.9145833333,0.0,0.24946328074362578
1.1305592123,2021-03-21,2.127744458,57235.5116666667,0.0,0.24446703417505755
1.1598527625,2021-03-22,2.0992250433,56693.8816666667,0.0,0.2454529952503348
1.1550886061,2021-03-23,2.0134634746,54691.9575,0.0,0.23951278328624273
1.1235182126,2021-03-24,2.0198410196,55094.25375,0.0,0.23689278511587208
1.1662072709,2021-03-25,1.900778269,52055.9804166667,0.0,0.23337440580103572
1.0636201034,2021-03-26,1.9405136999,53315.9920833333,0.0,0.22607633853968018
1.1539945104,2021-03-27,2.0006804213,55233.7833333333,0.0,0.23859054873050667
1.1105079573,2021-03-28,2.019243271,55865.9591666667,0.0,0.2356068192397564
1.0906046584,2021-03-29,2.0492905316,56957.5629166667,0.0,0.2356191150371783
1.1139769752,2021-03-30,2.0904629486,58401.70375,0.0,0.24049306148511734
1.1278053622,2021-03-31,2.0905270116,58690.5545833333,0.0,0.24182336817907935
1.1800563189,2021-04-01,2.0839077344,58864.2320833333,0.0,0.2464112791233672
1.1324897218,2021-04-02,2.0902822386,59273.4833333333,0.0,0.2422569714769302
1.0657636061,2021-04-03,2.0743299304,58874.7233333333,0.0,0.23483767004326556
1.0924446531,2021-04-04,2.0306668623,57744.2295833333,0.0,0.23460484495384998
1.0754811258,2021-04-05,2.0384630052,58133.2779166667,0.0,0.23347641788229268
1.3253738876,2021-04-06,2.0158465472,58422.7733333333,0.0,0.25599634980796293
1.1017248477,2021-04-07,1.9612658737,56944.5283333333,0.0,0.23105759610490956
1.0711231206,2021-04-08,1.9653775749,57227.39875,0.0,0.22838562741462265
1.054959748,2021-04-09,1.9938761609,58195.6158333333,0.0,0.2286575836085219
1.0732770579,2021-04-10,2.0447771844,59887.28625,0.0,0.23366874421472875
1.19570374,2021-04-11,2.0349764113,59816.6670833333,0.0,0.24478344024990883
1.1313499773,2021-04-12,2.0347968822,60095.6379166667,0.0,0.23860011756666716
1.1437634259,2021-04-13,2.0925151504,62238.6320833333,0.0,0.24348094032897177
1.1883139332,2021-04-14,2.1149761682,63422.4579166667,0.0,0.24918963618149756
1.1683011931,2021-04-15,2.084979703,62876.9295833333,0.0,0.2453524424683411
1.0998925074,2021-04-16,2.0403343372,61686.2404166667,0.0,0.23593723680357798
1.1059009791,2021-04-17,2.0208854485,61259.175,0.0,0.23526998253725454
1.4004975329,2021-04-18,1.8252782891,55945.39875,0.0,0.25101678656985654
1.0120017224,2021-04-19,1.8399070885,56388.2520833333,0.0,0.21469343262955912
1.0608368041,2021-04-20,1.8103462571,55590.8341666667,0.0,0.21748693857096846
1.0398018608,2021-04-21,1.8016508078,55372.6829166667,0.0,0.214913625713974
1.1163143876,2021-04-22,1.7434264092,53742.4966666667,0.0,0.21852888363154688
1.065451732,2021-04-23,1.6192090225,49886.83,0.0,0.2057088620908534
1.0783011127,2021-04-24,1.6224236169,50070.9804166667,0.0,0.20714671160206397
1.0193085142,2021-04-25,1.6081385985,49638.6095833333,0.0,0.200575693618359
1.0119511826,2021-04-26,1.7176330574,53178.78875,0.0,0.2068707959692333
1.1266115824,2021-04-27,1.7565630433,54618.35,0.0,0.2203563476834285
1.0574786322,2021-04-28,1.7584775647,54775.9991666667,0.0,0.2138485638112988
1.106189424,2021-04-29,1.7233213437,53859.3895833333,0.0,0.2162723993746316
1.1156427805,2021-04-30,1.7635560065,55372.0341666667,0.0,0.2197514918289568
1.0501867111,2021-05-01,1.8370517954,57774.76,0.0,0.21817300412270066
1.1185560537,2021-05-02,1.8047151023,56858.47875,0.0,0.2226624630732671
1.092506499,2021-05-03,1.8326842972,57909.66375,0.0,0.2219524380138186
1.1218454824,2021-05-04,1.7433719139,55192.785,0.0,0.21905585873897773
1.0682360569,2021-05-05,1.7636607313,55998.5408333333,0.0,0.2152116482682514
1.0832709442,2021-05-06,1.7867512971,56930.4304166667,0.0,0.21812990132902704
1.1860836103,2021-05-07,1.7719325719,56847.5929166667,0.0,0.22704268524709764
1.069873351,2021-05-08,1.8201951813,58534.7583333333,0.0,0.21898329515720222
1.1159428634,2021-05-09,1.7976890754,57951.7279166667,0.0,0.22196262470481243
1.0797844827,2021-05-10,1.7870815277,57739.7033333333,0.0,0.21781664625596325
1.0542821072,2021-05-11,1.7263578954,55852.2620833333,0.0,0.21148837779739352
1.1475136754,2021-05-12,1.7187989246,55825.08,0.0,0.21994645127007323
1.1157201835,2021-05-13,1.5338694214,49786.1995833333,0.0,0.20507352865444178
0.9966506355,2021-05-14,1.5455927184,50175.4591666667,0.0,0.19440371808875656
1.0419792148,2021-05-15,1.5033634231,48813.595,0.0,0.19605095419807803
1.0300615695,2021-05-16,1.4689707803,47676.8629166667,0.0,0.1927090433358975
1.0019412319,2021-05-17,1.3670523046,44256.65375,0.0,0.18349583984727397
0.9839130138,2021-05-18,1.366002187,44177.7033333333,0.0,0.1816997035650964
0.9929938958,2021-05-19,1.2165143432,39040.3741666667,0.0,0.17301285591926768
0.911363391,2021-05-20,1.2487533751,39942.4158333333,0.0,0.16724534178336273
0.9781975285,2021-05-21,1.2262234953,39135.7433333333,0.0,0.1722145815764146
0.9605759561,2021-05-22,1.1794510623,37562.5270833333,0.0,0.16753411380680167
1.0049034778,2021-05-23,1.1000345816,34977.65,0.0,0.16670772017826035
1.0047874451,2021-05-24,1.1640187512,37087.96875,0.0,0.17078752432880437
0.9197713092,2021-05-25,1.1974501891,38078.9704166667,0.0,0.16477154984466003
0.9982871355,2021-05-26,1.2355792967,39318.01,0.0,0.17473945269445673
0.987463509,2021-05-27,1.2202395943,38802.3141666667,0.0,0.17272064447270064
0.9945732091,2021-05-28,1.1503887002,36521.59625,0.0,0.16893646902182485
0.9758622495,2021-05-29,1.111981901,35264.12625,0.0,0.16468639407442087
1.0685031444,2021-05-30,1.118652894,35499.8975,0.0,0.17399763500443582
0.958996621,2021-05-31,1.1394441389,36161.5391666667,0.0,0.164824739847126
1.0193215682,2021-06-01,1.1520225625,36586.9045833333,0.0,0.17141442273971608
0.973633389,2021-06-02,1.1744318031,37289.8904166667,0.0,0.1684654716914482
0.9922699178,2021-06-03,1.2131977338,38558.71875,0.0,0.17273137001522942
0.9566537242,2021-06-04,1.1691865361,37105.9816666667,0.0,0.16650167313745629
0.979091941,2021-06-05,1.1517769787,36534.3525,0.0,0.16754050067666418
0.9794244695,2021-06-06,1.1350307535,35996.735,0.0,0.16650169457860559
0.9746987481,2021-06-07,1.1313066939,35841.6208333333,0.0,0.16581037069289944
0.9492543693,2021-06-08,1.0413320292,32878.8104166667,0.0,0.15761745193118665
0.977408758,2021-06-09,1.1036242308,34898.76125,0.0,0.16430035061199225
0.9517413196,2021-06-10,1.1697047752,36997.97625,0.0,0.16606368369718727
1.0231133005,2021-06-11,1.1695335326,37012.7670833333,0.0,0.17289766106368704
0.9876332572,2021-06-12,1.128349796,35688.96,0.0,0.1668618000110656
0.9873945515,2021-06-13,1.1525059779,36475.0404166667,0.0,0.16838337184922583
0.9789888884,2021-06-14,1.2518307034,39700.6058333333,0.0,0.17392771552844122
1.0284319309,2021-06-15,1.2660852348,40194.4616666667,0.0,0.1795809346145524
1.0365155086,2021-06-16,1.2404039829,39391.3770833333,0.0,0.1787142169710417
0.9705039051,2021-06-17,1.2170480073,38613.3433333333,0.0,0.17089007523921834
1.0222133333,2021-06-18,1.1652097748,36946.95625,0.0,0.17253490324884924
1.0015852861,2021-06-19,1.1281701935,35763.64625,0.0,0.16818838542365416
0.9913274167,2021-06-20,1.1074103995,35100.1808333333,0.0,0.16587729370833806
0.9702117075,2021-06-21,1.0468633135,33098.4029166667,0.0,0.1599810160242191
0.9715542157,2021-06-22,1.0169911753,32114.1245833333,0.0,0.15819984531580183
0.9444160382,2021-06-23,1.0697268925,33770.1625,0.0,0.15896890394925126
0.9859517005,2021-06-24,1.0700284516,33774.1695833333,0.0,0.1629716601113929
0.8196378229,2021-06-25,1.0646545808,33280.9470833333,0.017297625025417727,0.06807042738996265
0.964912195,2021-06-26,1.0109819277,31560.4325,0.0,0.15717863162480347
0.9821565908,2021-06-27,1.0614232431,33154.5466666667,0.0,0.16205750227388133
0.9689092133,2021-06-28,1.1037944838,34486.7675,0.0,0.16349608763178153
0.974811367,2021-06-29,1.1387568445,35591.8541666667,0.0,0.16629750893453893
0.9801107575,2021-06-30,1.1170565659,34890.3125,0.0,0.16541830398741147
0.9873657874,2021-07-01,1.0793348869,33678.2479166667,0.0,0.16370230016296516
0.8970092789,2021-07-02,1.0709798846,33328.3079166667,0.0,0.15450247330772832
0.9846018412,2021-07-03,1.1033029181,34341.12375,0.0,0.16496965922301898
0.996327525,2021-07-04,1.1336098251,35302.0029166667,0.0,0.16803193184431026
1.0175744192,2021-07-05,1.0938304082,34060.1054166667,0.0,0.1675262521937827
0.9863409805,2021-07-06,1.0979631491,34191.0975,0.0,0.16479504444355553
1.004377262,2021-07-07,1.1095889546,34562.3883333333,0.0,0.1672681279036437
0.9992256466,2021-07-08,1.0559228512,32861.10625,0.0,0.1633428326358661
0.9925018245,2021-07-09,1.0662121307,33193.4304166667,0.0,0.16335584670379766
0.9740545088,2021-07-10,1.0820039873,33689.1283333333,0.0,0.16259633598324616
0.9976272122,2021-07-11,1.0858746853,33821.4208333333,0.0,0.16510455424302498
1.0391756622,2021-07-12,1.0801489703,33659.4025,0.0,0.16872317320700642
0.990378745,2021-07-13,1.0545971774,32844.67875,0.0,0.16240961189033332
0.9537570292,2021-07-14,1.0429907828,32467.4375,0.0,0.15815533440733523
0.9625875172,2021-07-15,1.0319536349,32084.1091666667,0.0,0.15829654383462263
0.9599920258,2021-07-16,1.0217806497,31745.9333333333,0.0,0.1573971969657032
1.4162788632,2021-07-17,1.0146364645,31595.0183333333,0.0,0.20070058676259753
0.9466984496,2021-07-18,1.0212061946,31787.2541666667,0.0,0.1560855485216261
0.9875892064,2021-07-19,1.0013652377,31159.71625,0.0,0.15873861043714543
1.003758032,2021-07-20,0.9586062055,29814.6029166667,0.0,0.15755541232211928
0.9535066669,2021-07-21,1.0041657163,31241.0741666667,0.0,0.15564897946239276
1.0134578287,2021-07-22,1.0321458256,32136.6291666667,0.0,0.16318754638596175
0.8802280746,2021-07-23,1.0472569576,32530.9333333333,0.0,0.15137630876283067
0.9842451161,2021-07-24,1.0913981254,33917.5416666667,0.0,0.16417429517971754
0.9888424051,2021-07-25,1.1066843133,34412.5854166667,0.0,0.16559254529702735
1.0867527596,2021-07-26,1.2263878937,38328.2004166667,0.0,0.1826360763354028
1.2222775549,2021-07-27,1.2004301587,37754.2404166667,0.0,0.19397392450623077
1.1073393699,2021-07-28,1.2621031198,39874.3129166667,0.0,0.18689394534677478
1.471032152,2021-07-29,1.2478085619,39839.0466666667,0.0,0.22085993643987745
1.0380259403,2021-07-30,1.245290854,39687.4341666667,0.0,0.1791715249188029
1.0089520021,2021-07-31,1.305201758,41635.6275,0.0,0.18021369179793306
1.0477799972,2021-08-01,1.298534399,41447.4541666667,0.0,0.18351120013382755
1.065887878,2021-08-02,1.2396747302,39593.885,0.0,0.18148454653895682
1.0135677793,2021-08-03,1.2037165928,38441.38375,0.0,0.17416774807602003
1.0134547311,2021-08-04,1.2118208528,38737.3283333333,0.0,0.17467506527794202
0.9985979414,2021-08-05,1.2328899375,39444.33375,0.0,0.17459731195021372
1.0144962507,2021-08-06,1.2910572583,41391.97875,0.0,0.17984106100357644
1.0314531868,2021-08-07,1.3579046572,43591.7845833333,0.0,0.1857413125571245
1.0324239082,2021-08-08,1.3782094379,44290.2104166667,0.0,0.18713262881864595
1.0682958207,2021-08-09,1.3942208983,44932.44625,0.0,0.19159664152382755
1.0675879821,2021-08-10,1.4121817814,45602.9854166667,0.0,0.192677114660961
1.0502028517,2021-08-11,1.4244099831,46073.5341666667,0.0,0.19179162467584368
1.0696847644,2021-08-12,1.3867516019,44895.23,0.0,0.19125228644571812
1.0573689667,2021-08-13,1.4255998276,46251.7770833333,0.0,0.1925549652038066
1.1288242038,2021-08-14,1.4480858658,47093.56625,0.0,0.20084555746042448
1.0485220538,2021-08-15,1.4268178362,46436.1766666667,0.0,0.19178437785829022
1.0562741459,2021-08-16,1.4389945837,46902.34375,0.0,0.1933063820551323
1.0690614425,2021-08-17,1.4082174428,45940.4291666667,0.0,0.1925649603470468
1.0858614721,2021-08-18,1.3822479878,45159.2433333333,0.0,0.19251576682519952
1.0570536441,2021-08-19,1.3835624751,45275.59125,0.0,0.18983699749914065
1.0383940431,2021-08-20,1.4589846907,47856.3791666667,0.0,0.19286969184557318
1.0603058222,2021-08-21,1.4931864638,49057.9416666667,0.0,0.19715788601395606
1.0987485545,2021-08-22,1.4869176904,48911.8079166667,0.0,0.20044392996200422
1.1004153396,2021-08-23,1.512987374,49910.6404166667,0.0,0.20227059064691677
1.0549988749,2021-08-24,1.4807206488,48887.9566666667,0.0,0.19585190129726052
1.1894532381,2021-08-25,1.4559870717,48278.8120833333,0.0,0.20716535826663132
1.0710671747,2021-08-26,1.4247297533,47290.2508333333,0.0,0.19381306149555078
1.0268835444,2021-08-27,1.4377094519,47782.6025,0.0,0.1904055109795696
1.0275581466,2021-08-28,1.4697608253,48905.1475,0.0,0.19251946551136753
1.0285150353,2021-08-29,1.4612522201,48650.5675,0.0,0.19206722431785833
1.0581722913,2021-08-30,1.4423608088,48076.6208333333,0.0,0.1937036486820879
1.0586000378,2021-08-31,1.4174615455,47302.1291666667,0.0,0.1921526966703273
1.0309738048,2021-09-01,1.4275526986,47714.0966666667,0.0,0.19014839859531313
1.0281966901,2021-09-02,1.4828599558,49668.7175,0.0,0.1934182192689299
1.0557293735,2021-09-03,1.4882568308,49935.8295833333,0.0,0.19640379781664774
1.0628340931,2021-09-04,1.4907452874,50082.1891666667,0.0,0.19724427910506503
1.0470749155,2021-09-05,1.4986816719,50404.26875,0.0,0.19624032170305936
1.05047405,2021-09-06,1.537521838,51804.1216666667,0.0,0.19904962489633837
1.055891442,2021-09-07,1.4801920822,49843.755,0.0,0.19590370812981023
1.0775516675,2021-09-08,1.3740740139,46280.7945833333,0.0,0.19119619910045885
1.0610712092,2021-09-09,1.3763141266,46439.3333333333,0.0,0.18975886688135107
1.0223275504,2021-09-10,1.3598274739,45891.525,0.0,0.18498905730475268
1.0161176363,2021-09-11,1.345401594,45408.80375,0.0,0.18347115365818412
1.0191092015,2021-09-12,1.3513880823,45644.6495833333,0.0,0.18414081545516217
1.0014657511,2021-09-13,1.3276178801,44839.0095833333,0.0,0.18092893462675985
1.0170550838,2021-09-14,1.3630267984,46109.4895833333,0.0,0.1846879557061695
1.0316589102,2021-09-15,1.4039185863,47585.1633333333,0.0,0.18870301806822298
1.0389253943,2021-09-16,1.4101768739,47854.4725,0.0,0.18980004366712452
1.036491619,2021-09-17,1.4005882188,47566.8604166667,0.0,0.18895356627035423
1.0255733184,2021-09-18,1.4196418224,48260.42625,0.0,0.1891246704588253
1.0440494869,2021-09-19,1.4026539839,47709.7716666667,0.0,0.18981048125185326
1.0280132158,2021-09-20,1.3122072108,44564.35125,0.0,0.18248966153924676
1.0093454121,2021-09-21,1.2504798235,42420.0441666667,0.0,0.17675268561319235
1.0115628292,2021-09-22,1.2544189007,42588.5445833333,0.0,0.17721719820910178
0.9777215446,2021-09-23,1.2993985751,44147.5866666667,0.0,0.17684750046295022
0.9984523808,2021-09-24,1.2694663647,43097.1204166667,0.0,0.17692192550859662
1.0090730284,2021-09-25,1.2550537333,42619.1329166667,0.0,0.17701900305335827
1.3258440593,2021-09-26,1.2538718334,42821.59,0.0,0.20732334526697505
1.0030539537,2021-09-27,1.2740044828,43512.1345833333,0.0,0.17765339109716485
1.0117623865,2021-09-28,1.2278826042,41909.8320833333,0.0,0.17553969533609476
1.0075508574,2021-09-29,1.2261032647,41867.3554166667,0.0,0.1750220238876461
0.9927480219,2021-09-30,1.2670103332,43318.48125,0.0,0.17621781889047827
1.0154762754,2021-10-01,1.346038743,46157.46125,0.0,0.18345038113579137
1.0321340933,2021-10-02,1.3927191566,47843.3341666667,0.0,0.18803253667076522
1.0287587975,2021-10-03,1.3971605245,48043.66125,0.0,0.18799279520801826
1.0306155013,2021-10-04,1.3992584387,48197.2445833333,0.0,0.1883049958541429
1.0274504474,2021-10-05,1.4514150131,50131.58125,0.0,0.1913361671948528
1.0900637121,2021-10-06,1.5232035539,52982.5533333333,0.0,0.20193100648826634
1.0721460676,2021-10-07,1.5561253978,54362.9054166667,0.0,0.20231752753814977
1.0545096266,2021-10-08,1.5559064238,54462.5520833333,0.0,0.2006121051398685
1.0575944172,2021-10-09,1.5625640058,54774.7733333333,0.0,0.20133361518434917
1.074699497,2021-10-10,1.572199295,55210.4666666667,0.0,0.20359012488804365
1.0527517258,2021-10-11,1.6120119614,56769.9525,0.0,0.20403071282809448
1.0927986951,2021-10-12,1.6028505758,56603.63375,0.0,0.2072856671607996
1.0848811408,2021-10-13,1.5834443893,56049.8291666667,0.0,0.20528556834462713
1.0522285368,2021-10-14,1.623457525,57653.1845833333,0.0,0.20471232719467347
1.0644446357,2021-10-15,1.6810997705,60017.92875,0.0,0.20956936250913016
1.0735776157,2021-10-16,1.7113003227,61236.09125,0.0,0.21237618204240774
1.0548300885,2021-10-17,1.6985628815,60869.6366666667,0.0,0.20976381235931102
1.0976572402,2021-10-18,1.7184155304,61816.3495833333,0.0,0.21514045956381112
1.1878927981,2021-10-19,1.7335986026,62798.4720833333,0.0,0.22476525044583023
1.1003686465,2021-10-20,1.78272072,65025.66,0.0,0.2195119540390151
1.1068652933,2021-10-21,1.752860834,64185.6975,0.0,0.21822587408396504
1.0626496604,2021-10-22,1.6956911268,62134.3091666667,0.0,0.21033013766607683
1.0710252488,2021-10-23,1.6662272226,61109.1095833333,0.0,0.20924957524783142
1.0846141034,2021-10-24,1.6512487251,60698.6704166667,0.0,0.2095951389552474
1.0559835685,2021-10-25,1.6976771344,62671.8795833333,0.0,0.2098178051117576
1.0681068596,2021-10-26,1.682364949,62242.35875,0.0,0.21000147914923334
1.0395113442,2021-10-27,1.6085944724,59493.6658333333,0.0,0.20254239199908236
1.0493064434,2021-10-28,1.6263042118,60310.1441666667,0.0,0.20461409154652815
1.0263925817,2021-10-29,1.6578438254,61635.8945833333,0.0,0.20443307550186968
1.0463569913,2021-10-30,1.6553748357,61616.4079166667,0.0,0.20618990226119716
1.1001942797,2021-10-31,1.6377696493,61090.13125,0.0,0.21022754823703932
1.1613559223,2021-11-01,1.6357512625,61255.6358333333,0.0,0.2159642034729353
1.1141266998,2021-11-02,1.6617019143,62607.51875,0.0,0.2130938846509042
1.0979104066,2021-11-03,1.6627326739,62877.2054166667,0.0,0.21160456520843524
1.0377672455,2021-11-04,1.6335388899,61803.7241666667,0.0,0.20396998633037963
1.0766583255,2021-11-05,1.6217241645,61519.2158333333,0.0,0.2069444395526005
1.0655882697,2021-11-06,1.6058518943,60992.9791666667,0.0,0.204867946950834
1.0260720458,2021-11-07,1.6350361625,62180.9425,0.0,0.20294408938983113
1.054392465,2021-11-08,1.7217092939,65860.42625,0.0,0.21120174573620087
1.0761019905,2021-11-09,1.7593102662,67564.7466666667,0.0,0.2156878761297579
1.1194254954,2021-11-10,1.7338282302,66786.7858333333,0.0,0.21821357902820804
1.0855220671,2021-11-11,1.683596008,64976.1333333333,0.0,0.21175039346591992
1.275329823,2021-11-12,1.6418899289,64169.9991666667,0.0,0.22728735002279482
1.0386020105,2021-11-13,1.637721582,64046.1258333333,0.0,0.20431747166603648
1.0315886443,2021-11-14,1.6480705193,64512.8654166667,0.0,0.2043065313411822
1.063651232,2021-11-15,1.6578282364,65067.9020833333,0.0,0.20800536767393812
1.118783117,2021-11-16,1.5457373119,60750.975,0.0,0.20612607206840833
1.0501520784,2021-11-17,1.5228267097,59926.9591666667,0.0,0.1980791892271619
0.9972497593,2021-11-18,1.499495729,58936.8954166667,0.0,0.1915138908098954
1.021104312,2021-11-19,1.4565242637,57262.0008333333,0.0,0.19105420968782844
0.9943355914,2021-11-20,1.4935531672,58753.90625,0.0,0.1908544603093021
1.0135922044,2021-11-21,1.5034813918,59169.09,0.0,0.19333604199305338
1.0250291649,2021-11-22,1.4573993687,57331.0183333333,0.0,0.19148657376269468
1.0072782866,2021-11-23,1.447380722,56960.51875,0.0,0.1891436182009894
1.0113660236,2021-11-24,1.440689331,56733.2425,0.0,0.18910782740187118
1.1537699934,2021-11-25,1.4707762867,58305.9975,0.0,0.20468873116350922
1.0222297625,2021-11-26,1.4048570395,55576.0375,0.0,0.18785871769456736
1.0008963183,2021-11-27,1.3818804354,54664.3591666667,0.0,0.18434368819567032
1.0107439686,2021-11-28,1.3813777128,54687.6575,0.0,0.18525598418569122
0.997992982,2021-11-29,1.4515552189,57591.3754166667,0.0,0.18852001482511135
1.0221380929,2021-11-30,1.4441833288,57343.6479166667,0.0,0.1903643165856479
1.0410515164,2021-12-01,1.44315304,57397.59,0.0,0.19211233426780455
1.0113295843,2021-12-02,1.4267774554,56745.94875,0.0,0.18821485423186818
1.0111709542,2021-12-03,1.4043258008,55808.0141666667,0.0,0.18676415765840382
1.0185333807,2021-12-04,1.236978189,48951.1029166667,0.0,0.17677060822737858
0.9759701967,2021-12-05,1.2431318415,49182.2579166667,0.0,0.1730820321351203
0.9536009792,2021-12-06,1.2369751835,48889.5958333333,0.0,0.17054307754505155
1.0424457017,2021-12-07,1.287255944,51010.5704166667,0.0,0.1822785083879973
0.9990470746,2021-12-08,1.269214204,50277.9166666667,0.0,0.17696283728023016
1.0013461135,2021-12-09,1.2386873464,49011.4,0.0,0.17523154204496638
1.001680171,2021-12-10,1.2184323909,48185.4583333333,0.0,0.1739685461900643
1.0081944159,2021-12-11,1.2255431128,48492.5904166667,0.0,0.17504793010594383
0.9867945779,2021-12-12,1.2527061762,49584.3895833333,0.0,0.17473229454742042
1.0180175232,2021-12-13,1.2177057208,48168.87375,0.0,0.1754889182477477
1.032818179,2021-12-14,1.1931808365,47223.6366666667,0.0,0.1753403358719175
0.9784879283,2021-12-15,1.2159463707,48117.6875,0.0,0.17158534762749517
1.00504317,2021-12-16,1.2274128771,48585.4470833333,0.0,0.17486525646575699
1.0052572241,2021-12-17,1.1904742701,47076.2733333333,0.0,0.1725240552165222
1.0030448846,2021-12-18,1.1796607315,46650.3754166667,0.0,0.17162049968368256
0.9984622861,2021-12-19,1.1934484501,47210.15375,0.0,0.17206254609821403
0.989745877,2021-12-20,1.1745805286,46436.6270833333,0.0,0.17002024800567628
0.9834156039,2021-12-21,1.2243760299,48458.6604166667,0.0,0.1725969001066881
1.0070980161,2021-12-22,1.2363617199,48958.6158333333,0.0,0.1756344852345823
1.0216251031,2021-12-23,1.2399865672,49157.1020833333,0.0,0.17725946526788672
0.9910476403,2021-12-24,1.2868206651,51063.2045833333,0.0,0.17732134976988345
1.0018728364,2021-12-25,1.2811299889,50844.0504166667,0.0,0.1779956969614856
1.0181975946,2021-12-26,1.2639047284,50181.1604166667,0.0,0.17845999690096248
1.0089035643,2021-12-27,1.285279642,51070.69625,0.0,0.17893529338797043
1.0214248978,2021-12-28,1.2301317518,48844.9225,0.0,0.17661018089049468
1.0069812592,2021-12-29,1.1992809537,47594.7479166667,0.0,0.17325246839358843
1.0077548337,2021-12-30,1.1871456171,47114.4054166667,0.0,0.17255076547312362
1.0072230221,2021-12-31,1.1907089998,47244.7008333333,0.0,0.17272759279569722
1.0130243054,2022-01-01,1.187591866,47135.9741666667,0.0,0.17308466552831864
0.9904525914,2022-01-02,1.1899932791,47242.7125,0.0,0.1710734647586848
0.9993443605,2022-01-03,1.178695947,46785.24375,0.0,0.17120391604535196
0.9841664411,2022-01-04,1.1695107389,46398.48125,0.0,0.16916100722691524
1.0074163672,2022-01-05,1.156243774,45857.48375,0.0,0.17054254511275446
1.0056033222,2022-01-06,1.0886546594,43097.07625,0.0,0.16604724482843522
0.9532799279,2022-01-07,1.0623949961,41981.5204166667,0.0,0.15935021806381858
0.979585331,2022-01-08,1.0554281817,41686.7775,0.0,0.16142760170885667
0.9733057733,2022-01-09,1.0612203171,41916.57625,0.0,0.16119569068629355
0.9909652271,2022-01-10,1.0541051004,41628.9779166667,0.0,0.16243439667929907
0.965279946,2022-01-11,1.0693478901,42217.4720833333,0.0,0.16094562378313856
0.9968854974,2022-01-12,1.0939150008,43222.8416666667,0.0,0.1655474908121088
0.9866248468,2022-01-13,1.0990618934,43415.9004166667,0.0,0.16489251863519355
0.998375564,2022-01-14,1.0828800867,42778.545,0.0,0.16498486033613213
0.9940208891,2022-01-15,1.0920711132,43157.5525,0.0,0.16515486874345092
1.0041990569,2022-01-16,1.0901185039,43095.9670833333,0.0,0.16600616212541475
0.9845545929,2022-01-17,1.076551407,42533.0779166667,0.0,0.1632547263755089
0.9882931425,2022-01-18,1.0626898274,41965.4591666667,0.0,0.16272700907248094
0.9477014691,2022-01-19,1.0625018114,41905.1291666667,0.0,0.15882204567903002
0.9797794364,2022-01-20,1.0704041388,42193.6283333333,0.0,0.16240372962434912
0.9774019019,2022-01-21,0.9837629312,38570.0670833333,0.0,0.1566361653589284
1.0065938237,2022-01-22,0.9062694888,35461.22375,0.0,0.15448114541577196
0.9652130611,2022-01-23,0.9066344269,35463.7466666667,0.0,0.15053585848687642
0.9275383816,2022-01-24,0.8994701254,35122.9683333333,0.0,0.14646460904481245
0.9486679844,2022-01-25,0.9350837985,36510.4870833333,0.0,0.15076806076636975
0.9671968161,2022-01-26,0.9611824365,37516.875,0.0,0.15421372638261396
0.9831382118,2022-01-27,0.9329556788,36384.2216666667,0.0,0.15393786129169035
0.9256910036,2022-01-28,0.9515457771,37058.9329166667,0.0,0.14961697809796742
0.911726389,2022-01-29,0.9732202642,37845.1625,0.0,0.14966349616590346
0.9644092998,2022-01-30,0.9769008021,37952.85125,0.0,0.1549513691256972
0.9933361858,2022-01-31,0.9674522128,37588.0675,0.0,0.15712148962243314
1.1524995747,2022-02-01,0.9913927148,38574.1483333333,0.0,0.1739167210396697
0.9993142142,2022-02-02,0.9787740688,38024.73125,0.0,0.1584186934516186
0.997270078,2022-02-03,0.9483768246,36827.4495833333,0.0,0.15627915328298908
0.9743329826,2022-02-04,0.9963530978,38757.3070833333,0.0,0.15714681365614408
0.964245492,2022-02-05,1.0667430969,41528.595,0.0,0.16067987282472276
0.9986324761,2022-02-06,1.0690885545,41631.79,0.0,0.16412771536817666
1.0154717772,2022-02-07,1.1068976673,43187.7525,0.0,0.16816007495145419
1.0107403371,2022-02-08,1.1247518798,43925.2279166667,0.0,0.16884784464138547
1.0140562706,2022-02-09,1.1252978894,43975.1691666667,0.0,0.1692007690822508
1.0237205238,2022-02-10,1.1331115024,44326.27625,0.0,0.1706271948661157
1.0486104629,2022-02-11,1.1027490253,43150.76875,0.0,0.17107298865136303
1.0463390133,2022-02-12,1.0818418913,42357.1491666667,0.0,0.16951841367998058
1.0057703783,2022-02-13,1.0813775941,42354.27625,0.0,0.16559799529384098
0.9944033093,2022-02-14,1.0783455455,42242.6970833333,0.0,0.16431397817108206
1.0044114729,2022-02-15,1.1199603735,43937.5283333333,0.0,0.1679345224844164
1.0126478048,2022-02-16,1.1205437083,43985.7175,0.0,0.16876172392032582
1.025498442,2022-02-17,1.0861132717,42604.5120833333,0.0,0.16779279746893738
1.027939506,2022-02-18,1.0309986335,40416.33375,0.0,0.16450306328075026
0.9999879376,2022-02-19,1.0223984151,40081.6129166667,0.0,0.1612725006034524
1.0009496307,2022-02-20,0.9884197219,38731.30625,0.0,0.1591922485501435
0.9862803461,2022-02-21,0.9822950064,38460.065,0.0,0.15739379791216412
0.9952974743,2022-02-22,0.9577779333,37483.1095833333,0.0,0.1566910460505231
0.9976727079,2022-02-23,0.9759446769,38207.1883333333,0.0,0.15808036309030787
0.9876141581,2022-02-24,0.9245464351,36151.6554166667,0.0,0.1538294679701913
0.9213487738,2022-02-25,0.9945393841,38890.3370833333,0.0,0.15194940317821554
0.9701820739,2022-02-26,1.0034537297,39232.9520833333,0.0,0.15720271146125991
1.0058071007,2022-02-27,0.9898030171,38695.2808333333,0.0,0.1597465471879495
0.9752838986,2022-02-28,1.0069478385,39513.0070833333,0.0,0.15791540323448214
0.9358313665,2022-03-01,1.11316764,43698.2129166667,0.0,0.1609230465214542
1.0132616536,2022-03-02,1.1216622095,44059.2225,0.0,0.16889210825574952
1.0535074643,2022-03-03,1.0964984793,43097.0575,0.0,0.1711429964558138
1.0361164022,2022-03-04,1.0421948157,40909.75875,0.0,0.16600311425021672
1.0346357408,2022-03-05,0.9977469466,39165.9145833333,0.0,0.16301926447867882
0.9926940238,2022-03-06,0.99403194,39020.8866666667,0.0,0.15875932132782244
0.9967220563,2022-03-07,0.974206758,38226.0433333333,0.0,0.15787807421911673
0.9967223887,2022-03-08,0.9850971557,38660.3716666667,0.0,0.1585744014403303
0.9509396454,2022-03-09,1.059827132,41627.6979166667,0.0,0.15896159281464356
1.0016997511,2022-03-10,1.0092353663,39591.3829166667,0.0,0.16059507098849352
1.0503057759,2022-03-11,0.9927921748,38953.98375,0.0,0.16420530694581828
1.0043088577,2022-03-12,0.996508293,39105.7666666667,0.0,0.1600315710254805
1.0014566862,2022-03-13,0.9901462858,38858.9279166667,0.0,0.15935126836045138
0.9984888989,2022-03-14,0.9878639846,38780.0208333333,0.0,0.15892072022657452
0.9703722623,2022-03-15,0.9942338554,39023.4979166667,0.0,0.15663146376595877
0.9931203661,2022-03-16,1.0250668487,40279.4095833333,0.0,0.1607844771783336
0.9698402407,2022-03-17,1.0424154621,40933.4570833333,0.0,0.1596610098854536
1.0074162485,2022-03-18,1.0428108165,40971.2291666667,0.0,0.16329001254837094
1.0014272384,2022-03-19,1.0652982143,41879.0583333333,0.0,0.16415340531442535
1.0089416997,2022-03-20,1.0583586041,41618.2079166667,0.0,0.16443038402801824
1.0119158243,2022-03-21,1.0452387244,41110.2033333333,0.0,0.1638767763789613
1.0029075392,2022-03-22,1.0785694382,42474.9470833333,0.0,0.16514389083344794
1.0171274605,2022-03-23,1.0732115115,42294.4658333333,0.0,0.16616508384733975
1.0010791337,2022-03-24,1.0995371563,43384.3670833333,0.0,0.1663091429622523
1.1466966772,2022-03-25,1.11794381,44323.6083333333,0.0,0.1814514451766911
1.0149642088,2022-03-26,1.1205989311,44407.8279166667,0.0,0.1689874092828486
1.0170171168,2022-03-27,1.134642371,45013.4383333333,0.0,0.1700821835546794
1.0243666898,2022-03-28,1.188917495,47330.2579166667,0.0,0.1742572125550232
1.0675676473,2022-03-29,1.1924723379,47565.6875,0.0,0.17862768277178748
1.0267956063,2022-03-30,1.184102396,47246.9675,0.0,0.17418229645367062
1.0188529309,2022-03-31,1.1696931669,46668.5841666667,0.0,0.17249927702261994
1.0383712745,2022-04-01,1.1404488337,45547.415,0.0,0.17250139858070693
0.9840046382,2022-04-02,1.1633634329,46471.8629166667,0.0,0.16875245149119117
1.0172079652,2022-04-03,1.1597506961,46352.97875,0.0,0.17170582858472874
1.0195181514,2022-04-04,1.1515501113,46048.755,0.0,0.17140306910290243
1.009138804,2022-04-05,1.1579139039,46320.0904166667,0.0,0.1708145178023046
1.0158668261,2022-04-06,1.1154461807,44575.2195833333,0.0,0.16874452524463157
1.0091926019,2022-04-07,1.0880265682,43466.7808333333,0.0,0.16635131647215515
0.998944458,2022-04-08,1.0835404471,43275.0016666667,0.0,0.1650816413044358
1.0117559325,2022-04-09,1.0633269159,42472.6933333333,0.0,0.1650179399951084
0.9935036306,2022-04-10,1.0694264952,42730.0166666667,0.0,0.1636574405025527
0.9959664849,2022-04-11,1.031942153,41172.5933333333,0.0,0.16149701784691822
1.0676974939,2022-04-12,1.0007615658,39959.7125,0.0,0.1663827947518861
0.985638577,2022-04-13,1.0136520002,40489.38875,0.0,0.15933710963181288
1.0257981239,2022-04-14,1.0175027453,40670.0079166667,0.0,0.16343481251621134
1.0093945859,2022-04-15,1.0071866878,40245.4308333333,0.0,0.16120205810982963
0.9890080907,2022-04-16,1.0108993618,40397.14625,0.0,0.1594842682379659
0.9980431012,2022-04-17,1.0080364461,40290.5420833333,0.0,0.160167725255062
0.9923011786,2022-04-18,0.9925940766,39679.5116666667,0.0,0.15862971338769988
0.9722246136,2022-04-19,1.026709207,41060.8658333333,0.0,0.15888547800055597
1.0001731953,2022-04-20,1.036716639,41479.8416666667,0.0,0.1622057267356464
1.073116747,2022-04-21,1.0396840616,41666.8929166667,0.0,0.16939110119599166
1.0021454336,2022-04-22,1.0020119841,40117.75375,0.0,0.16017597542057987
1.0005929305,2022-04-23,0.9908465538,39669.84875,0.0,0.1593132026927948
0.9922305539,2022-04-24,0.9900422081,39638.7283333333,0.0,0.15845978225419372
0.9772677738,2022-04-25,0.9802268269,39242.90375,0.0,0.15639721521376176
0.9617074004,2022-04-26,0.9904691065,39613.2545833333,0.0,0.1555597552828247
1.0086895676,2022-04-27,0.9714201468,38855.855,0.0,0.15884765122253178
0.9751543299,2022-04-28,0.9903316113,39618.14875,0.0,0.1568405913631699
0.985774655,2022-04-29,0.9771317054,39061.3554166667,0.0,0.15701517556174266
0.9990921073,2022-04-30,0.9629726404,38488.0629166667,0.0,0.15738710219960095
0.982273028,2022-05-01,0.9531787567,38086.3375,0.0,0.15514788136061278
0.9363272181,2022-05-02,0.9688006417,38662.5516666667,0.0,0.15174026160125992
0.9694774298,2022-05-03,0.9597108582,38245.5954166667,0.0,0.1543383607593215
1.0025044359,2022-05-04,0.9743667595,38858.5458333333,0.0,0.15844286298477506
0.9840022672,2022-05-05,0.9637106465,38374.6204166667,0.0,0.15598709750933193
1.0169387492,2022-05-06,0.9084017447,36138.5195833333,0.0,0.15560960420629205
0.9826797796,2022-05-07,0.9010924765,35831.1,0.0,0.15185666955851443
0.9870018177,2022-05-08,0.8686171926,34513.75625,0.0,0.1501948141402436
0.9305677486,2022-05-09,0.8237195502,32548.1141666667,0.0,0.14191190372921536
0.9625761075,2022-05-10,0.7942853991,31306.7883333333,0.0,0.14309974322488866
0.9067125255,2022-05-11,0.7784900817,30524.9475,0.0,0.13673224997229266
0.945494244,2022-05-12,0.7266815371,28374.27625,0.0,0.13713914481335826
0.8935198859,2022-05-13,0.7735574184,30150.785,0.0,0.1351516326966896
1.0809502554,2022-05-14,0.7537601882,29385.8441666667,0.0,0.15186136413124196
0.9625028602,2022-05-15,0.773299731,30140.8841666667,0.0,0.1417509655226633
0.959635353,2022-05-16,0.7685095273,29931.8820833333,0.0,0.1411696879089882
0.9478606964,2022-05-17,0.7778680091,30273.2616666667,0.0,0.1406387898928202
0.9653868528,2022-05-18,0.7600109117,29538.66375,0.0,0.14117791234001198
0.9314646162,2022-05-19,0.7614338588,29561.6254166667,0.0,0.1380155804827649
0.9412064764,2022-05-20,0.7677419986,29766.53,0.0,0.1393531942769332
0.9928465726,2022-05-21,0.7564072993,29322.98875,0.0,0.14358103247316695
0.9792566792,2022-05-22,0.7679225704,29776.07125,0.0,0.14301394211026155
0.9616262241,2022-05-23,0.7751210537,30032.5658333333,0.0,0.1417833410219444
0.9940650611,2022-05-24,0.756343138,29293.8366666667,0.0,0.14369378929072935
0.970178532,2022-05-25,0.7679028376,29736.06125,0.0,0.14214204123594082
0.9602883141,2022-05-26,0.7603902899,29419.0633333333,0.0,0.14071319342059335
0.9535761585,2022-05-27,0.7469450772,28846.9920833333,0.0,0.13920982288680467
0.9867580003,2022-05-28,0.7477005075,28876.72375,0.0,0.1424404253326872
0.9902251391,2022-05-29,0.7541079444,29130.88375,0.0,0.1431826110259737
0.9681007473,2022-05-30,0.7928862181,30646.0979166667,0.0,0.14354012459207743
0.9981915717,2022-05-31,0.8193909032,31698.86375,0.0,0.14812060378849948
0.9852283334,2022-06-01,0.8031319493,31027.1175,0.0,0.14583782236636078
0.922863455,2022-06-02,0.7795658306,30044.5095833333,0.0,0.13834998376986699
0.966481907,2022-06-03,0.7782119724,29959.3166666667,0.0,0.14244664796213122
0.9203284872,2022-06-04,0.7719372699,29690.3725,0.0,0.13761912334471083
0.9603294284,2022-06-05,0.7747855031,29797.42625,0.0,0.1416375179241459
0.9314362396,2022-06-06,0.8135268617,31280.5233333333,0.0,0.14134351014595425
0.954850172,2022-06-07,0.7814428026,30000.2508333333,0.0,0.1415376754333702
0.9648994217,2022-06-08,0.7930836966,30436.6470833333,0.0,0.1432457277403034
0.9157864425,2022-06-09,0.7886540593,30232.2845833333,0.0,0.13825233398905845
0.9891124354,2022-06-10,0.7728113764,29602.2033333333,0.0,0.1442717316724107
0.920969828,2022-06-11,0.7531823637,28818.60375,0.0,0.13648150557741145
0.9785696369,2022-06-12,0.7209566713,27559.2925,0.0,0.13994520998070095
0.9123532079,2022-06-13,0.6362260625,24072.6808333333,0.0,0.12817733717634586
0.8655566612,2022-06-14,0.5901228334,22153.0916666667,0.0,0.12074163168742491
0.8512770985,2022-06-15,0.5725476718,21372.27125,0.0,0.11824845435712
0.8595609311,2022-06-16,0.5745072837,21358.9733333333,0.0,0.11916820586664625
0.9118862282,2022-06-17,0.5582628539,20667.1716666667,0.0,0.12314784659010014
0.8946263711,2022-06-18,0.5230261167,19256.2729166667,0.03049610331426394,0.0857990946547407
0.937000406,2022-06-19,0.524805151,19311.8925,0.03038235785416231,0.0898629742236138
0.8865065987,2022-06-20,0.5522250401,20305.6958333333,0.0,0.12032777709468989
0.8846691118,2022-06-21,0.5724473997,21017.5641666667,0.0,0.1214445025607114
0.9190037045,2022-06-22,0.5533333472,20276.1141666667,0.0,0.12351527172467644
0.9368941264,2022-06-23,0.560693177,20536.1758333333,0.0,0.12570161441211777
0.9073571577,2022-06-24,0.575575233,21063.5391666667,0.0,0.12382038152346286
1.0183968606,2022-06-25,0.580814446,21258.7970833333,0.0,0.13480461596858767
0.9730761086,2022-06-26,0.5838077057,21366.1508333333,0.0,0.13064951059439248
0.9451566739,2022-06-27,0.5754622331,21035.81375,0.0,0.12743831728617694
0.9537642544,2022-06-28,0.5663432465,20684.3108333333,0.0,0.12768078955330744
0.9445978321,2022-06-29,0.5516375041,20125.6845833333,0.0,0.1258614486792034
0.8552850552,2022-06-30,0.5318713052,19334.2645833333,0.029930571758397848,0.0820260678406576
0.8945211017,2022-07-01,0.5369897696,19488.81375,0.029603314387254522,0.08578899879851891
0.9509262716,2022-07-02,0.5297204708,19215.3341666667,0.030068088864408912,0.09119853362512628
0.9194464597,2022-07-03,0.5284387999,19159.0654166667,0.03015003458418473,0.08817946393506053
0.9585568357,2022-07-04,0.5385366331,19527.3195833333,0.02950441314599014,0.09193034247028696
0.9313676857,2022-07-05,0.5514678971,19989.8216666667,0.0,0.12458176809043042
0.8634890526,2022-07-06,0.5577872122,20180.4833333333,0.0,0.11847590710395756
0.9347837462,2022-07-07,0.5755154571,20820.8691666667,0.0,0.12644690516872217
0.9311976567,2022-07-08,0.6008934302,21733.09375,0.0,0.12772556355461814
0.8842727665,2022-07-09,0.5982571731,21609.5595833333,0.0,0.12305668105144672
0.9920255251,2022-07-10,0.5849813048,21128.5991666667,0.0,0.13254188935138395
0.8258837607,2022-07-11,0.5677882709,20443.4729166667,0.01669860869209535,0.036302469330596325
0.9770788469,2022-07-12,0.5482519685,19721.5675,0.0,0.1287600789388776
0.9664813089,2022-07-13,0.5458317819,19631.7041666667,0.0,0.12758898404094304
0.8963995684,2022-07-14,0.5616793766,20183.9266666667,0.0,0.12188104025583023
0.7807255277,2022-07-15,0.5806283004,20788.13125,0.02102950663202959,0.037123417562564646
0.9885520242,2022-07-16,0.5830443144,20875.7608333333,0.0,0.13208491879083245
0.97634939,2022-07-17,0.592143323,21203.00625,0.0,0.13149638576332387
0.9703534371,2022-07-18,0.6107782883,21877.1179166667,0.0,0.1321128011241683
0.8815620972,2022-07-19,0.6306955547,22553.0125,0.0,0.12487071530023913
1.0015161486,2022-07-20,0.6589139483,23564.9529166667,0.0,0.13817909126279482
0.9250439524,2022-07-21,0.6424525203,22921.0429166667,0.0,0.1297925410909311
0.9241734639,2022-07-22,0.649187535,23126.67625,0.0,0.13013967108916905
0.9506447169,2022-07-23,0.6316480882,22487.675,0.0,0.13155698206048275
0.9644107425,2022-07-24,0.6357786329,22633.58625,0.0,0.13314130512881037
0.9421627801,2022-07-25,0.6168486217,21937.7033333333,0.0,0.1297972943287147
0.9694222931,2022-07-26,0.591842697,21031.08625,0.0,0.1308128218889359
0.9701153632,2022-07-27,0.6099609892,21684.76625,0.0,0.13203771330820505
0.9609201777,2022-07-28,0.656216466,23348.4379166667,0.0,0.13411326889626216
0.9781818442,2022-07-29,0.671374418,23892.5695833333,0.0,0.13673789649432672
1.0076909076,2022-07-30,0.6752986522,24037.9775,0.0,0.13981886396922433
0.9890157225,2022-07-31,0.6664732521,23722.7025,0.0,0.13746355498081453
1.0161149006,2022-08-01,0.6527796519,23236.3275,0.0,0.13918697755161263
0.9797405019,2022-08-02,0.645225938,22962.0754166667,0.0,0.1352155337536437
0.9861337753,2022-08-03,0.6509848552,23169.4004166667,0.0,0.13619688606554625
0.9481776868,2022-08-04,0.6422987136,22842.515,0.0,0.13200134677890302
0.9858213405,2022-08-05,0.6490052972,23082.7129166667,0.0,0.13604035575265433
0.9976698941,2022-08-06,0.6516796491,23182.3054166667,0.0,0.13734767970840683
1.0015087738,2022-08-07,0.6486005725,23077.8808333333,0.0,0.13751898147705277
0.9813212349,2022-08-08,0.6691806408,23819.8370833333,0.0,0.13689871686886415
0.9282086502,2022-08-09,0.6586921613,23417.4816666667,0.0,0.13113435920452549
1.0395709134,2022-08-10,0.6587754078,23436.3395833333,0.0,0.14181987364902404
0.9647754208,2022-08-11,0.6853612902,24381.0291666667,0.0,0.136346427660278
1.0205414976,2022-08-12,0.6744069976,23999.2270833333,0.0,0.14099428972996564
0.9829915018,2022-08-13,0.689456142,24540.3483333333,0.0,0.13835525097185175
0.9943004964,2022-08-14,0.6883927255,24505.59625,0.0,0.13937184823027648
0.9884691062,2022-08-15,0.6818512599,24270.02,0.0,0.13839434978833656
1.0057568453,2022-08-16,0.6730970641,23961.1341666667,0.0,0.13949261570034227
0.9766043952,2022-08-17,0.6656152319,23687.0420833333,0.0,0.13621838837343597
1.0017396547,2022-08-18,0.6579365376,23411.7129166667,0.0,0.13813803425590643
0.965416412,2022-08-19,0.6132749274,21785.9258333333,0.0,0.1317989426875086
0.9888205077,2022-08-20,0.59608015,21172.6391666667,0.0,0.1329441351010447
0.9706168705,2022-08-21,0.6018227293,21379.0395833333,0.0,0.13156547741658794
0.9486669311,2022-08-22,0.5991675557,21275.22125,0.0,0.12929060678752505
0.9614083405,2022-08-23,0.6024634688,21388.61875,0.0,0.13072330056067705
0.9618249102,2022-08-24,0.6043560929,21453.05875,0.0,0.13088425966491707
0.9552254404,2022-08-25,0.6086979151,21602.175,0.0,0.130528939349045
0.9765320243,2022-08-26,0.5962956047,21153.6475,0.0,0.13177938420026453
0.9780419565,2022-08-27,0.567512628,20120.8841666667,0.0,0.1300839075989314
1.0052963137,2022-08-28,0.5634460147,19975.1045833333,0.0,0.13243772972499626
0.9852373622,2022-08-29,0.5638687138,19987.6045833333,0.0,0.13054100300214916
0.907647795,2022-08-30,0.5685626558,20126.6545833333,0.0,0.12339989451542968
0.9613584507,2022-08-31,0.571026753,20207.4891666667,0.0,0.12870855817480048
0.951672842,2022-09-01,0.5645039123,19965.0254166667,0.0,0.12736261192547302
0.9407383805,2022-09-02,0.5684039959,20090.9445833333,0.0,0.12656330118261397
0.9898733404,2022-09-03,0.561318087,19839.86875,0.0,0.1308225377601674
1.0105267416,2022-09-04,0.5602626064,19807.89625,0.0,0.1327358172324974
0.9703352602,2022-09-05,0.5599662884,19790.4791666667,0.0,0.12886230976653118
0.9282872707,2022-09-06,0.5549116282,19588.3916666667,0.0,0.12450652161891346
0.970059075,2022-09-07,0.5361180159,18914.3954166667,0.02965905138215215,0.09303346412008669
0.9300292199,2022-09-08,0.5461976743,19261.4275,0.0,0.12411644230688537
0.9545362022,2022-09-09,0.5887582961,20776.8554166667,0.0,0.1291879659278613
0.9721878765,2022-09-10,0.6061679291,21395.8241666667,0.0,0.1319939621011852
0.9713266781,2022-09-11,0.6119402129,21602.2145833333,0.0,0.13228042929538036
0.9830182201,2022-09-12,0.6272345378,22151.2104166667,0.0,0.1343795736226289
0.9090269464,2022-09-13,0.6095762134,21470.6216666667,0.0,0.126154430667673
0.9762637994,2022-09-14,0.5750902385,20231.0554166667,0.0,0.13039786042523988
0.9247252449,2022-09-15,0.5687333939,19984.51875,0.0,0.12504862286096996
0.9723654757,2022-09-16,0.5608931287,19704.7675,0.0,0.12911627652287402
0.9570622924,2022-09-17,0.56812958,19959.35625,0.0,0.12811129985907638
0.9730746314,2022-09-18,0.5649406001,19847.0266666667,0.0,0.12944306974923928
0.9531458396,2022-09-19,0.5418140333,19018.44625,0.0,0.1260531652543805
0.9380353926,2022-09-20,0.5467363482,19178.485,0.0,0.12491871486943357
0.957907644,2022-09-21,0.542642742,19024.3491666667,0.0,0.12656283069532206
0.9704705925,2022-09-22,0.542129682,19003.0529166667,0.0,0.12773487627661784
0.9629805769,2022-09-23,0.5435116544,19047.1625,0.0,0.12710490538769242
0.9798796468,2022-09-24,0.5444079246,19079.7279166667,0.0,0.12878291428716782
0.9688849223,2022-09-25,0.5414490082,18976.00875,0.0,0.1275392826704334
0.9731425185,2022-09-26,0.5429781946,19030.3441666667,0.0,0.12804537823514123
0.9412805689,2022-09-27,0.5635410347,19742.4695833333,0.0,0.1263043783750994
0.950840067,2022-09-28,0.5463707301,19126.4116666667,0.0,0.12612337009874158
0.9555108565,2022-09-29,0.5542273609,19396.2016666667,0.0,0.12707364842461066
0.9488043107,2022-09-30,0.558048391,19520.4595833333,0.0,0.12667476129816024
0.9829673976,2022-10-01,0.5526219001,19330.7558333333,0.0,0.12960421878683306
0.9785323469,2022-10-02,0.5495676468,19225.83625,0.0,0.12898359681763116
0.9684159755,2022-10-03,0.5524539964,19327.0716666667,0.0,0.12819793022541776
0.9497761413,2022-10-04,0.5704489564,19957.9745833333,0.0,0.12756081503813033
0.9667730612,2022-10-05,0.575328483,20127.3479166667,0.0,0.12950288423246747
0.9767927445,2022-10-06,0.5759471012,20146.4170833333,0.0,0.13050337379151247
1.0021456878,2022-10-07,0.5647801787,19753.9845833333,0.0,0.13222087106697353
0.91149066,2022-10-08,0.5574947959,19490.43625,0.0,0.12306080260170676
0.9846494123,2022-10-09,0.5562314572,19449.4325,0.0,0.12999631523883876
0.946862797,2022-10-10,0.5526898579,19321.2475,0.0,0.12614595397467046
0.9710341102,2022-10-11,0.5453612465,19061.04875,0.0,0.12799553575968314
0.8927790248,2022-10-12,0.5475598215,19118.7229166667,0.0,0.12063105542547602
0.9631040165,2022-10-13,0.5454450714,19039.1020833333,0.0,0.12724036002585115
0.9572341873,2022-10-14,0.5592848479,19521.1254166667,0.0,0.12756228305515319
0.9933803304,2022-10-15,0.5483720988,19141.25625,0.0,0.13033115257574654
0.9644480663,2022-10-16,0.549135514,19169.3308333333,0.0,0.1276052155184442
0.8944818243,2022-10-17,0.5562575011,19400.745,0.0,0.12135046265489315
1.0539770007,2022-10-18,0.5585404628,19472.7858333333,0.0,0.13679280396577942
0.9642502345,2022-10-19,0.5515177814,19212.8116666667,0.0,0.12773855662256314
0.965904061,2022-10-20,0.5489787933,19121.0875,0.0,0.12773483241928563
0.9652851221,2022-10-21,0.5476440656,19073.65,0.0,0.1275901351240846
0.9015382477,2022-10-22,0.5509213554,19177.2158333333,0.0,0.1216860333865207
0.9733435332,2022-10-23,0.5538824123,19279.45375,0.0,0.12876183548593334
0.976984234,2022-10-24,0.5561375445,19358.43375,0.0,0.1292551822589897
1.0030857294,2022-10-25,0.5634666961,19619.77875,0.0,0.13222704605403676
0.9740033032,2022-10-26,0.5901856418,20557.7970833333,0.0,0.1311462168921656
1.0051017133,2022-10-27,0.5917378761,20610.3554166667,0.0,0.1342279528949619
0.9895376687,2022-10-28,0.5856623356,20396.42,0.0,0.1323468344304992
0.9852425162,2022-10-29,0.5968834061,20791.7229166667,0.0,0.13265234550517413
0.9745753543,2022-10-30,0.5949230564,20722.7995833333,0.0,0.13150397375313555
0.989275465,2022-10-31,0.5886687426,20503.5454166667,0.0,0.13251390733444626
0.9751307108,2022-11-01,0.5886515151,20500.435,0.0,0.1311562539650486
0.9897237562,2022-11-02,0.5860271772,20402.7970833333,0.0,0.13238800788517413
0.991236407,2022-11-03,0.5819417179,20255.9466666667,0.0,0.13227186807495442
1.0443451764,2022-11-04,0.5948036522,20725.0579166667,0.0,0.1381876105375938
0.9751159942,2022-11-05,0.6127573635,21343.25375,0.0,0.13269608931152893
0.9647572125,2022-11-06,0.6091635447,21208.4458333333,0.0,0.13147285423463012
0.8532864659,2022-11-07,0.5978942899,20761.24625,0.0,0.12006174000706174
0.9822111922,2022-11-08,0.5630262287,19513.8341666667,0.0,0.13019691266964578
0.9097963935,2022-11-09,0.5058460396,17443.9320833333,0.03159453956943955,0.08725397484814676
0.9040302722,2022-11-10,0.4936189014,16983.6279166667,0.03237630159633538,0.08670097529079958
0.909297764,2022-11-11,0.4977645652,17085.4775,0.032111241818478554,0.08720615381240472
0.847191243,2022-11-12,0.4914962639,16817.9033333333,0.03251201588754746,0.08124983121104469
0.9439819857,2022-11-13,0.4860694755,16621.135,0.03285898645659842,0.09053254225432522
0.8925965793,2022-11-14,0.4819470734,16453.60625,0.03312255895971903,0.08560442757985504
0.8448591899,2022-11-15,0.4936884539,16822.4220833333,0.03237185464378718,0.08102617578221939
0.8670932179,2022-11-16,0.490761032,16681.7829166667,0.03255902413845464,0.08315852905790316
0.7856527836,2022-11-17,0.4904607776,16593.9941666667,0.05313517980968465,0.0
0.6593716306,2022-11-18,0.5005442302,16726.2475,0.06460146509705873,0.0
0.9244668035,2022-11-19,0.4979060392,16626.4333333333,0.03210219644750262,0.08866093974083844
0.9032314113,2022-11-20,0.4961155021,16556.9316666667,0.03221667735788672,0.08662436057856972
0.8889914108,2022-11-21,0.4804296475,16006.1933333333,0.03321957806000598,0.08525867408613959
0.8758863366,2022-11-22,0.4791682074,15940.31375,0.03330023029058138,0.08400183264029593
1.0107877096,2022-11-23,0.4951393157,16464.7054166667,0.03227909142781946,0.09693954166048722
0.920689283,2022-11-24,0.4999312474,16596.33875,0.03197271145752205,0.08829865683770736
0.9335589637,2022-11-25,0.4966433587,16478.0479166667,0.03218292798507548,0.08953292288242266
0.8880721999,2022-11-26,0.4990055599,16547.7858333333,0.03203189679790465,0.08517051721354506
0.9542610833,2022-11-27,0.4985292847,16530.2079166667,0.032062348229762366,0.09151835856428188
0.9242447034,2022-11-28,0.4893066741,16204.5070833333,0.03265201088327903,0.08863963924253176
0.9389855633,2022-11-29,0.4956706448,16408.9583333333,0.03224512003505605,0.09005336062914512
0.9065748737,2022-11-30,0.5111158381,16912.4758333333,0.031257606405742044,0.08694501516264982
0.9551278208,2022-12-01,0.5156184983,17055.86375,0.030969721480684508,0.09160148297823345
0.9313220923,2022-12-02,0.513308309,16967.1929166667,0.031117427202182038,0.08931839584948588
0.9534099858,2022-12-03,0.5135933984,16973.1908333333,0.031099199546327908,0.0914367341037005
0.8971887732,2022-12-04,0.5151690312,17019.4583333333,0.030998458892936783,0.08604484169218951
0.742481425,2022-12-05,0.5213953203,17177.66875,0.055297676214790016,0.0
0.908399239,2022-12-06,0.5165064682,16998.5270833333,0.03091294767658646,0.08711998081995218
0.9749410923,2022-12-07,0.5129276297,16879.5058333333,0.031141766554228067,0.0935016737302212
0.9274846382,2022-12-08,0.5149972701,16942.9654166667,0.03100944071905844,0.08895036501762667
0.8909098766,2022-12-09,0.5228004559,17187.345,0.030510531305631448,0.08544266444690181
0.9974248658,2022-12-10,0.5218891263,17157.9991666667,0.030568798650255573,0.09565797883483186
0.9289105441,2022-12-11,0.5219459918,17157.0525,0.03056516286174862,0.0890871164473128
0.9751112344,2022-12-12,0.5173444616,17004.0729166667,0.03085936920154237,0.09351799119929458
0.9285208614,2022-12-13,0.5320715485,17480.14,0.0299177688763563,0.08904974394864446
0.9098896932,2022-12-14,0.5445838599,17878.69875,0.0,0.12208178021097893
0.9870795449,2022-12-15,0.5353044361,17568.5579166667,0.029711068933854435,0.09466581138280228
0.9847252762,2022-12-16,0.5208825477,17088.40875,0.030633155895073986,0.09444002536803767
0.9593452386,2022-12-17,0.5094339633,16706.7370833333,0.03136513981471529,0.09200595420858168
0.9598149566,2022-12-18,0.510230705,16732.26375,0.03131419883440443,0.09205100248845016
0.8910570173,2022-12-19,0.5090391346,16671.4745833333,0.03139038383173218,0.08545677596792856
0.9615792196,2022-12-20,0.513233296,16804.0741666667,0.03112222328070543,0.09222020403785981
0.9186281438,2022-12-21,0.5141947298,16825.6541666667,0.031060752442319536,0.08810098339208788
0.9596884416,2022-12-22,0.5128240716,16776.1875,0.031148387710285462,0.09203886907408758
0.9511665871,2022-12-23,0.5145292648,16826.3258333333,0.031039363401369,0.09122158107040353
0.9571522476,2022-12-24,0.5147634779,16830.7991666667,0.031024388604749667,0.09179563552307876
0.877216135,2022-12-25,0.5146086391,16818.75375,0.031034288476015547,0.08412936688529367
0.9719438082,2022-12-26,0.5154953998,16847.49875,0.030977591984092064,0.09321421935763563
0.9330915775,2022-12-27,0.5140870231,16795.2729166667,0.031067638845885523,0.08948809823370947
0.8926263012,2022-12-28,0.5096862765,16628.2483333333,0.031349007758675836,0.0856072780570976
0.9114333137,2022-12-29,0.5089400356,16587.2279166667,0.03139671988795696,0.08741096359307876
0.9672720804,2022-12-30,0.5076223493,16536.955,0.031480968311083546,0.09276617755084143
0.7665934484,2022-12-31,0.5092926938,16557.2804166667,0.05375901505814976,0.0
0.9698453787,2023-01-01,0.5092704771,16551.5079166667,0.031375592571606645,0.09301296958777312
0.9783679093,2023-01-02,0.5132714447,16683.1733333333,0.03111978418133912,0.09383032243279181
0.9476873652,2023-01-03,0.5134315545,16683.1954166667,0.031109547300089677,0.09088790647867882
0.9354487879,2023-01-04,0.5181568433,16828.0608333333,0.030807428252318043,0.0897141663720565
0.9612291324,2023-01-05,0.5182958567,16826.36125,0.03079854020381707,0.09218662894351816
0.9325281901,2023-01-06,0.5187459543,16824.705,0.030769762479518757,0.08943406659500373
0.9554188987,2023-01-07,0.5221421721,16933.20875,0.030552619754240024,0.09162939878878942
0.9768952561,2023-01-08,0.5225958644,16948.4754166667,0.030523612196933194,0.09368908770577941
0.9756388657,2023-01-09,0.5312541245,17230.9904166667,0.029970032213256618,0.0935685936511269
0.9392835288,2023-01-10,0.5334376471,17294.0195833333,0.029830425133854435,0.09008193699461366
0.8887901314,2023-01-11,0.5391339234,17465.51125,0.0294662244163025,0.08523937039596173
0.9805410775,2023-01-12,0.5671172366,18380.5745833333,0.0,0.13029830567168285
0.9948317924,2023-01-13,0.5888904843,19100.5016666667,0.0,0.13306096403626064
0.9817176258,2023-01-14,0.6423813325,20851.3195833333,0.0,0.13522327522333882
1.0232295905,2023-01-15,0.6401542619,20786.9779166667,0.0,0.13906208660359737
1.0335864629,2023-01-16,0.648081313,21054.4433333333,0.0,0.14056219084506502
1.046522236,2023-01-17,0.6520670442,21197.5729166667,0.0,0.14205762970407412
1.0074288178,2023-01-18,0.6494259379,21112.8833333333,0.0,0.13813951406604097
0.9805874725,2023-01-19,0.6415422633,20851.4145833333,0.0,0.13506124067299208
1.0033724401,2023-01-20,0.6558607227,21330.3654166667,0.0,0.13816190584116425
0.9911906506,2023-01-21,0.7028664479,22876.1716666667,0.0,0.13999899968639068
1.061317895,2023-01-22,0.7005444478,22813.0458333333,0.0,0.146576088475615
1.0212872304,2023-01-23,0.7006806019,22828.1775,0.0,0.14274565494552385
1.0297073234,2023-01-24,0.704475918,22961.43375,0.0,0.1437958432440861
1.0331659403,2023-01-25,0.6965520483,22713.7804166667,0.0,0.14362091617893438
0.9566557991,2023-01-26,0.7075996873,23065.17875,0.0,0.13698956396792858
0.9511921367,2023-01-27,0.7060334036,22990.7954166667,0.0,0.13636542881190705
1.0250673291,2023-01-28,0.7069847695,23026.5595833333,0.0,0.14351125235025708
1.0223370816,2023-01-29,0.7196091888,23450.7583333333,0.0,0.14405657095073382
1.0340025304,2023-01-30,0.7137363338,23268.7666666667,0.0,0.14479985463418324
1.0363198268,2023-01-31,0.7045549669,22979.3283333333,0.0,0.14443506915220147
1.0546261726,2023-02-01,0.7099190083,23177.4483333333,0.0,0.1465336970121297
1.018029843,2023-02-02,0.7288846449,23809.9475,0.0,0.144236526878093
1.0364715382,2023-02-03,0.7183222873,23474.1154166667,0.0,0.14532985511431476
1.0558220966,2023-02-04,0.7154075035,23389.9983333333,0.0,0.1469993079338694
1.0135281627,2023-02-05,0.7089115224,23182.9108333333,0.0,0.1425277792986564
1.0210359584,2023-02-06,0.7003921081,22910.6666666667,0.0,0.1427031113959737
1.0044986173,2023-02-07,0.7028804643,22998.9804166667,0.0,0.141276195688081
1.0143847572,2023-02-08,0.7057032466,23098.1891666667,0.0,0.1424048046018114
1.0250654352,2023-02-09,0.6880203059,22520.9829166667,0.0,0.14229854679896278
1.0033682361,2023-02-10,0.6652495891,21770.3570833333,0.0,0.13876179514606934
0.9951853684,2023-02-11,0.6633114097,21708.2745833333,0.0,0.13785309699177106
0.9830471739,2023-02-12,0.6679685188,21864.0620833333,0.0,0.13698674395968763
0.9878495863,2023-02-13,0.6627648977,21693.75375,0.0,0.1371146170624376
0.9855110019,2023-02-14,0.6698253893,21929.30125,0.0,0.13734175929782844
0.9915408161,2023-02-15,0.6938857367,22732.4908333333,0.0,0.13945838586932147
1.0001388971,2023-02-16,0.7501455059,24601.5891666667,0.0,0.14388004449156927
1.0416560466,2023-02-17,0.7322423307,24024.9820833333,0.0,0.14671707579983262
1.0069202366,2023-02-18,0.7500026521,24618.5425,0.0,0.1445212749057839
1.0302033,2023-02-19,0.7500590698,24630.0004166667,0.0,0.14675784302353012
1.0308515181,2023-02-20,0.7514540385,24687.725,0.0,0.1469091999454596
1.0212920362,2023-02-21,0.7511778672,24688.1041666667,0.0,0.14597474087844867
1.0027976106,2023-02-22,0.7308707094,24018.13125,0.0,0.14290266271160365
1.0233472065,2023-02-23,0.7335007225,24113.59125,0.0,0.14504162479398447
1.0163319007,2023-02-24,0.7186234301,23624.9945833333,0.0,0.14341761830458377
0.988927364,2023-02-25,0.7012550274,23050.35375,0.0,0.13967891050672845
1.0000584828,2023-02-26,0.7080641193,23280.1183333333,0.0,0.1411817902629353
1.0082983926,2023-02-27,0.7131015511,23453.1316666667,0.0,0.14229411479479898
0.9411697943,2023-02-28,0.7110670493,23364.8554166667,0.0,0.13572607094497835
0.9523294289,2023-03-01,0.7189898178,23612.0616666667,0.0,0.13730289023762818
0.9909578707,2023-03-02,0.7133460134,23426.25875,0.0,0.14064670305794502
1.0049677024,2023-03-03,0.6823919776,22403.4558333333,0.0,0.1400112184497624
0.9913747691,2023-03-04,0.6802509421,22336.0808333333,0.0,0.13857069830546256
0.8976307894,2023-03-05,0.6833393131,22427.48875,0.0,0.12977764694397848
0.9766681629,2023-03-06,0.6833301023,22423.0658333333,0.0,0.13735713314853834
0.8089873231,2023-03-07,0.6828154424,22329.1945833333,0.01831906064366014,0.04365691918378718
0.9899790668,2023-03-08,0.6742885088,22040.2295833333,0.0,0.1380556256509042
0.9898212029,2023-03-09,0.6544316989,21379.4166666667,0.0,0.1367709081886639
0.9872740722,2023-03-10,0.6120785502,19977.6258333333,0.0,0.13381870810137497
0.9603844457,2023-03-11,0.6239606458,20364.3195833333,0.0,0.13199956106395605
0.9625230088,2023-03-12,0.6380458975,20828.4025,0.0,0.13310522338924824
0.9652358558,2023-03-13,0.7069119892,23111.7275,0.0,0.13776846475065313
1.0199574851,2023-03-14,0.7611516232,24925.8008333333,0.0,0.14648443918601553
1.0541213941,2023-03-15,0.753540822,24687.7154166667,0.0,0.14927431807585861
1.0350297371,2023-03-16,0.7545895201,24736.725,0.0,0.14751038394796742
1.0406454573,2023-03-17,0.8035326549,26405.83,0.0,0.15117821845996562
1.0250743439,2023-03-18,0.8333236865,27406.62,0.0,0.15158960985881484
1.0289791425,2023-03-19,0.8357110203,27506.8195833333,0.0,0.152116737442324
1.0449089564,2023-03-20,0.8473730101,27922.99625,0.0,0.15439011374124345
1.0704923303,2023-03-21,0.8496216232,28027.7666666667,0.0,0.15698745460446423
1.0523651349,2023-03-22,0.8500934044,28065.3179166667,0.0,0.15527913099202661
1.113424341,2023-03-23,0.8429055033,27869.0170833333,0.0,0.16067544073104767
1.0356983238,2023-03-24,0.8453757202,27965.35875,0.0,0.1533790685224959
1.026264403,2023-03-25,0.8317094459,27520.0158333333,0.0,0.1516005333075953
1.0468779105,2023-03-26,0.8386372279,27765.6945833333,0.0,0.15402040969413688
1.111501661,2023-03-27,0.8303033519,27531.16625,0.0,0.1596853071000628
1.0339963577,2023-03-28,0.8156240877,27052.88625,0.0,0.15131362239637575
1.0204596118,2023-03-29,0.8464783699,28104.0683333333,0.0,0.15198810036396354
0.6641821113,2023-03-30,0.868525745,28387.0820833333,0.032206596798503954,0.05553061032894934
1.0656451588,2023-03-31,0.8637504393,28221.5375,0.0,0.15742593578456135
1.0464141391,2023-04-01,0.8707979943,28464.6770833333,0.0,0.15603218278613212
1.0290904041,2023-04-02,0.8651229561,28289.0154166667,0.0,0.15400790807510836
1.0379190084,2023-04-03,0.8551152602,27974.7725,0.0,0.1542147565392079
1.019237091,2023-04-04,0.8582416962,28088.55625,0.0,0.15262296202795694
1.0468298028,2023-04-05,0.8660797726,28370.85375,0.0,0.15577037979002242
1.0170740531,2023-04-06,0.8548744843,28006.015,0.0,0.15220022780717532
0.9802130103,2023-04-07,0.8530300959,27941.8175,0.0,0.1485471474720565
1.0154948133,2023-04-08,0.8544788823,27996.7104166667,0.0,0.15202347743873112
1.0125263561,2023-04-09,0.8552896228,28032.7758333333,0.0,0.15179062372488566
1.0102080518,2023-04-10,0.8731653351,28642.89875,0.0,0.1527111997004693
1.0455109292,2023-04-11,0.9171703781,30140.5575,0.0,0.1589104544939202
1.0182450268,2023-04-12,0.9129601929,30003.4758333333,0.0,0.156026334512058
1.0523416726,2023-04-13,0.9197083571,30251.7741666667,0.0,0.15972782640484234
1.0606963138,2023-04-14,0.9296722652,30613.1775,0.0,0.16116613654431627
1.0296790922,2023-04-15,0.9224642423,30384.9883333333,0.0,0.15773057484989988
1.0302433507,2023-04-16,0.9203511956,30326.6529166667,0.0,0.15764958894363623
1.0261983092,2023-04-17,0.9010054239,29695.00375,0.0,0.1560247459808788
1.0398266897,2023-04-18,0.908968416,29984.3675,0.0,0.15784090197956807
1.0775063105,2023-04-19,0.8955921172,29562.0458333333,0.0,0.16059932852877148
1.032032359,2023-04-20,0.8682055074,28649.8758333333,0.0,0.15448714404962188
1.0407498966,2023-04-21,0.8461336392,27927.9016666667,0.0,0.15391199813151696
1.0112716438,2023-04-22,0.8313486756,27443.5516666667,0.0,0.1501395870943267
1.0236235136,2023-04-23,0.8351615528,27581.3525,0.0,0.1515679750358631
0.9951306852,2023-04-24,0.8324633288,27493.645,0.0,0.14866285648684502
0.9938013972,2023-04-25,0.8338943335,27544.6141666667,0.0,0.1486268648116186
1.0077492139,2023-04-26,0.8732474046,28871.8983333333,0.0,0.15248063222948888
1.0164399806,2023-04-27,0.8815246839,29158.18625,0.0,0.15384334110348827
1.0388344887,2023-04-28,0.8864020086,29338.1375,0.0,0.1563029249257017
1.0526157862,2023-04-29,0.8852361926,29312.93875,0.0,0.15755008118350322
1.011732693,2023-04-30,0.8859511387,29344.4666666667,0.0,0.15367490154445673
1.0178725643,2023-05-01,0.8575824091,28406.16875,0.0,0.1524499445709595
1.0138926379,2023-05-02,0.8535496908,28282.69875,0.0,0.15181041151766106
1.0735275609,2023-05-03,0.86105911,28576.5516666667,0.0,0.15800982261060081
1.0006229664,2023-05-04,0.8738656768,29007.77,0.0,0.15183672008278584
1.0164552219,2023-05-05,0.8825433902,29309.01625,0.0,0.15390993546865792
1.0136524081,2023-05-06,0.8780220147,29166.3704166667,0.0,0.15335205024158274
1.2899704834,2023-05-07,0.8671394479,28950.3979166667,0.0,0.1791565259317591
1.0592989314,2023-05-08,0.8389145645,28015.4683333333,0.0,0.15522937901247646
0.9957337551,2023-05-09,0.8301734604,27721.8416666667,0.0,0.14857428740200118
0.9927558575,2023-05-10,0.8313166123,27763.3820833333,0.0,0.1483617815722149
1.0040263742,2023-05-11,0.8169057523,27279.49125,0.0,0.14852129803588104
1.0205477585,2023-05-12,0.7935816827,26498.78125,0.0,0.14861451808227621
0.9849440213,2023-05-13,0.8033294996,26828.0233333333,0.0,0.14582318613018833
1.0123415291,2023-05-14,0.8049295013,26888.105,0.0,0.1485530413809012
1.0830736424,2023-05-15,0.8177353614,27347.0154166667,0.0,0.15615536450978929
1.0376753019,2023-05-16,0.8094199346,27068.0704166667,0.0,0.15126977869542818
1.0025595641,2023-05-17,0.8076954402,27014.86125,0.0,0.14779174736220746
0.9909553137,2023-05-18,0.8111711109,27133.9266666667,0.0,0.14690106501932595
0.9926694251,2023-05-19,0.8032883703,26869.6979166667,0.0,0.14656146090285607
1.0060145311,2023-05-20,0.8053324592,26944.1533333333,0.0,0.14797201474407862
1.0053195434,2023-05-21,0.806234656,26980.7016666667,0.0,0.14796304540974145
1.1054290928,2023-05-22,0.8002555211,26818.5441666667,0.0,0.15718176068993275
0.9990607241,2023-05-23,0.8127634764,27242.1425,0.0,0.14778022445955613
1.0121825815,2023-05-24,0.7936603284,26600.6158333333,0.0,0.1478172845670408
1.0520577742,2023-05-25,0.7844388187,26303.9420833333,0.0,0.15105192054162309
0.9893107643,2023-05-26,0.7928694947,26577.0854166667,0.0,0.14557320090927664
0.9936146527,2023-05-27,0.7974450715,26734.85625,0.0,0.14627851206475714
1.015441906,2023-05-28,0.8152195969,27343.8041666667,0.0,0.1495082969113765
1.0141949452,2023-05-29,0.8302022279,27860.57625,0.0,0.15034664615609925
1.0343781881,2023-05-30,0.8275826437,27789.1445833333,0.0,0.15211483160643105
1.0218109223,2023-05-31,0.8102109046,27204.0075,0.0,0.1497988781688522
1.0248639112,2023-06-01,0.8009546535,26899.1291666667,0.0,0.1494998613935645
1.0053823506,2023-06-02,0.8062954621,27085.0195833333,0.0,0.14797295666812135
0.9961149514,2023-06-03,0.8083109542,27156.6245833333,0.0,0.14721303101481692
1.0003814561,2023-06-04,0.8084259344,27165.9908333333,0.0,0.14762956136835897
1.0172972899,2023-06-05,0.7864708647,26423.4308333333,0.0,0.14784814031497384
1.0074475271,2023-06-06,0.7782687304,26152.8354166667,0.0,0.14637908249965478
0.9867674372,2023-06-07,0.7946776802,26709.2725,0.0,0.14544489254831866
1.010340551,2023-06-08,0.7879517617,26485.4708333333,0.0,0.1472756382053445
1.0012158568,2023-06-09,0.7889449641,26524.4629166667,0.0,0.1464640369078673
0.9850042801,2023-06-10,0.7682250904,25823.1920833333,0.0,0.14358450757932895
0.99248525,2023-06-11,0.7687604939,25844.9704166667,0.0,0.1443362014968495
0.984438255,2023-06-12,0.7696757541,25876.1291666667,0.0,0.14362297352226572
0.9912401091,2023-06-13,0.7730479086,25990.4983333333,0.0,0.1444909091777836
1.0140506337,2023-06-14,0.7676233382,25809.2154166667,0.0,0.1463317225717008
0.9929006246,2023-06-15,0.7473087397,25116.4783333333,0.0,0.14300448507689134
0.9744256803,2023-06-16,0.7671768723,25788.9433333333,0.0,0.14250294799259455
0.9779264866,2023-06-17,0.7874045543,26474.45125,0.0,0.14413198248105813
1.0423908802,2023-06-18,0.7882261629,26515.2266666667,0.0,0.15036696761514873
0.9653483784,2023-06-19,0.7886454453,26510.5658333333,0.0,0.1430050180718308
0.9632006827,2023-06-20,0.8104875643,27245.7079166667,0.0,0.14419555493889255
0.9967967956,2023-06-21,0.8713347244,29325.9304166667,0.0,0.15130795080478854
1.0387316288,2023-06-22,0.8940137141,30116.7870833333,0.0,0.15677972696053505
1.0549034485,2023-06-23,0.9012386829,30388.7516666667,0.0,0.15879262463713495
1.0495814402,2023-06-24,0.9079042862,30632.4704166667,0.0,0.15870839393404573
1.042138242,2023-06-25,0.907373569,30629.4320833333,0.0,0.1579606221356449
1.050830635,2023-06-26,0.8967816755,30294.6733333333,0.0,0.15811705563568976
1.0560605719,2023-06-27,0.9034061267,30555.02625,0.0,0.15904217755051414
1.0753064741,2023-06-28,0.8947078668,30288.8041666667,0.0,0.16033181734374682
0.9970805186,2023-06-29,0.8980108032,30403.0654166667,0.0,0.15304073985870276
1.0445559857,2023-06-30,0.9016997439,30552.055,0.0,0.15782973045346135
1.1384520505,2023-07-01,0.8997272472,30515.525,0.0,0.16670871277208338
1.030606543,2023-07-02,0.9002293074,30542.1158333333,0.0,0.15639789513507996
1.0237576993,2023-07-03,0.9084140291,30840.59875,0.0,0.15626436067699745
1.0283351244,2023-07-04,0.9122513816,30985.2633333333,0.0,0.15694870578029593
1.0313177291,2023-07-05,0.9002477979,30588.84,0.0,0.15646728362054851
0.9486167602,2023-07-06,0.8991116549,30519.6316666667,0.0,0.1484632104299148
1.0201437883,2023-07-07,0.8899328252,30210.3191666667,0.0,0.1547361428146271
1.0125897935,2023-07-08,0.8903202417,30235.0904166667,0.0,0.15403644745003886
1.0186555291,2023-07-09,0.8912324948,30278.1820833333,0.0,0.15467650789103424
1.0208462314,2023-07-10,0.8906385547,30272.8708333333,0.0,0.1548486325496996
1.0370630655,2023-07-11,0.8973736765,30521.7975,0.0,0.15683452816291288
1.0279977528,2023-07-12,0.8986164636,30574.4104166667,0.0,0.15604457944998357
0.9931241751,2023-07-13,0.9034341592,30745.4420833333,0.0,0.15300805805820206
1.0206882345,2023-07-14,0.910814334,31005.9229166667,0.0,0.15612345122759677
1.0211234952,2023-07-15,0.8906700769,30324.0366666667,0.0,0.15487723894300703
1.011617149,2023-07-16,0.8897564576,30302.025,0.0,0.1539071195747392
0.9838294681,2023-07-17,0.8864841434,30186.1254166667,0.0,0.15103292276584818
1.0352167509,2023-07-18,0.8787670545,29938.4133333333,0.0,0.15546781272868482
1.0285250105,2023-07-19,0.8799370701,29994.4283333333,0.0,0.15490084857668956
1.0171955855,2023-07-20,0.8796013015,29990.4620833333,0.0,0.15379283275998357
0.9718063598,2023-07-21,0.8760910177,29859.2979166667,0.0,0.14921534575634732
1.0175557857,2023-07-22,0.8767678912,29885.7716666667,0.0,0.15364621903139292
1.0161509786,2023-07-23,0.8784942769,29955.1341666667,0.0,0.15362187036697655
0.9933693075,2023-07-24,0.8623418998,29405.1808333333,0.0,0.15040426682965027
0.994148686,2023-07-25,0.8555099504,29175.0041666667,0.0,0.15004220125352263
0.9971760952,2023-07-26,0.8585855006,29284.8941666667,0.0,0.1505291850913944
0.9418153595,2023-07-27,0.8615533255,29352.2408333333,0.0,0.14540956939770588
0.8554733173,2023-07-28,0.8630034136,29269.9366666667,0.0,0.13722165416970408
1.0064241202,2023-07-29,0.8646763135,29328.18,0.0,0.15180554249703182
1.0007927299,2023-07-30,0.8638283834,29305.8770833333,0.0,0.15121125051492304
0.9913561349,2023-07-31,0.8645278173,29331.2879166667,0.0,0.1503509538194993
0.994459309,2023-08-01,0.8555792685,29031.24875,0.0,0.15007642350165895
0.9844202527,2023-08-02,0.8669135553,29413.63125,0.0,0.14983830445597518
1.0018081289,2023-08-03,0.8598650819,29177.42625,0.0,0.1510552321554252
1.007788974,2023-08-04,0.8586984225,29144.77125,0.0,0.15155423251551337
0.9995158346,2023-08-05,0.8552686475,29033.21,0.0,0.15054150926069645
1.0095564863,2023-08-06,0.8552554922,29041.7116666667,0.0,0.151503616323699
0.9968099348,2023-08-07,0.8554944672,29055.5016666667,0.0,0.15029643823484085
0.9993956764,2023-08-08,0.8670474445,29454.6129166667,0.0,0.15128308209579736
1.0266409668,2023-08-09,0.873931497,29698.68,0.0,0.15433618335258706
1.0032056867,2023-08-10,0.8676878112,29491.5941666667,0.0,0.15168942382106565
1.0165377674,2023-08-11,0.8643789292,29388.1966666667,0.0,0.15275647754481245
1.0225059441,2023-08-12,0.8645995661,29405.91,0.0,0.15334296199470185
1.0195312146,2023-08-13,0.8635333706,29378.4920833333,0.0,0.15298950177125992
1.0087103823,2023-08-14,0.8635385443,29386.8566666667,0.0,0.15195206121259155
1.0079063179,2023-08-15,0.86113738,29309.7654166667,0.0,0.1517214251024406
0.9995109521,2023-08-16,0.8546693705,29092.78125,0.0,0.1505027252522
0.9855641395,2023-08-17,0.8265523441,28128.09,0.0,0.14736744897969362
0.9415654338,2023-08-18,0.7728763772,26276.54875,0.0,0.13971589493881634
0.9711662968,2023-08-19,0.7650449514,26008.6791666667,0.0,0.14205404915042297
0.9875267885,2023-08-20,0.7684881797,26130.1429166667,0.0,0.14384324965716785
0.9562766949,2023-08-21,0.7668655284,26067.8983333333,0.0,0.14074246423058587
0.9702130667,2023-08-22,0.7643859024,25976.8825,0.0,0.1419204922953385
0.9787363535,2023-08-23,0.7700958715,26168.31125,0.0,0.143102993852735
0.9618964459,2023-08-24,0.7734545596,26275.1895833333,0.0,0.14170270661050816
0.9656962419,2023-08-25,0.7665617299,26034.6416666667,0.0,0.14162642153317143
0.9838643423,2023-08-26,0.7666275919,26038.3991666667,0.0,0.14337304323251082
1.0141323666,2023-08-27,0.767079683,26060.6058333333,0.0,0.1463048016790644
0.9798118232,2023-08-28,0.7662126485,26027.105,0.0,0.14295785652006276
0.9558599979,2023-08-29,0.7874965823,26735.55375,0.0,0.14202158101335674
1.0125271378,2023-08-30,0.8053026328,27346.26625,0.0,0.14859469894456734
0.9931288598,2023-08-31,0.7905741474,26843.5816666667,0.0,0.14579261838161411
0.9679341597,2023-09-01,0.762624939,25887.7383333333,0.0,0.14158934377278284
0.9847876095,2023-09-02,0.7606140154,25822.21875,0.0,0.14307710130089224
0.9796542384,2023-09-03,0.7630552787,25908.5795833333,0.0,0.14274087176941264
0.9862697614,2023-09-04,0.7624265229,25889.1816666667,0.0,0.14333513262397252
0.9699487166,2023-09-05,0.7576518257,25723.0970833333,0.0,0.14146458563393813
0.9801295349,2023-09-06,0.7576712209,25720.8908333333,0.0,0.14244221653659395
0.9807887851,2023-09-07,0.7611124498,25837.4720833333,0.0,0.1427254624754312
0.9950275405,2023-09-08,0.7662964032,26016.3633333333,0.0,0.14442247407380213
0.9784591461,2023-09-09,0.7619274611,25869.4754166667,0.0,0.14255414764772828
0.9916145465,2023-09-10,0.7602819108,25818.3704166667,0.0,0.1437106046823031
0.970545052,2023-09-11,0.7505606235,25484.3466666667,0.0,0.1410683895683306
0.9851877345,2023-09-12,0.7621563682,25879.7170833333,0.0,0.14321408811008968
0.9949506869,2023-09-13,0.768233678,26090.0745833333,0.0,0.14453896625797788
1.0323830756,2023-09-14,0.7787160612,26458.4020833333,0.0,0.14879912577998505
1.0098523757,2023-09-15,0.7796830445,26499.4733333333,0.0,0.1467001458561934
1.004442267,2023-09-16,0.781298282,26560.6875,0.0,0.14628456251285307
1.004530651,2023-09-17,0.7802331744,26531.18125,0.0,0.14622493958377225
1.03572077,2023-09-18,0.7899263198,26874.05625,0.0,0.14983597335516963
1.0744992302,2023-09-19,0.7951582961,27063.9829166667,0.0,0.15388953446284862
0.9960133906,2023-09-20,0.7971307741,27127.385,0.0,0.14648846777880736
0.9929673564,2023-09-21,0.7865772269,26769.3225,0.0,0.14552157977427888
0.9951352024,2023-09-22,0.7819459191,26615.4245833333,0.0,0.14543337671066509
0.9976176836,2023-09-23,0.7808517424,26583.2354166667,0.0,0.14560150096619937
1.0001013989,2023-09-24,0.7801449128,26565.0020833333,0.0,0.1457945092467449
0.9898738628,2023-09-25,0.7694920132,26203.9083333333,0.0,0.144132527425754
0.9949729814,2023-09-26,0.7704146051,26237.29875,0.0,0.1446805455426932
0.990571354,2023-09-27,0.7727198804,26317.7391666667,0.0,0.14440579923732177
1.0003285405,2023-09-28,0.7833163227,26684.94875,0.0,0.14601906251530564
1.0161090973,2023-09-29,0.7911581997,26959.8366666667,0.0,0.1480338791763668
1.0131404492,2023-09-30,0.7912751952,26969.9929166667,0.0,0.14775665143598865
1.0084485203,2023-10-01,0.7975709191,27192.145,0.0,0.147709199621505
1.02281565,2023-10-02,0.8226566616,28058.3716666667,0.0,0.15069097630211928
1.0085080134,2023-10-03,0.8059585683,27490.0333333333,0.0,0.14825118333844267
1.0208026209,2023-10-04,0.8064432243,27516.4145833333,0.0,0.14946128429040056
0.9962055863,2023-10-05,0.8099341606,27634.83375,0.0,0.1473255056992064
1.023640554,2023-10-06,0.8120499489,27717.5566666667,0.0,0.15009193119731282
1.0331049868,2023-10-07,0.8184641953,27947.7633333333,0.0,0.15140972242996564
1.0107879615,2023-10-08,0.817819996,27930.4795833333,0.0,0.1492282213695038
1.0265365324,2023-10-09,0.8099921337,27672.9975,0.0,0.15023810008039756
1.0007736417,2023-10-10,0.8053609437,27516.1770833333,0.0,0.1474712087272082
0.9976101361,2023-10-11,0.7909371381,27023.5183333333,0.0,0.14624560334995518
0.9811179454,2023-10-12,0.7833907638,26761.4279166667,0.0,0.14418143092464802
0.9925007523,2023-10-13,0.7849741664,26817.3858333333,0.0,0.1453743358446914
1.0756356004,2023-10-14,0.7866036349,26885.5691666667,0.0,0.15345156176758332
1.0045420158,2023-10-15,0.7884658965,26949.8291666667,0.0,0.1467524020417815
1.02550814,2023-10-16,0.8166056877,27929.5066666667,0.0,0.15056232052549096
1.0210308117,2023-10-17,0.8300703391,28401.7833333333,0.0,0.150993807044518
1.022985822,2023-10-18,0.829633947,28398.5508333333,0.0,0.15115340076281575
0.9787386998,2023-10-19,0.8327416878,28493.5579166667,0.0,0.1471085813335077
1.0462198518,2023-10-20,0.860087678,29449.7145833333,0.0,0.15532876812859964
1.0329496935,2023-10-21,0.8707926263,29827.4020833333,0.0,0.1547405326334016
1.0274797359,2023-10-22,0.8733260804,29926.0441666667,0.0,0.154377917160686
1.0798230222,2023-10-23,0.9032020863,31004.9145833333,0.0,0.16130806842996265
1.1551743712,2023-10-24,0.9900191121,34094.7720833333,0.0,0.17408542372671051
1.0833179329,2023-10-25,0.9961964402,34356.035,0.0,0.16758899337311167
1.1074967351,2023-10-26,0.9936722385,34330.035,0.0,0.16974647116185473
1.0486057883,2023-10-27,0.9823943295,33962.0991666667,0.0,0.16337746652401886
1.0520633186,2023-10-28,0.9855604406,34091.8004166667,0.0,0.16391149126203858
1.0520121741,2023-10-29,0.9914792634,34317.6270833333,0.0,0.1642850158425482
1.0531918105,2023-10-30,0.9944113699,34453.7408333333,0.0,0.16458561782111342
1.0579100478,2023-10-31,0.9924266651,34412.6620833333,0.0,0.16491122478000897
1.1271772288,2023-11-01,0.9968955357,34626.8758333333,0.0,0.17184001463061127
1.0706542805,2023-11-02,1.0117284339,35169.0925,0.0,0.1673675498160619
1.0471851753,2023-11-03,0.9926601413,34538.6820833333,0.0,0.16389758413363475
1.0506437858,2023-11-04,0.9993061453,34788.6920833333,0.0,0.16465420509747422
1.0352571476,2023-11-05,1.0060818776,35043.7520833333,0.0,0.16361176787508597
1.0450207057,2023-11-06,1.0048969398,35031.08375,0.0,0.16447238046542073
1.0556972448,2023-11-07,1.0028730648,34991.95875,0.0,0.16536691363168435
1.0487620501,2023-11-08,1.0139155479,35412.81,0.0,0.16540781332249138
1.114255612,2023-11-09,1.0465423703,36646.3433333333,0.0,0.17377501901580333
1.0751965443,2023-11-10,1.0542590544,36964.5641666667,0.0,0.1705224399864938
1.0399367987,2023-11-11,1.0573188258,37094.77375,0.0,0.16733648743133017
1.0369386468,2023-11-12,1.0564283536,37083.9158333333,0.0,0.1669920160397011
1.0444524829,2023-11-13,1.0499639872,36882.7341666667,0.0,0.16729932028113736
1.0202067254,2023-11-14,1.0298574253,36192.31625,0.0,0.1636884863596652
1.0502133646,2023-11-15,1.0322936747,36315.2175,0.0,0.166722037079731
1.0595925763,2023-11-16,1.0484362888,36912.3470833333,0.0,0.1686536542460544
1.0327079557,2023-11-17,1.0326083624,36377.3125,0.0,0.1650633018393977
1.0332204506,2023-11-18,1.035749936,36503.84125,0.0,0.16531331426854282
1.0364813933,2023-11-19,1.0398812511,36669.1566666667,0.0,0.16589019717548797
1.0576520467,2023-11-20,1.0574492856,37332.4170833333,0.0,0.16904380851099537
1.0806318066,2023-11-21,1.0497129244,37108.57875,0.0,0.1707530442913675
1.0347229098,2023-11-22,1.0374361495,36702.3625,0.0,0.16556521834923926
1.0384491659,2023-11-23,1.0540188473,37308.1975,0.0,0.16698282657793603
1.0369105571,2023-11-24,1.0626734573,37646.85,0.0,0.16738861299118368
1.0346769341,2023-11-25,1.0658939437,37781.9708333333,0.0,0.1673803045474264
1.0426271714,2023-11-26,1.0604712601,37609.7083333333,0.0,0.16779606351190554
1.0175107347,2023-11-27,1.046802042,37138.29,0.0,0.1645133092250172
1.0465982252,2023-11-28,1.0550970938,37465.9729166667,0.0,0.16783330112665967
1.0536693084,2023-11-29,1.0683348885,37971.60375,0.0,0.16935783298469287
1.0313164173,2023-11-30,1.0623055503,37771.6079166667,0.0,0.16682858457625915
1.0807790273,2023-12-01,1.0792810843,38425.6308333333,0.0,0.1726576520224107
1.0613731989,2023-12-02,1.0925771332,38928.1029166667,0.0,0.17164664165552085
1.06784016,2023-12-03,1.109333337,39560.36375,0.0,0.17333819044098042
1.1326961831,2023-12-04,1.1593694305,41476.9745833333,0.0,0.18275734315695263
1.1033649339,2023-12-05,1.1839121045,42443.5954166667,0.0,0.18151350715718578
1.1525697712,2023-12-06,1.2199471522,43880.5720833333,0.0,0.1885364540263339
1.0837251484,2023-12-07,1.2090584305,43558.0466666667,0.0,0.18123772594472876
1.0777035182,2023-12-08,1.2109279952,43686.2379166667,0.0,0.18077975548879094
1.0847759967,2023-12-09,1.218890319,44019.5758333333,0.0,0.1819671253251517
1.0502361751,2023-12-10,1.2126674694,43824.2704166667,0.0,0.17825671752667616
1.0425005039,2023-12-11,1.1587564211,41912.2854166667,0.0,0.17406793757274103
1.1006463453,2023-12-12,1.1457834198,41523.4195833333,0.0,0.17881496140628456
1.0428929336,2023-12-13,1.1481039569,41638.14625,0.0,0.1734244908463518
1.0653348636,2023-12-14,1.1809622112,42882.8716666667,0.0,0.17767762904251683
1.0899413958,2023-12-15,1.1674170112,42457.6779166667,0.0,0.1791714827493977
1.0575857442,2023-12-16,1.1615238287,42274.3375,0.0,0.1756916254627111
1.0207106244,2023-12-17,1.1507290724,41896.5575,0.0,0.1714649387012704
1.0567840501,2023-12-18,1.1354881577,41393.9358333333,0.0,0.1739501059353206
1.0757373189,2023-12-19,1.1696331592,42693.46875,0.0,0.17795093454549243
1.0807596856,2023-12-20,1.181408255,43193.5420833333,0.0,0.1791854643160245
1.0536397965,2023-12-21,1.194665655,43725.6266666667,0.0,0.17743216628651173
1.0662639559,2023-12-22,1.1954695003,43809.135,0.0,0.17869428078454191
1.0655820203,2023-12-23,1.1917651971,43701.38375,0.0,0.1783920391190988
1.1389736824,2023-12-24,1.1883904168,43633.7691666667,0.0,0.18521489049516066
1.0310819846,2023-12-25,1.1804923697,43360.3741666667,0.0,0.17436256841660142
1.0670412056,2023-12-26,1.1603531215,42684.2708333333,0.0,0.1765235999120042
1.174174576,2023-12-27,1.1622977356,42864.4904166667,0.0,0.18692255219083545
1.0413373252,2023-12-28,1.1631458295,42909.13375,0.0,0.17423702696770887
1.0583395275,2023-12-29,1.1480489059,42407.34,0.0,0.17490237583930207
1.0430796174,2023-12-30,1.1392901798,42093.4320833333,0.0,0.17287887152952025
1.0400225657,2023-12-31,1.1472302318,42415.6304166667,0.0,0.17309334532562098
1.0328164239,2024-01-01,1.1581131827,42847.4733333333,0.0,0.1730980598977268
1.1210491207,2024-01-02,1.2211736413,45279.3608333333,0.0,0.18559188529387688
1.0670439666,2024-01-03,1.1827403297,43921.6079166667,0.0,0.17795522738198777
1.2409048427,2024-01-04,1.1640400243,43524.1995833333,0.0,0.19343371094845763
1.0688725717,2024-01-05,1.1694740585,43781.9004166667,0.0,0.17728239896670006
1.0375052782,2024-01-06,1.1704932464,43846.2008333333,0.0,0.17433928378879987
1.0432448619,2024-01-07,1.176215844,44085.84625,0.0,0.17525562187183233
1.0711630461,2024-01-08,1.1969854674,44934.4125,0.0,0.17926105359977432
1.1003578301,2024-01-09,1.2389017693,46614.2754166667,0.0,0.18474096495018832
1.0595616979,2024-01-10,1.21715856,45856.94625,0.0,0.1794382264998401
1.0787806123,2024-01-11,1.2343706813,46595.51875,0.0,0.18238190051906294
1.0160013626,2024-01-12,1.1927271056,45026.8816666667,0.0,0.1736985099620535
1.0010517758,2024-01-13,1.1348042187,42847.44375,0.0,0.16856137636985802
1.020001139,2024-01-14,1.1314266405,42734.6154166667,0.0,0.17016276307012404
1.0132122433,2024-01-15,1.127288979,42592.6966666667,0.0,0.16924712625045735
1.2300316798,2024-01-16,1.1313565461,42922.51375,0.0,0.19030124934228665
1.0231192355,2024-01-17,1.1266398428,42693.18375,0.0,0.17015575222988943
1.0895654694,2024-01-18,1.1111598015,42177.0995833333,0.0,0.17553853307363326
1.0279133816,2024-01-19,1.0871649343,41281.42125,0.0,0.16809164188705128
1.0109731336,2024-01-20,1.0953404586,41596.5845833333,0.0,0.16698970378421762
1.0135403289,2024-01-21,1.0972238728,41681.8870833333,0.0,0.16735632967254074
1.0062783284,2024-01-22,1.0708769226,40680.9104166667,0.0,0.16497533265917802
1.0116268257,2024-01-23,1.0373848258,39407.6054166667,0.0,0.16334690816453895
1.1080252873,2024-01-24,1.0492784692,39915.8266666667,0.0,0.17335243700256614
1.0425625564,2024-01-25,1.0500076493,39945.2595833333,0.0,0.16712085858801673
1.0255156359,2024-01-26,1.0761372622,40961.31625,0.0,0.16715661400780002
1.0517563325,2024-01-27,1.098211799,41821.9891666667,0.0,0.1710845981433941
1.027098334,2024-01-28,1.1087409808,42245.1458333333,0.0,0.1693929745201076
1.0338939249,2024-01-29,1.1140621324,42488.4654166667,0.0,0.170384921812741
1.1015221402,2024-01-30,1.1353770583,43406.2558333333,0.0,0.1782336067713466
1.0684266732,2024-01-31,1.1207787145,42901.9154166667,0.0,0.17412621883956658
1.0064552946,2024-02-01,1.1086881272,42446.8291666667,0.0,0.16740982564055898
1.0326474174,2024-02-02,1.1233747047,43036.505,0.0,0.17086079007864896
1.016040784,2024-02-03,1.1242430465,43084.9408333333,0.0,0.16932365063301452
1.0260182085,2024-02-04,1.1180358838,42865.07125,0.0,0.16988366992737858
1.0306051907,2024-02-05,1.1145397033,42757.7729166667,0.0,0.1701000502083291
1.0600327497,2024-02-06,1.1178040916,42935.265,0.0,0.17313101268404874
1.0408685782,2024-02-07,1.1258815226,43275.0666666667,0.0,0.17180951756078613
1.0679349382,2024-02-08,1.166736554,44911.0016666667,0.0,0.17701744845974296
1.0811075537,2024-02-09,1.2139717529,46821.3175,0.0,0.1813008269466313
1.0599472368,2024-02-10,1.227255985,47378.0329166667,0.0,0.180120796926851
1.0719385526,2024-02-11,1.2458603514,48147.5170833333,0.0,0.18246032394744283
1.0988280572,2024-02-12,1.2597301766,48806.285,0.0,0.1859259503593962
1.0710143425,2024-02-13,1.2789148871,49629.8941666667,0.0,0.18448508328854135
1.1662207027,2024-02-14,1.3057585812,50939.02875,0.0,0.19533213958450907
1.0885275783,2024-02-15,1.3322366892,52072.05375,0.0,0.18957390563964577
1.0783298497,2024-02-16,1.3298929477,52063.1529166667,0.0,0.18844604208317892
1.0600463507,2024-02-17,1.3178849996,51629.9833333333,0.0,0.18592481633135108
1.0626753664,2024-02-18,1.319562161,51748.4125,0.0,0.18628418399262892
1.2106704199,2024-02-19,1.3249964875,52103.82375,0.0,0.20082509427624123
1.0453997637,2024-02-20,1.3186067935,51904.3820833333,0.0,0.1845662852526663
1.0595927178,2024-02-21,1.30548258,51460.005,0.0,0.18508834176300404
1.0873559282,2024-02-22,1.3057627861,51562.03875,0.0,0.18776888641750414
1.0976380572,2024-02-23,1.2909885303,51072.10125,0.0,0.18781037730796293
1.037824942,2024-02-24,1.2921722376,51151.2945833333,0.0,0.1821496859253744
1.0677318896,2024-02-25,1.3033721586,51633.2495833333,0.0,0.18573399536771784
1.0889565212,2024-02-26,1.3187196371,52371.71875,0.0,0.18875080860938875
1.1639799447,2024-02-27,1.4163954765,56547.4425,0.0,0.20219099018991035
1.3023792608,2024-02-28,1.4696007222,59473.73625,0.0,0.21886593343484084
1.1704305096,2024-02-29,1.5274461782,62114.5608333333,0.0,0.20990983904413094
1.2431164473,2024-03-01,1.5133324642,61881.6825,0.0,0.2159783967145673
1.0809685127,2024-03-02,1.5153950664,62011.1891666667,0.0,0.20055948348610222
1.103524754,2024-03-03,1.5183858743,62228.6020833333,0.0,0.2029139607932058
1.2169992298,2024-03-04,1.5873174503,65516.445,0.0,0.21820397713361234
1.2408380151,2024-03-05,1.5903683392,66143.42625,0.0,0.22068529813173368
1.3847711255,2024-03-06,1.5620021094,65923.3204166667,0.0,0.2326755542721073
1.2462207855,2024-03-07,1.5730290496,66838.8125,0.0,0.22009291667526976
1.1857898992,2024-03-08,1.5868109649,67810.78875,0.0,0.2151784649679958
1.1283535151,2024-03-09,1.5972976365,68391.0025,0.0,0.21034051405385892
1.141060214,2024-03-10,1.6165883377,69374.0220833333,0.0,0.2127925317877537
1.2067957409,2024-03-11,1.6390130958,70957.7816666667,0.0,0.220530657497948
1.1438705542,2024-03-12,1.6475229461,71679.4725,0.0,0.21503991196707817
1.3293811368,2024-03-13,1.6419276792,72726.2979166667,0.0,0.23247355203203107
1.1212465887,2024-03-14,1.6223601951,72129.6666666667,0.0,0.2112613402230713
1.0540469639,2024-03-15,1.5402061563,68563.2408333333,0.0,0.1995639112837797
1.0737079362,2024-03-16,1.529258853,68124.7020833333,0.0,0.20074956209429684
1.15595674,2024-03-17,1.5007143694,67026.22125,0.0,0.20681259113545358
1.0589216004,2024-03-18,1.5139165473,67717.2604166667,0.0,0.19835054400113883
0.9959680243,2024-03-19,1.4395156533,64360.7929166667,0.0,0.18755604209760124
1.0255008472,2024-03-20,1.4286319628,63950.2366666667,0.0,0.18969251940428636
1.0891807551,2024-03-21,1.4839557603,66583.1391666667,0.0,0.1993369548354521
1.1170182765,2024-03-22,1.4368398373,64598.48875,0.0,0.19899427745135106
1.8277460792,2024-03-23,1.4268020154,64563.3604166667,0.0,0.26651480514284265
1.0877164442,2024-03-24,1.4411574065,65275.3708333333,0.0,0.19646013760930206
1.3345881665,2024-03-25,1.4969697336,68431.4091666667,0.0,0.22370480921792407
1.0344410614,2024-03-26,1.536524276,70330.8970833333,0.0,0.19744820122151846
1.0607457295,2024-03-27,1.5211784439,69718.0179166667,0.0,0.19898978821111496
1.1575712834,2024-03-28,1.53098811,70447.3091666667,0.0,0.20890303482525485
1.0478724516,2024-03-29,1.5201272841,70001.5658333333,0.0,0.19768796956055895
1.050077074,2024-03-30,1.5187405927,69999.77,0.0,0.19781074337809895
1.0554053792,2024-03-31,1.5274089662,70465.52375,0.0,0.1988759808060081
1.1084740538,2024-04-01,1.5042186968,69680.0516666667,0.0,0.2024828215236138
1.1110581867,2024-04-02,1.4274770945,66281.3170833333,0.0,0.19782405312098192
1.0544811361,2024-04-03,1.4213969912,66084.4079166667,0.0,0.1920092927620281
1.0374151677,2024-04-04,1.4393128309,66990.8879166667,0.0,0.19151806040533703
1.0340203167,2024-04-05,1.4499249315,67536.6391666667,0.0,0.19187097936363623
1.0661358508,2024-04-06,1.4600077323,68089.0541666667,0.0,0.19559567827474222
1.0660997453,2024-04-07,1.4869153473,69406.0979166667,0.0,0.19731259783798388
1.0826511856,2024-04-08,1.5204820577,71151.97875,0.0,0.20104610522845318
1.0444730906,2024-04-09,1.4961801293,70093.1508333333,0.0,0.19583085361718128
1.0345157125,2024-04-10,1.4775457459,69285.8820833333,0.0,0.19368447209793305
1.0576102675,2024-04-11,1.4998516574,70413.7908333333,0.0,0.197325519009187
1.051278789,2024-04-12,1.4774015473,69437.2575,0.0,0.1952829144875564
0.9885820109,2024-04-13,1.4147832613,66484.6554166667,0.0,0.18526638104598267
1.0023191761,2024-04-14,1.3673860888,64278.6204166667,0.0,0.18355342760305038
1.0212693471,2024-04-15,1.3806970693,64940.6641666667,0.0,0.18622190199979227
1.0388492488,2024-04-16,1.3387661954,63018.1683333333,0.0,0.1852269827151517
0.9955730687,2024-04-17,1.3274833497,62470.7175,0.0,0.18035519581324916
1.041688576,2024-04-18,1.3262269797,62465.815,0.0,0.18469757302867434
1.0522090108,2024-04-19,1.3534730985,63833.9045833333,0.0,0.18744855982194888
1.0280653711,2024-04-20,1.3615526774,64238.1016666667,0.0,0.18564964639464804
1.0420140408,2024-04-21,1.3756172002,64937.9575,0.0,0.18788663103077569
1.0533800517,2024-04-22,1.3978326184,66066.545,0.0,0.19039706670563594
1.0266394216,2024-04-23,1.4057744052,66488.70375,0.0,0.18834027908911677
1.2336604846,2024-04-24,1.3821286393,65686.3054166667,0.0,0.20668279253629654
1.0176597433,2024-04-25,1.3500718696,64185.41875,0.0,0.1839176510372874
1.0089813945,2024-04-26,1.348395208,64122.6883333333,0.0,0.1829781543615379
1.0464317508,2024-04-27,1.3251676892,63050.9945833333,0.0,0.18508473949007923
1.1100769032,2024-04-28,1.3366536407,63666.07875,0.0,0.19192299750035868
1.0288670844,2024-04-29,1.3174005127,62790.0233333333,0.0,0.18290359399081452
1.0274909921,2024-04-30,1.2935755861,61678.0833333333,0.0,0.18124833438412047
0.9522064062,2024-05-01,1.2230623717,58241.6608333333,0.0,0.16951979277713347
0.987657966,2024-05-02,1.2251825872,58338.9045833333,0.0,0.1730553321755134
1.0205295515,2024-05-03,1.2734885122,60678.35125,0.0,0.17929639795497088
1.0556258924,2024-05-04,1.3318830125,63503.1045833333,0.0,0.18639585830228367
1.0230923342,2024-05-05,1.3368731038,63772.8545833333,0.0,0.1835947787568047
1.0540105997,2024-05-06,1.3378692143,63881.0604166667,0.0,0.18662368131894036
1.0245222292,2024-05-07,1.3291109916,63494.0329166667,0.0,0.18323562945510685
1.0495729085,2024-05-08,1.3024801963,62273.0183333333,0.0,0.18393543018406666
1.0190943651,2024-05-09,1.2914512321,61779.1358333333,0.0,0.1803072322787401
1.0094200762,2024-05-10,1.2971298116,62063.9379166667,0.0,0.17974248935884324
1.034013238,2024-05-11,1.2724377445,60908.7025,0.0,0.18052236764634583
1.0548777693,2024-05-12,1.2767415108,61146.9683333333,0.0,0.18279854773278287
1.0374014211,2024-05-13,1.3014170988,62382.5966666667,0.0,0.18270015345785534
1.032864647,2024-05-14,1.2904308262,61891.0516666667,0.0,0.18156262911795845
1.1470569105,2024-05-15,1.324136051,63665.3841666667,0.0,0.19466923062108055
1.0645727923,2024-05-16,1.3666213194,65797.8916666667,0.0,0.189474960582608
1.0502181558,2024-05-17,1.376153234,66342.4716666667,0.0,0.188707718440003
1.0479357372,2024-05-18,1.3882506159,66960.7958333333,0.0,0.1892622890514512
1.0459016194,2024-05-19,1.3849899695,66852.17625,0.0,0.1888587323451024
1.0793975613,2024-05-20,1.4008109844,67742.7691666667,0.0,0.19308270127223584
1.1090581279,2024-05-21,1.4548220707,70542.5679166667,0.0,0.19938058324897476
1.0597105725,2024-05-22,1.4376999656,69812.7375,0.0,0.19355317884575252
1.0554565845,2024-05-23,1.4135147842,68709.74125,0.0,0.1915988813263204
1.0329499901,2024-05-24,1.3963865393,67932.6579166667,0.0,0.1883452653055911
1.0382121919,2024-05-25,1.4165758126,68957.1541666667,0.0,0.19014077061313855
1.0576593096,2024-05-26,1.4152862968,68959.5429166667,0.0,0.1919233981081094
1.0927003092,2024-05-27,1.4167253361,69125.8795833333,0.0,0.19537601064074428
1.9695761949,2024-05-28,1.3860737257,68168.32,0.0,0.27751298522220746
1.0303411092,2024-05-29,1.3819787872,67895.2829166667,0.0,0.18717387758747572
1.0309892809,2024-05-30,1.3870183965,68201.9291666667,0.0,0.18755825610166343
1.0278093119,2024-05-31,1.380835607,67941.5579166667,0.0,0.18685797461079512
1.0364444586,2024-06-01,1.3743718552,67655.3641666667,0.0,0.1872728573812853
1.0546730052,2024-06-02,1.376938294,67819.3654166667,0.0,0.18918515462711702
1.0725674824,2024-06-03,1.3972829449,68961.665,0.0,0.19220209195700194
1.0545636022,2024-06-04,1.4088650323,69630.02625,0.0,0.1912159504333702
1.0646264352,2024-06-05,1.4357929697,71079.0229166667,0.0,0.19390270750343747
1.1353864159,2024-06-06,1.4303441097,70998.66875,0.0,0.2003405579454028
1.062768186,2024-06-07,1.4210265734,70621.2416666667,0.0,0.19278037857670305
1.0394817676,2024-06-08,1.3955165512,69390.4958333333,0.0,0.18891607097179497
1.0498655618,2024-06-09,1.3963352639,69470.5333333333,0.0,0.18996427393565685
1.0374448003,2024-06-10,1.3973899928,69578.97,0.0,0.18884049727579588
1.1313997982,2024-06-11,1.3516788073,67425.6308333333,0.0,0.19492862715108056
1.0523594408,2024-06-12,1.3664317414,68198.2091666667,0.0,0.1882915187763085
1.0213513184,2024-06-13,1.3485270481,67328.52875,0.0,0.18417292066872815
1.0156621679,2024-06-14,1.3305123087,66456.8016666667,0.0,0.18247550124096398
1.0420289474,2024-06-15,1.3240319059,66167.07125,0.0,0.18458987070551489
1.0248637423,2024-06-16,1.3284494816,66409.4379166667,0.0,0.18322608752987446
1.0162050781,2024-06-17,1.3224861932,66146.6708333333,0.0,0.1820144062274294
0.995322984,2024-06-18,1.3026300891,65153.5033333333,0.0,0.17874217769388434
1.0321373741,2024-06-19,1.3012213937,65126.2941666667,0.0,0.18218279258479
1.0133018372,2024-06-20,1.3038513113,65281.5045833333,0.0,0.1805445194896697
1.038972926,2024-06-21,1.2803487778,64152.4358333333,0.0,0.1815038310801136
1.2763519001,2024-06-22,1.2802302803,64279.0395833333,0.0,0.20426207266574653
1.007984896,2024-06-23,1.278023298,64167.34375,0.0,0.17838324236251682
0.9794569336,2024-06-24,1.2235487224,61390.4075,0.0,0.17216434878700343
0.9950281512,2024-06-25,1.2221430005,61315.1454166667,0.0,0.17356782846195487
1.0048295127,2024-06-26,1.2245361064,61440.6679166667,0.0,0.174660834646168
1.0708175672,2024-06-27,1.2190718378,61268.9191666667,0.0,0.18064004858512628
1.0115448173,2024-06-28,1.2164728497,61116.9954166667,0.0,0.17478932810687042
1.0100421493,2024-06-29,1.211462525,60877.5529166667,0.0,0.17432487152904053
1.0219518792,2024-06-30,1.2228655455,61478.7766666667,0.0,0.1761961442605799
1.0457722891,2024-07-01,1.2538255807,63093.7504166667,0.0,0.18046011976370202
1.0012508758,2024-07-02,1.2407538106,62440.53875,0.0,0.17535453103804216
1.061621702,2024-07-03,1.2014809982,60519.9858333333,0.0,0.17863342059533105
1.0099132585,2024-07-04,1.1559242794,58217.0758333333,0.0,0.17076158193196384
0.9959199707,2024-07-05,1.1077716143,55770.91125,0.0,0.16634083721353013
0.999195626,2024-07-06,1.1340001585,57075.13875,0.0,0.16833195352122254
1.0238909644,2024-07-07,1.1385909204,57322.2579166667,0.0,0.17099387649119713
0.9564853665,2024-07-08,1.1178980405,56242.5958333333,0.0,0.1632063131682783
1.0485632808,2024-07-09,1.1404230886,57422.0033333333,0.0,0.17347721634919147
1.0368834279,2024-07-10,1.153316048,58094.5529166667,0.0,0.17318139306797642
1.0033281301,2024-07-11,1.1496454952,57919.4679166667,0.0,0.1697285912317636
1.0090272777,2024-07-12,1.1413321319,57520.1041666667,0.0,0.16974363923582575
1.0298361788,2024-07-13,1.1593834452,58457.4870833333,0.0,0.17289345595464356
1.0473285847,2024-07-14,1.1909590162,60091.8941666667,0.0,0.17658989985538037
1.0835137615,2024-07-15,1.2452680417,62952.3504166667,0.0,0.18353257345595725
1.0349011748,2024-07-16,1.2681678998,64185.2629166667,0.0,0.18033452569176509
1.0585200481,2024-07-17,1.2830092486,65006.905,0.0,0.18354859832862802
1.0618504285,2024-07-18,1.2684901111,64334.5533333333,0.0,0.18293969354312212
1.1070365543,2024-07-19,1.2814241204,65135.4195833333,0.0,0.18810022352435063
1.0531127451,2024-07-20,1.3135675124,66805.4079166667,0.0,0.18498380366692424
1.043920556,2024-07-21,1.3206039888,67215.1095833333,0.0,0.18455211585620088
1.052261233,2024-07-22,1.32592762,67572.9379166667,0.0,0.1856924030865491
1.1232409135,2024-07-23,1.3017327379,66544.3975,0.0,0.19095276632290692
1.0208559107,2024-07-24,1.2919484193,66035.0941666667,0.0,0.1805079616907383
1.0029019482,2024-07-25,1.26451297,64646.6083333333,0.0,0.1770319576634195
1.0542879393,2024-07-26,1.3146120263,67298.0483333333,0.0,0.18516329330443132
1.0604855596,2024-07-27,1.3322991555,68273.4345833333,0.0,0.18688853120882082
1.0323795334,2024-07-28,1.3229848399,67824.995,0.0,0.1835974982950232
1.0507425504,2024-07-29,1.3345957337,68531.3379166667,0.0,0.18610096390203856
1.0113769004,2024-07-30,1.2919582054,66365.4475,0.0,0.17959950340110598
1.014036976,2024-07-31,1.2847916316,65968.1841666667,0.0,0.17939641122368558
1.0158030362,2024-08-01,1.2491753512,64171.13875,0.0,0.17728860014540426
1.0026315286,2024-08-02,1.2407048678,63727.53875,0.0,0.1754838132338156
1.0008006989,2024-08-03,1.192330019,61245.4825,0.0,0.17221530273685998
0.9901970325,2024-08-04,1.1662717148,59899.1845833333,0.0,0.16953227848553132
0.9044893386,2024-08-05,1.0414290842,53324.6691666667,0.0,0.15333046940672246
0.9723710314,2024-08-06,1.0926020967,55908.5066666667,0.0,0.16311248958565835
1.0204110839,2024-08-07,1.1013828977,56374.98,0.0,0.16828118310785983
1.0375540035,2024-08-08,1.1389644754,58346.1729166667,0.0,0.1723281133794754
1.0415173918,2024-08-09,1.1846525322,60745.7166666667,0.0,0.17562936236634585
1.1016172315,2024-08-10,1.182377637,60726.8141666667,0.0,0.18124778516845763
1.0034709581,2024-08-11,1.1767227427,60429.6370833333,0.0,0.17147351713343745
1.0081397515,2024-08-12,1.1478620039,58966.67,0.0,0.1700760191011762
0.9856028546,2024-08-13,1.1644607035,59811.69875,0.0,0.16897588413602152
0.9981805246,2024-08-14,1.1703646677,60113.42375,0.0,0.17055962449228518
0.9868236115,2024-08-15,1.1366549633,58375.72625,0.0,0.16731515540267375
0.993107479,2024-08-16,1.1383653285,58471.5583333333,0.0,0.1680271643710357
1.0028596942,2024-08-17,1.1546487222,59320.275,0.0,0.1700035553916156
1.0172463698,2024-08-18,1.1601661339,59624.2991666667,0.0,0.1717360734692991
0.9931230007,2024-08-19,1.1412766973,58659.02125,0.0,0.16821479609238232
1.0035514468,2024-08-20,1.1693872242,60108.4879166667,0.0,0.17101222805624272
1.0146040127,2024-08-21,1.1653571933,59927.98,0.0,0.1718145572027096
1.0314638183,2024-08-22,1.1800652978,60719.3045833333,0.0,0.17437188261873413
1.0519915358,2024-08-23,1.2000842389,61826.0795833333,0.0,0.17762053593248844
1.0539860539,2024-08-24,1.243046633,64100.7004166667,0.0,0.1805586908362024
1.0269373815,2024-08-25,1.2432169195,64133.6783333333,0.0,0.1779754768899492
1.0383317509,2024-08-26,1.2330176685,63679.0033333333,0.0,0.1784161475320326
0.9886433119,2024-08-27,1.2040337778,62136.5108333333,0.0,0.17179764809282172
0.9725632356,2024-08-28,1.1500501832,59320.9608333333,0.0,0.16680396004445974
1.0878728817,2024-08-29,1.1564634406,59704.97,0.0,0.17827276760956062
1.0002122307,2024-08-30,1.1449303754,59115.59125,0.0,0.1691282921889568
1.0234929218,2024-08-31,1.144058254,59093.2770833333,0.0,0.17130526512931699
0.9835428696,2024-09-01,1.1276646464,58241.78125,0.0,0.166425705447951
0.9865824899,2024-09-02,1.127875941,58257.5758333333,0.0,0.16673072953648632
0.9912766562,2024-09-03,1.1339976416,58566.18625,0.0,0.1675723242205978
0.9968714865,2024-09-04,1.1073511208,57193.275,0.0,0.1664052073479734
0.980290642,2024-09-05,1.0997682636,56789.4679166667,0.0,0.164330199990955
0.9786527002,2024-09-06,1.070113388,55234.1608333333,0.0,0.1622770804221701
0.9747927866,2024-09-07,1.0508967916,54235.885,0.0,0.16067825117436857
0.9799324776,2024-09-08,1.05319621,54361.8275,0.0,0.16131819003346587
1.0413925711,2024-09-09,1.0783949092,55721.4791666667,0.0,0.16882363697961889
0.9928963421,2024-09-10,1.1054845117,57117.2975,0.0,0.16590462663739802
0.9873590618,2024-09-11,1.101194889,56891.5220833333,0.0,0.1650993100390465
1.0203156103,2024-09-12,1.122532248,58020.82875,0.0,0.1696242449295935
1.0516238976,2024-09-13,1.135367511,58755.9858333333,0.0,0.17344750804001197
1.027905435,2024-09-14,1.1598714863,60044.0570833333,0.0,0.17273949177681064
1.0201757463,2024-09-15,1.1588710605,60012.31625,0.0,0.17193421253663282
1.0071638654,2024-09-16,1.1262924723,58335.3766666667,0.0,0.16860334360740098
1.0359068146,2024-09-17,1.1454149813,59370.62875,0.0,0.17258256343281422
